Archetype,Attribute,Level,Cost
MAGICIAN,Acceleration,40,1
MAGICIAN,Acceleration,41,1
MAGICIAN,Acceleration,42,1
MAGICIAN,Acceleration,43,1
MAGICIAN,Acceleration,44,1
MAGICIAN,Acceleration,45,1
MAGICIAN,Acceleration,46,1
MAGICIAN,Acceleration,47,1
MAGICIAN,Acceleration,48,1
MAGICIAN,Acceleration,49,1
MAGICIAN,Acceleration,50,1
MAGICIAN,Acceleration,51,1
MAGICIAN,Acceleration,52,1
MAGICIAN,Acceleration,53,1
MAGICIAN,Acceleration,54,1
MAGICIAN,Acceleration,55,1
MAGICIAN,Acceleration,56,1
MAGICIAN,Acceleration,57,1
MAGICIAN,Acceleration,58,1
MAGICIAN,Acceleration,59,1
MAGICIAN,Acceleration,60,2
MAGICIAN,Acceleration,61,2
MAGICIAN,Acceleration,62,2
MAGICIAN,Acceleration,63,2
MAGICIAN,Acceleration,64,3
MAGICIAN,Acceleration,65,3
MAGICIAN,Acceleration,66,3
MAGICIAN,Acceleration,67,3
MAGICIAN,Acceleration,68,3
MAGICIAN,Acceleration,69,3
MAGICIAN,Acceleration,70,4
MAGICIAN,Acceleration,71,4
MAGICIAN,Acceleration,72,4
MAGICIAN,Acceleration,73,4
MAGICIAN,Acceleration,74,4
MAGICIAN,Acceleration,75,6
MAGICIAN,Acceleration,76,6
MAGICIAN,Acceleration,77,6
MAGICIAN,Acceleration,78,6
MAGICIAN,Acceleration,79,6
MAGICIAN,Acceleration,80,7
MAGICIAN,Acceleration,81,7
MAGICIAN,Acceleration,82,7
MAGICIAN,Acceleration,83,7
MAGICIAN,Acceleration,84,7
MAGICIAN,Acceleration,85,11
MAGICIAN,Acceleration,86,11
MAGICIAN,Acceleration,87,11
MAGICIAN,Acceleration,88,11
MAGICIAN,Acceleration,89,11
MAGICIAN,Acceleration,90,15
MAGICIAN,Acceleration,91,15
MAGICIAN,Acceleration,92,15
MAGICIAN,Acceleration,93,15
MAGICIAN,Acceleration,94,15
MAGICIAN,Acceleration,95,18
MAGICIAN,Acceleration,96,22
MAGICIAN,Acceleration,97,26
MAGICIAN,Acceleration,98,30
MAGICIAN,Acceleration,99,33
MAGICIAN,SprintSpeed,40,2
MAGICIAN,SprintSpeed,41,2
MAGICIAN,SprintSpeed,42,2
MAGICIAN,SprintSpeed,43,2
MAGICIAN,SprintSpeed,44,2
MAGICIAN,SprintSpeed,45,2
MAGICIAN,SprintSpeed,46,2
MAGICIAN,SprintSpeed,47,2
MAGICIAN,SprintSpeed,48,2
MAGICIAN,SprintSpeed,49,2
MAGICIAN,SprintSpeed,50,2
MAGICIAN,SprintSpeed,51,2
MAGICIAN,SprintSpeed,52,2
MAGICIAN,SprintSpeed,53,2
MAGICIAN,SprintSpeed,54,2
MAGICIAN,SprintSpeed,55,2
MAGICIAN,SprintSpeed,56,2
MAGICIAN,SprintSpeed,57,2
MAGICIAN,SprintSpeed,58,2
MAGICIAN,SprintSpeed,59,2
MAGICIAN,SprintSpeed,60,3
MAGICIAN,SprintSpeed,61,3
MAGICIAN,SprintSpeed,62,3
MAGICIAN,SprintSpeed,63,3
MAGICIAN,SprintSpeed,64,4
MAGICIAN,SprintSpeed,65,4
MAGICIAN,SprintSpeed,66,4
MAGICIAN,SprintSpeed,67,5
MAGICIAN,SprintSpeed,68,5
MAGICIAN,SprintSpeed,69,5
MAGICIAN,SprintSpeed,70,6
MAGICIAN,SprintSpeed,71,6
MAGICIAN,SprintSpeed,72,6
MAGICIAN,SprintSpeed,73,6
MAGICIAN,SprintSpeed,74,6
MAGICIAN,SprintSpeed,75,8
MAGICIAN,SprintSpeed,76,8
MAGICIAN,SprintSpeed,77,8
MAGICIAN,SprintSpeed,78,8
MAGICIAN,SprintSpeed,79,8
MAGICIAN,SprintSpeed,80,10
MAGICIAN,SprintSpeed,81,10
MAGICIAN,SprintSpeed,82,10
MAGICIAN,SprintSpeed,83,10
MAGICIAN,SprintSpeed,84,10
MAGICIAN,SprintSpeed,85,15
MAGICIAN,SprintSpeed,86,15
MAGICIAN,SprintSpeed,87,15
MAGICIAN,SprintSpeed,88,15
MAGICIAN,SprintSpeed,89,15
MAGICIAN,SprintSpeed,90,20
MAGICIAN,SprintSpeed,91,20
MAGICIAN,SprintSpeed,92,20
MAGICIAN,SprintSpeed,93,20
MAGICIAN,SprintSpeed,94,20
MAGICIAN,SprintSpeed,95,25
MAGICIAN,SprintSpeed,96,30
MAGICIAN,SprintSpeed,97,35
MAGICIAN,SprintSpeed,98,40
MAGICIAN,SprintSpeed,99,45
MAGICIAN,AttackPositioning,40,1
MAGICIAN,AttackPositioning,41,1
MAGICIAN,AttackPositioning,42,1
MAGICIAN,AttackPositioning,43,1
MAGICIAN,AttackPositioning,44,1
MAGICIAN,AttackPositioning,45,1
MAGICIAN,AttackPositioning,46,1
MAGICIAN,AttackPositioning,47,1
MAGICIAN,AttackPositioning,48,1
MAGICIAN,AttackPositioning,49,1
MAGICIAN,AttackPositioning,50,1
MAGICIAN,AttackPositioning,51,1
MAGICIAN,AttackPositioning,52,1
MAGICIAN,AttackPositioning,53,1
MAGICIAN,AttackPositioning,54,1
MAGICIAN,AttackPositioning,55,1
MAGICIAN,AttackPositioning,56,1
MAGICIAN,AttackPositioning,57,1
MAGICIAN,AttackPositioning,58,1
MAGICIAN,AttackPositioning,59,1
MAGICIAN,AttackPositioning,60,1
MAGICIAN,AttackPositioning,61,1
MAGICIAN,AttackPositioning,62,1
MAGICIAN,AttackPositioning,63,1
MAGICIAN,AttackPositioning,64,2
MAGICIAN,AttackPositioning,65,2
MAGICIAN,AttackPositioning,66,2
MAGICIAN,AttackPositioning,67,2
MAGICIAN,AttackPositioning,68,2
MAGICIAN,AttackPositioning,69,2
MAGICIAN,AttackPositioning,70,3
MAGICIAN,AttackPositioning,71,3
MAGICIAN,AttackPositioning,72,3
MAGICIAN,AttackPositioning,73,3
MAGICIAN,AttackPositioning,74,3
MAGICIAN,AttackPositioning,75,4
MAGICIAN,AttackPositioning,76,4
MAGICIAN,AttackPositioning,77,4
MAGICIAN,AttackPositioning,78,4
MAGICIAN,AttackPositioning,79,4
MAGICIAN,AttackPositioning,80,5
MAGICIAN,AttackPositioning,81,5
MAGICIAN,AttackPositioning,82,5
MAGICIAN,AttackPositioning,83,5
MAGICIAN,AttackPositioning,84,5
MAGICIAN,AttackPositioning,85,8
MAGICIAN,AttackPositioning,86,8
MAGICIAN,AttackPositioning,87,8
MAGICIAN,AttackPositioning,88,8
MAGICIAN,AttackPositioning,89,8
MAGICIAN,AttackPositioning,90,11
MAGICIAN,AttackPositioning,91,11
MAGICIAN,AttackPositioning,92,11
MAGICIAN,AttackPositioning,93,11
MAGICIAN,AttackPositioning,94,11
MAGICIAN,AttackPositioning,95,13
MAGICIAN,AttackPositioning,96,16
MAGICIAN,AttackPositioning,97,19
MAGICIAN,AttackPositioning,98,22
MAGICIAN,AttackPositioning,99,24
MAGICIAN,Finishing,40,1
MAGICIAN,Finishing,41,1
MAGICIAN,Finishing,42,1
MAGICIAN,Finishing,43,1
MAGICIAN,Finishing,44,1
MAGICIAN,Finishing,45,1
MAGICIAN,Finishing,46,1
MAGICIAN,Finishing,47,1
MAGICIAN,Finishing,48,1
MAGICIAN,Finishing,49,1
MAGICIAN,Finishing,50,1
MAGICIAN,Finishing,51,1
MAGICIAN,Finishing,52,1
MAGICIAN,Finishing,53,1
MAGICIAN,Finishing,54,1
MAGICIAN,Finishing,55,1
MAGICIAN,Finishing,56,1
MAGICIAN,Finishing,57,1
MAGICIAN,Finishing,58,1
MAGICIAN,Finishing,59,1
MAGICIAN,Finishing,60,2
MAGICIAN,Finishing,61,2
MAGICIAN,Finishing,62,2
MAGICIAN,Finishing,63,2
MAGICIAN,Finishing,64,3
MAGICIAN,Finishing,65,3
MAGICIAN,Finishing,66,3
MAGICIAN,Finishing,67,3
MAGICIAN,Finishing,68,3
MAGICIAN,Finishing,69,3
MAGICIAN,Finishing,70,4
MAGICIAN,Finishing,71,4
MAGICIAN,Finishing,72,4
MAGICIAN,Finishing,73,4
MAGICIAN,Finishing,74,4
MAGICIAN,Finishing,75,6
MAGICIAN,Finishing,76,6
MAGICIAN,Finishing,77,6
MAGICIAN,Finishing,78,6
MAGICIAN,Finishing,79,6
MAGICIAN,Finishing,80,7
MAGICIAN,Finishing,81,7
MAGICIAN,Finishing,82,7
MAGICIAN,Finishing,83,7
MAGICIAN,Finishing,84,7
MAGICIAN,Finishing,85,11
MAGICIAN,Finishing,86,11
MAGICIAN,Finishing,87,11
MAGICIAN,Finishing,88,11
MAGICIAN,Finishing,89,11
MAGICIAN,Finishing,90,15
MAGICIAN,Finishing,91,15
MAGICIAN,Finishing,92,15
MAGICIAN,Finishing,93,15
MAGICIAN,Finishing,94,15
MAGICIAN,Finishing,95,18
MAGICIAN,Finishing,96,22
MAGICIAN,Finishing,97,26
MAGICIAN,Finishing,98,30
MAGICIAN,Finishing,99,33
MAGICIAN,ShotPower,40,1
MAGICIAN,ShotPower,41,1
MAGICIAN,ShotPower,42,1
MAGICIAN,ShotPower,43,1
MAGICIAN,ShotPower,44,1
MAGICIAN,ShotPower,45,1
MAGICIAN,ShotPower,46,1
MAGICIAN,ShotPower,47,1
MAGICIAN,ShotPower,48,1
MAGICIAN,ShotPower,49,1
MAGICIAN,ShotPower,50,1
MAGICIAN,ShotPower,51,1
MAGICIAN,ShotPower,52,1
MAGICIAN,ShotPower,53,1
MAGICIAN,ShotPower,54,1
MAGICIAN,ShotPower,55,1
MAGICIAN,ShotPower,56,1
MAGICIAN,ShotPower,57,1
MAGICIAN,ShotPower,58,1
MAGICIAN,ShotPower,59,1
MAGICIAN,ShotPower,60,2
MAGICIAN,ShotPower,61,2
MAGICIAN,ShotPower,62,2
MAGICIAN,ShotPower,63,2
MAGICIAN,ShotPower,64,3
MAGICIAN,ShotPower,65,3
MAGICIAN,ShotPower,66,3
MAGICIAN,ShotPower,67,3
MAGICIAN,ShotPower,68,3
MAGICIAN,ShotPower,69,3
MAGICIAN,ShotPower,70,4
MAGICIAN,ShotPower,71,4
MAGICIAN,ShotPower,72,4
MAGICIAN,ShotPower,73,4
MAGICIAN,ShotPower,74,4
MAGICIAN,ShotPower,75,6
MAGICIAN,ShotPower,76,6
MAGICIAN,ShotPower,77,6
MAGICIAN,ShotPower,78,6
MAGICIAN,ShotPower,79,6
MAGICIAN,ShotPower,80,7
MAGICIAN,ShotPower,81,7
MAGICIAN,ShotPower,82,7
MAGICIAN,ShotPower,83,7
MAGICIAN,ShotPower,84,7
MAGICIAN,ShotPower,85,11
MAGICIAN,ShotPower,86,11
MAGICIAN,ShotPower,87,11
MAGICIAN,ShotPower,88,11
MAGICIAN,ShotPower,89,11
MAGICIAN,ShotPower,90,15
MAGICIAN,ShotPower,91,15
MAGICIAN,ShotPower,92,15
MAGICIAN,ShotPower,93,15
MAGICIAN,ShotPower,94,15
MAGICIAN,ShotPower,95,18
MAGICIAN,ShotPower,96,22
MAGICIAN,ShotPower,97,26
MAGICIAN,ShotPower,98,30
MAGICIAN,ShotPower,99,33
MAGICIAN,LongShots,40,1
MAGICIAN,LongShots,41,1
MAGICIAN,LongShots,42,1
MAGICIAN,LongShots,43,1
MAGICIAN,LongShots,44,1
MAGICIAN,LongShots,45,1
MAGICIAN,LongShots,46,1
MAGICIAN,LongShots,47,1
MAGICIAN,LongShots,48,1
MAGICIAN,LongShots,49,1
MAGICIAN,LongShots,50,1
MAGICIAN,LongShots,51,1
MAGICIAN,LongShots,52,1
MAGICIAN,LongShots,53,1
MAGICIAN,LongShots,54,1
MAGICIAN,LongShots,55,1
MAGICIAN,LongShots,56,1
MAGICIAN,LongShots,57,1
MAGICIAN,LongShots,58,1
MAGICIAN,LongShots,59,1
MAGICIAN,LongShots,60,2
MAGICIAN,LongShots,61,2
MAGICIAN,LongShots,62,2
MAGICIAN,LongShots,63,2
MAGICIAN,LongShots,64,3
MAGICIAN,LongShots,65,3
MAGICIAN,LongShots,66,3
MAGICIAN,LongShots,67,3
MAGICIAN,LongShots,68,3
MAGICIAN,LongShots,69,3
MAGICIAN,LongShots,70,4
MAGICIAN,LongShots,71,4
MAGICIAN,LongShots,72,4
MAGICIAN,LongShots,73,4
MAGICIAN,LongShots,74,4
MAGICIAN,LongShots,75,6
MAGICIAN,LongShots,76,6
MAGICIAN,LongShots,77,6
MAGICIAN,LongShots,78,6
MAGICIAN,LongShots,79,6
MAGICIAN,LongShots,80,7
MAGICIAN,LongShots,81,7
MAGICIAN,LongShots,82,7
MAGICIAN,LongShots,83,7
MAGICIAN,LongShots,84,7
MAGICIAN,LongShots,85,11
MAGICIAN,LongShots,86,11
MAGICIAN,LongShots,87,11
MAGICIAN,LongShots,88,11
MAGICIAN,LongShots,89,11
MAGICIAN,LongShots,90,15
MAGICIAN,LongShots,91,15
MAGICIAN,LongShots,92,15
MAGICIAN,LongShots,93,15
MAGICIAN,LongShots,94,15
MAGICIAN,LongShots,95,18
MAGICIAN,LongShots,96,22
MAGICIAN,LongShots,97,26
MAGICIAN,LongShots,98,30
MAGICIAN,LongShots,99,33
MAGICIAN,Volleys,40,1
MAGICIAN,Volleys,41,1
MAGICIAN,Volleys,42,1
MAGICIAN,Volleys,43,1
MAGICIAN,Volleys,44,1
MAGICIAN,Volleys,45,1
MAGICIAN,Volleys,46,1
MAGICIAN,Volleys,47,1
MAGICIAN,Volleys,48,1
MAGICIAN,Volleys,49,1
MAGICIAN,Volleys,50,1
MAGICIAN,Volleys,51,1
MAGICIAN,Volleys,52,1
MAGICIAN,Volleys,53,1
MAGICIAN,Volleys,54,1
MAGICIAN,Volleys,55,1
MAGICIAN,Volleys,56,1
MAGICIAN,Volleys,57,1
MAGICIAN,Volleys,58,1
MAGICIAN,Volleys,59,1
MAGICIAN,Volleys,60,1
MAGICIAN,Volleys,61,1
MAGICIAN,Volleys,62,1
MAGICIAN,Volleys,63,1
MAGICIAN,Volleys,64,2
MAGICIAN,Volleys,65,2
MAGICIAN,Volleys,66,2
MAGICIAN,Volleys,67,2
MAGICIAN,Volleys,68,2
MAGICIAN,Volleys,69,2
MAGICIAN,Volleys,70,3
MAGICIAN,Volleys,71,3
MAGICIAN,Volleys,72,3
MAGICIAN,Volleys,73,3
MAGICIAN,Volleys,74,3
MAGICIAN,Volleys,75,4
MAGICIAN,Volleys,76,4
MAGICIAN,Volleys,77,4
MAGICIAN,Volleys,78,4
MAGICIAN,Volleys,79,4
MAGICIAN,Volleys,80,5
MAGICIAN,Volleys,81,5
MAGICIAN,Volleys,82,5
MAGICIAN,Volleys,83,5
MAGICIAN,Volleys,84,5
MAGICIAN,Volleys,85,8
MAGICIAN,Volleys,86,8
MAGICIAN,Volleys,87,8
MAGICIAN,Volleys,88,8
MAGICIAN,Volleys,89,8
MAGICIAN,Volleys,90,11
MAGICIAN,Volleys,91,11
MAGICIAN,Volleys,92,11
MAGICIAN,Volleys,93,11
MAGICIAN,Volleys,94,11
MAGICIAN,Volleys,95,13
MAGICIAN,Volleys,96,16
MAGICIAN,Volleys,97,19
MAGICIAN,Volleys,98,22
MAGICIAN,Volleys,99,24
MAGICIAN,Penalties,40,1
MAGICIAN,Penalties,41,1
MAGICIAN,Penalties,42,1
MAGICIAN,Penalties,43,1
MAGICIAN,Penalties,44,1
MAGICIAN,Penalties,45,1
MAGICIAN,Penalties,46,1
MAGICIAN,Penalties,47,1
MAGICIAN,Penalties,48,1
MAGICIAN,Penalties,49,1
MAGICIAN,Penalties,50,1
MAGICIAN,Penalties,51,1
MAGICIAN,Penalties,52,1
MAGICIAN,Penalties,53,1
MAGICIAN,Penalties,54,1
MAGICIAN,Penalties,55,1
MAGICIAN,Penalties,56,1
MAGICIAN,Penalties,57,1
MAGICIAN,Penalties,58,1
MAGICIAN,Penalties,59,1
MAGICIAN,Penalties,60,1
MAGICIAN,Penalties,61,1
MAGICIAN,Penalties,62,1
MAGICIAN,Penalties,63,1
MAGICIAN,Penalties,64,2
MAGICIAN,Penalties,65,2
MAGICIAN,Penalties,66,2
MAGICIAN,Penalties,67,2
MAGICIAN,Penalties,68,2
MAGICIAN,Penalties,69,2
MAGICIAN,Penalties,70,3
MAGICIAN,Penalties,71,3
MAGICIAN,Penalties,72,3
MAGICIAN,Penalties,73,3
MAGICIAN,Penalties,74,3
MAGICIAN,Penalties,75,4
MAGICIAN,Penalties,76,4
MAGICIAN,Penalties,77,4
MAGICIAN,Penalties,78,4
MAGICIAN,Penalties,79,4
MAGICIAN,Penalties,80,5
MAGICIAN,Penalties,81,5
MAGICIAN,Penalties,82,5
MAGICIAN,Penalties,83,5
MAGICIAN,Penalties,84,5
MAGICIAN,Penalties,85,8
MAGICIAN,Penalties,86,8
MAGICIAN,Penalties,87,8
MAGICIAN,Penalties,88,8
MAGICIAN,Penalties,89,8
MAGICIAN,Penalties,90,11
MAGICIAN,Penalties,91,11
MAGICIAN,Penalties,92,11
MAGICIAN,Penalties,93,11
MAGICIAN,Penalties,94,11
MAGICIAN,Penalties,95,13
MAGICIAN,Penalties,96,16
MAGICIAN,Penalties,97,19
MAGICIAN,Penalties,98,22
MAGICIAN,Penalties,99,24
MAGICIAN,Vision,40,1
MAGICIAN,Vision,41,1
MAGICIAN,Vision,42,1
MAGICIAN,Vision,43,1
MAGICIAN,Vision,44,1
MAGICIAN,Vision,45,1
MAGICIAN,Vision,46,1
MAGICIAN,Vision,47,1
MAGICIAN,Vision,48,1
MAGICIAN,Vision,49,1
MAGICIAN,Vision,50,1
MAGICIAN,Vision,51,1
MAGICIAN,Vision,52,1
MAGICIAN,Vision,53,1
MAGICIAN,Vision,54,1
MAGICIAN,Vision,55,1
MAGICIAN,Vision,56,1
MAGICIAN,Vision,57,1
MAGICIAN,Vision,58,1
MAGICIAN,Vision,59,1
MAGICIAN,Vision,60,2
MAGICIAN,Vision,61,2
MAGICIAN,Vision,62,2
MAGICIAN,Vision,63,2
MAGICIAN,Vision,64,3
MAGICIAN,Vision,65,3
MAGICIAN,Vision,66,3
MAGICIAN,Vision,67,3
MAGICIAN,Vision,68,3
MAGICIAN,Vision,69,3
MAGICIAN,Vision,70,4
MAGICIAN,Vision,71,4
MAGICIAN,Vision,72,4
MAGICIAN,Vision,73,4
MAGICIAN,Vision,74,4
MAGICIAN,Vision,75,6
MAGICIAN,Vision,76,6
MAGICIAN,Vision,77,6
MAGICIAN,Vision,78,6
MAGICIAN,Vision,79,6
MAGICIAN,Vision,80,7
MAGICIAN,Vision,81,7
MAGICIAN,Vision,82,7
MAGICIAN,Vision,83,7
MAGICIAN,Vision,84,7
MAGICIAN,Vision,85,11
MAGICIAN,Vision,86,11
MAGICIAN,Vision,87,11
MAGICIAN,Vision,88,11
MAGICIAN,Vision,89,11
MAGICIAN,Vision,90,15
MAGICIAN,Vision,91,15
MAGICIAN,Vision,92,15
MAGICIAN,Vision,93,15
MAGICIAN,Vision,94,15
MAGICIAN,Vision,95,18
MAGICIAN,Vision,96,22
MAGICIAN,Vision,97,26
MAGICIAN,Vision,98,30
MAGICIAN,Vision,99,33
MAGICIAN,Crossing,40,1
MAGICIAN,Crossing,41,1
MAGICIAN,Crossing,42,1
MAGICIAN,Crossing,43,1
MAGICIAN,Crossing,44,1
MAGICIAN,Crossing,45,1
MAGICIAN,Crossing,46,1
MAGICIAN,Crossing,47,1
MAGICIAN,Crossing,48,1
MAGICIAN,Crossing,49,1
MAGICIAN,Crossing,50,1
MAGICIAN,Crossing,51,1
MAGICIAN,Crossing,52,1
MAGICIAN,Crossing,53,1
MAGICIAN,Crossing,54,1
MAGICIAN,Crossing,55,1
MAGICIAN,Crossing,56,1
MAGICIAN,Crossing,57,1
MAGICIAN,Crossing,58,1
MAGICIAN,Crossing,59,1
MAGICIAN,Crossing,60,2
MAGICIAN,Crossing,61,2
MAGICIAN,Crossing,62,2
MAGICIAN,Crossing,63,2
MAGICIAN,Crossing,64,3
MAGICIAN,Crossing,65,3
MAGICIAN,Crossing,66,3
MAGICIAN,Crossing,67,3
MAGICIAN,Crossing,68,3
MAGICIAN,Crossing,69,3
MAGICIAN,Crossing,70,4
MAGICIAN,Crossing,71,4
MAGICIAN,Crossing,72,4
MAGICIAN,Crossing,73,4
MAGICIAN,Crossing,74,4
MAGICIAN,Crossing,75,6
MAGICIAN,Crossing,76,6
MAGICIAN,Crossing,77,6
MAGICIAN,Crossing,78,6
MAGICIAN,Crossing,79,6
MAGICIAN,Crossing,80,7
MAGICIAN,Crossing,81,7
MAGICIAN,Crossing,82,7
MAGICIAN,Crossing,83,7
MAGICIAN,Crossing,84,7
MAGICIAN,Crossing,85,11
MAGICIAN,Crossing,86,11
MAGICIAN,Crossing,87,11
MAGICIAN,Crossing,88,11
MAGICIAN,Crossing,89,11
MAGICIAN,Crossing,90,15
MAGICIAN,Crossing,91,15
MAGICIAN,Crossing,92,15
MAGICIAN,Crossing,93,15
MAGICIAN,Crossing,94,15
MAGICIAN,Crossing,95,18
MAGICIAN,Crossing,96,22
MAGICIAN,Crossing,97,26
MAGICIAN,Crossing,98,30
MAGICIAN,Crossing,99,33
MAGICIAN,FKAccuracy,40,1
MAGICIAN,FKAccuracy,41,1
MAGICIAN,FKAccuracy,42,1
MAGICIAN,FKAccuracy,43,1
MAGICIAN,FKAccuracy,44,1
MAGICIAN,FKAccuracy,45,1
MAGICIAN,FKAccuracy,46,1
MAGICIAN,FKAccuracy,47,1
MAGICIAN,FKAccuracy,48,1
MAGICIAN,FKAccuracy,49,1
MAGICIAN,FKAccuracy,50,1
MAGICIAN,FKAccuracy,51,1
MAGICIAN,FKAccuracy,52,1
MAGICIAN,FKAccuracy,53,1
MAGICIAN,FKAccuracy,54,1
MAGICIAN,FKAccuracy,55,1
MAGICIAN,FKAccuracy,56,1
MAGICIAN,FKAccuracy,57,1
MAGICIAN,FKAccuracy,58,1
MAGICIAN,FKAccuracy,59,1
MAGICIAN,FKAccuracy,60,1
MAGICIAN,FKAccuracy,61,1
MAGICIAN,FKAccuracy,62,1
MAGICIAN,FKAccuracy,63,1
MAGICIAN,FKAccuracy,64,2
MAGICIAN,FKAccuracy,65,2
MAGICIAN,FKAccuracy,66,2
MAGICIAN,FKAccuracy,67,2
MAGICIAN,FKAccuracy,68,2
MAGICIAN,FKAccuracy,69,2
MAGICIAN,FKAccuracy,70,3
MAGICIAN,FKAccuracy,71,3
MAGICIAN,FKAccuracy,72,3
MAGICIAN,FKAccuracy,73,3
MAGICIAN,FKAccuracy,74,3
MAGICIAN,FKAccuracy,75,4
MAGICIAN,FKAccuracy,76,4
MAGICIAN,FKAccuracy,77,4
MAGICIAN,FKAccuracy,78,4
MAGICIAN,FKAccuracy,79,4
MAGICIAN,FKAccuracy,80,5
MAGICIAN,FKAccuracy,81,5
MAGICIAN,FKAccuracy,82,5
MAGICIAN,FKAccuracy,83,5
MAGICIAN,FKAccuracy,84,5
MAGICIAN,FKAccuracy,85,8
MAGICIAN,FKAccuracy,86,8
MAGICIAN,FKAccuracy,87,8
MAGICIAN,FKAccuracy,88,8
MAGICIAN,FKAccuracy,89,8
MAGICIAN,FKAccuracy,90,11
MAGICIAN,FKAccuracy,91,11
MAGICIAN,FKAccuracy,92,11
MAGICIAN,FKAccuracy,93,11
MAGICIAN,FKAccuracy,94,11
MAGICIAN,FKAccuracy,95,13
MAGICIAN,FKAccuracy,96,16
MAGICIAN,FKAccuracy,97,19
MAGICIAN,FKAccuracy,98,22
MAGICIAN,FKAccuracy,99,24
MAGICIAN,ShortPassing,40,2
MAGICIAN,ShortPassing,41,2
MAGICIAN,ShortPassing,42,2
MAGICIAN,ShortPassing,43,2
MAGICIAN,ShortPassing,44,2
MAGICIAN,ShortPassing,45,2
MAGICIAN,ShortPassing,46,2
MAGICIAN,ShortPassing,47,2
MAGICIAN,ShortPassing,48,2
MAGICIAN,ShortPassing,49,2
MAGICIAN,ShortPassing,50,2
MAGICIAN,ShortPassing,51,2
MAGICIAN,ShortPassing,52,2
MAGICIAN,ShortPassing,53,2
MAGICIAN,ShortPassing,54,2
MAGICIAN,ShortPassing,55,2
MAGICIAN,ShortPassing,56,2
MAGICIAN,ShortPassing,57,2
MAGICIAN,ShortPassing,58,2
MAGICIAN,ShortPassing,59,2
MAGICIAN,ShortPassing,60,3
MAGICIAN,ShortPassing,61,3
MAGICIAN,ShortPassing,62,3
MAGICIAN,ShortPassing,63,3
MAGICIAN,ShortPassing,64,4
MAGICIAN,ShortPassing,65,4
MAGICIAN,ShortPassing,66,4
MAGICIAN,ShortPassing,67,5
MAGICIAN,ShortPassing,68,5
MAGICIAN,ShortPassing,69,5
MAGICIAN,ShortPassing,70,6
MAGICIAN,ShortPassing,71,6
MAGICIAN,ShortPassing,72,6
MAGICIAN,ShortPassing,73,6
MAGICIAN,ShortPassing,74,6
MAGICIAN,ShortPassing,75,8
MAGICIAN,ShortPassing,76,8
MAGICIAN,ShortPassing,77,8
MAGICIAN,ShortPassing,78,8
MAGICIAN,ShortPassing,79,8
MAGICIAN,ShortPassing,80,10
MAGICIAN,ShortPassing,81,10
MAGICIAN,ShortPassing,82,10
MAGICIAN,ShortPassing,83,10
MAGICIAN,ShortPassing,84,10
MAGICIAN,ShortPassing,85,15
MAGICIAN,ShortPassing,86,15
MAGICIAN,ShortPassing,87,15
MAGICIAN,ShortPassing,88,15
MAGICIAN,ShortPassing,89,15
MAGICIAN,ShortPassing,90,20
MAGICIAN,ShortPassing,91,20
MAGICIAN,ShortPassing,92,20
MAGICIAN,ShortPassing,93,20
MAGICIAN,ShortPassing,94,20
MAGICIAN,ShortPassing,95,25
MAGICIAN,ShortPassing,96,30
MAGICIAN,ShortPassing,97,35
MAGICIAN,ShortPassing,98,40
MAGICIAN,ShortPassing,99,45
MAGICIAN,LongPassing,40,1
MAGICIAN,LongPassing,41,1
MAGICIAN,LongPassing,42,1
MAGICIAN,LongPassing,43,1
MAGICIAN,LongPassing,44,1
MAGICIAN,LongPassing,45,1
MAGICIAN,LongPassing,46,1
MAGICIAN,LongPassing,47,1
MAGICIAN,LongPassing,48,1
MAGICIAN,LongPassing,49,1
MAGICIAN,LongPassing,50,1
MAGICIAN,LongPassing,51,1
MAGICIAN,LongPassing,52,1
MAGICIAN,LongPassing,53,1
MAGICIAN,LongPassing,54,1
MAGICIAN,LongPassing,55,1
MAGICIAN,LongPassing,56,1
MAGICIAN,LongPassing,57,1
MAGICIAN,LongPassing,58,1
MAGICIAN,LongPassing,59,1
MAGICIAN,LongPassing,60,2
MAGICIAN,LongPassing,61,2
MAGICIAN,LongPassing,62,2
MAGICIAN,LongPassing,63,2
MAGICIAN,LongPassing,64,3
MAGICIAN,LongPassing,65,3
MAGICIAN,LongPassing,66,3
MAGICIAN,LongPassing,67,3
MAGICIAN,LongPassing,68,3
MAGICIAN,LongPassing,69,3
MAGICIAN,LongPassing,70,4
MAGICIAN,LongPassing,71,4
MAGICIAN,LongPassing,72,4
MAGICIAN,LongPassing,73,4
MAGICIAN,LongPassing,74,4
MAGICIAN,LongPassing,75,6
MAGICIAN,LongPassing,76,6
MAGICIAN,LongPassing,77,6
MAGICIAN,LongPassing,78,6
MAGICIAN,LongPassing,79,6
MAGICIAN,LongPassing,80,7
MAGICIAN,LongPassing,81,7
MAGICIAN,LongPassing,82,7
MAGICIAN,LongPassing,83,7
MAGICIAN,LongPassing,84,7
MAGICIAN,LongPassing,85,11
MAGICIAN,LongPassing,86,11
MAGICIAN,LongPassing,87,11
MAGICIAN,LongPassing,88,11
MAGICIAN,LongPassing,89,11
MAGICIAN,LongPassing,90,15
MAGICIAN,LongPassing,91,15
MAGICIAN,LongPassing,92,15
MAGICIAN,LongPassing,93,15
MAGICIAN,LongPassing,94,15
MAGICIAN,LongPassing,95,18
MAGICIAN,LongPassing,96,22
MAGICIAN,LongPassing,97,26
MAGICIAN,LongPassing,98,30
MAGICIAN,LongPassing,99,33
MAGICIAN,Curve,40,1
MAGICIAN,Curve,41,1
MAGICIAN,Curve,42,1
MAGICIAN,Curve,43,1
MAGICIAN,Curve,44,1
MAGICIAN,Curve,45,1
MAGICIAN,Curve,46,1
MAGICIAN,Curve,47,1
MAGICIAN,Curve,48,1
MAGICIAN,Curve,49,1
MAGICIAN,Curve,50,1
MAGICIAN,Curve,51,1
MAGICIAN,Curve,52,1
MAGICIAN,Curve,53,1
MAGICIAN,Curve,54,1
MAGICIAN,Curve,55,1
MAGICIAN,Curve,56,1
MAGICIAN,Curve,57,1
MAGICIAN,Curve,58,1
MAGICIAN,Curve,59,1
MAGICIAN,Curve,60,1
MAGICIAN,Curve,61,1
MAGICIAN,Curve,62,1
MAGICIAN,Curve,63,1
MAGICIAN,Curve,64,1
MAGICIAN,Curve,65,1
MAGICIAN,Curve,66,1
MAGICIAN,Curve,67,2
MAGICIAN,Curve,68,2
MAGICIAN,Curve,69,2
MAGICIAN,Curve,70,2
MAGICIAN,Curve,71,2
MAGICIAN,Curve,72,2
MAGICIAN,Curve,73,2
MAGICIAN,Curve,74,2
MAGICIAN,Curve,75,3
MAGICIAN,Curve,76,3
MAGICIAN,Curve,77,3
MAGICIAN,Curve,78,3
MAGICIAN,Curve,79,3
MAGICIAN,Curve,80,3
MAGICIAN,Curve,81,3
MAGICIAN,Curve,82,3
MAGICIAN,Curve,83,3
MAGICIAN,Curve,84,3
MAGICIAN,Curve,85,6
MAGICIAN,Curve,86,6
MAGICIAN,Curve,87,6
MAGICIAN,Curve,88,6
MAGICIAN,Curve,89,6
MAGICIAN,Curve,90,8
MAGICIAN,Curve,91,8
MAGICIAN,Curve,92,8
MAGICIAN,Curve,93,8
MAGICIAN,Curve,94,8
MAGICIAN,Curve,95,9
MAGICIAN,Curve,96,12
MAGICIAN,Curve,97,14
MAGICIAN,Curve,98,16
MAGICIAN,Curve,99,18
MAGICIAN,Agility,40,2
MAGICIAN,Agility,41,2
MAGICIAN,Agility,42,2
MAGICIAN,Agility,43,2
MAGICIAN,Agility,44,2
MAGICIAN,Agility,45,2
MAGICIAN,Agility,46,2
MAGICIAN,Agility,47,2
MAGICIAN,Agility,48,2
MAGICIAN,Agility,49,2
MAGICIAN,Agility,50,2
MAGICIAN,Agility,51,2
MAGICIAN,Agility,52,2
MAGICIAN,Agility,53,2
MAGICIAN,Agility,54,2
MAGICIAN,Agility,55,2
MAGICIAN,Agility,56,2
MAGICIAN,Agility,57,2
MAGICIAN,Agility,58,2
MAGICIAN,Agility,59,2
MAGICIAN,Agility,60,3
MAGICIAN,Agility,61,3
MAGICIAN,Agility,62,3
MAGICIAN,Agility,63,3
MAGICIAN,Agility,64,4
MAGICIAN,Agility,65,4
MAGICIAN,Agility,66,4
MAGICIAN,Agility,67,5
MAGICIAN,Agility,68,5
MAGICIAN,Agility,69,5
MAGICIAN,Agility,70,6
MAGICIAN,Agility,71,6
MAGICIAN,Agility,72,6
MAGICIAN,Agility,73,6
MAGICIAN,Agility,74,6
MAGICIAN,Agility,75,8
MAGICIAN,Agility,76,8
MAGICIAN,Agility,77,8
MAGICIAN,Agility,78,8
MAGICIAN,Agility,79,8
MAGICIAN,Agility,80,10
MAGICIAN,Agility,81,10
MAGICIAN,Agility,82,10
MAGICIAN,Agility,83,10
MAGICIAN,Agility,84,10
MAGICIAN,Agility,85,15
MAGICIAN,Agility,86,15
MAGICIAN,Agility,87,15
MAGICIAN,Agility,88,15
MAGICIAN,Agility,89,15
MAGICIAN,Agility,90,20
MAGICIAN,Agility,91,20
MAGICIAN,Agility,92,20
MAGICIAN,Agility,93,20
MAGICIAN,Agility,94,20
MAGICIAN,Agility,95,25
MAGICIAN,Agility,96,30
MAGICIAN,Agility,97,35
MAGICIAN,Agility,98,40
MAGICIAN,Agility,99,45
MAGICIAN,Balance,40,1
MAGICIAN,Balance,41,1
MAGICIAN,Balance,42,1
MAGICIAN,Balance,43,1
MAGICIAN,Balance,44,1
MAGICIAN,Balance,45,1
MAGICIAN,Balance,46,1
MAGICIAN,Balance,47,1
MAGICIAN,Balance,48,1
MAGICIAN,Balance,49,1
MAGICIAN,Balance,50,1
MAGICIAN,Balance,51,1
MAGICIAN,Balance,52,1
MAGICIAN,Balance,53,1
MAGICIAN,Balance,54,1
MAGICIAN,Balance,55,1
MAGICIAN,Balance,56,1
MAGICIAN,Balance,57,1
MAGICIAN,Balance,58,1
MAGICIAN,Balance,59,1
MAGICIAN,Balance,60,1
MAGICIAN,Balance,61,1
MAGICIAN,Balance,62,1
MAGICIAN,Balance,63,1
MAGICIAN,Balance,64,2
MAGICIAN,Balance,65,2
MAGICIAN,Balance,66,2
MAGICIAN,Balance,67,2
MAGICIAN,Balance,68,2
MAGICIAN,Balance,69,2
MAGICIAN,Balance,70,3
MAGICIAN,Balance,71,3
MAGICIAN,Balance,72,3
MAGICIAN,Balance,73,3
MAGICIAN,Balance,74,3
MAGICIAN,Balance,75,4
MAGICIAN,Balance,76,4
MAGICIAN,Balance,77,4
MAGICIAN,Balance,78,4
MAGICIAN,Balance,79,4
MAGICIAN,Balance,80,5
MAGICIAN,Balance,81,5
MAGICIAN,Balance,82,5
MAGICIAN,Balance,83,5
MAGICIAN,Balance,84,5
MAGICIAN,Balance,85,8
MAGICIAN,Balance,86,8
MAGICIAN,Balance,87,8
MAGICIAN,Balance,88,8
MAGICIAN,Balance,89,8
MAGICIAN,Balance,90,11
MAGICIAN,Balance,91,11
MAGICIAN,Balance,92,11
MAGICIAN,Balance,93,11
MAGICIAN,Balance,94,11
MAGICIAN,Balance,95,13
MAGICIAN,Balance,96,16
MAGICIAN,Balance,97,19
MAGICIAN,Balance,98,22
MAGICIAN,Balance,99,24
MAGICIAN,Reactions,40,1
MAGICIAN,Reactions,41,1
MAGICIAN,Reactions,42,1
MAGICIAN,Reactions,43,1
MAGICIAN,Reactions,44,1
MAGICIAN,Reactions,45,1
MAGICIAN,Reactions,46,1
MAGICIAN,Reactions,47,1
MAGICIAN,Reactions,48,1
MAGICIAN,Reactions,49,1
MAGICIAN,Reactions,50,1
MAGICIAN,Reactions,51,1
MAGICIAN,Reactions,52,1
MAGICIAN,Reactions,53,1
MAGICIAN,Reactions,54,1
MAGICIAN,Reactions,55,1
MAGICIAN,Reactions,56,1
MAGICIAN,Reactions,57,1
MAGICIAN,Reactions,58,1
MAGICIAN,Reactions,59,1
MAGICIAN,Reactions,60,1
MAGICIAN,Reactions,61,1
MAGICIAN,Reactions,62,1
MAGICIAN,Reactions,63,1
MAGICIAN,Reactions,64,2
MAGICIAN,Reactions,65,2
MAGICIAN,Reactions,66,2
MAGICIAN,Reactions,67,2
MAGICIAN,Reactions,68,2
MAGICIAN,Reactions,69,2
MAGICIAN,Reactions,70,3
MAGICIAN,Reactions,71,3
MAGICIAN,Reactions,72,3
MAGICIAN,Reactions,73,3
MAGICIAN,Reactions,74,3
MAGICIAN,Reactions,75,4
MAGICIAN,Reactions,76,4
MAGICIAN,Reactions,77,4
MAGICIAN,Reactions,78,4
MAGICIAN,Reactions,79,4
MAGICIAN,Reactions,80,5
MAGICIAN,Reactions,81,5
MAGICIAN,Reactions,82,5
MAGICIAN,Reactions,83,5
MAGICIAN,Reactions,84,5
MAGICIAN,Reactions,85,8
MAGICIAN,Reactions,86,8
MAGICIAN,Reactions,87,8
MAGICIAN,Reactions,88,8
MAGICIAN,Reactions,89,8
MAGICIAN,Reactions,90,11
MAGICIAN,Reactions,91,11
MAGICIAN,Reactions,92,11
MAGICIAN,Reactions,93,11
MAGICIAN,Reactions,94,11
MAGICIAN,Reactions,95,13
MAGICIAN,Reactions,96,16
MAGICIAN,Reactions,97,19
MAGICIAN,Reactions,98,22
MAGICIAN,Reactions,99,24
MAGICIAN,BallControl,40,1
MAGICIAN,BallControl,41,1
MAGICIAN,BallControl,42,1
MAGICIAN,BallControl,43,1
MAGICIAN,BallControl,44,1
MAGICIAN,BallControl,45,1
MAGICIAN,BallControl,46,1
MAGICIAN,BallControl,47,1
MAGICIAN,BallControl,48,1
MAGICIAN,BallControl,49,1
MAGICIAN,BallControl,50,1
MAGICIAN,BallControl,51,1
MAGICIAN,BallControl,52,1
MAGICIAN,BallControl,53,1
MAGICIAN,BallControl,54,1
MAGICIAN,BallControl,55,1
MAGICIAN,BallControl,56,1
MAGICIAN,BallControl,57,1
MAGICIAN,BallControl,58,1
MAGICIAN,BallControl,59,1
MAGICIAN,BallControl,60,2
MAGICIAN,BallControl,61,2
MAGICIAN,BallControl,62,2
MAGICIAN,BallControl,63,2
MAGICIAN,BallControl,64,3
MAGICIAN,BallControl,65,3
MAGICIAN,BallControl,66,3
MAGICIAN,BallControl,67,3
MAGICIAN,BallControl,68,3
MAGICIAN,BallControl,69,3
MAGICIAN,BallControl,70,4
MAGICIAN,BallControl,71,4
MAGICIAN,BallControl,72,4
MAGICIAN,BallControl,73,4
MAGICIAN,BallControl,74,4
MAGICIAN,BallControl,75,6
MAGICIAN,BallControl,76,6
MAGICIAN,BallControl,77,6
MAGICIAN,BallControl,78,6
MAGICIAN,BallControl,79,6
MAGICIAN,BallControl,80,7
MAGICIAN,BallControl,81,7
MAGICIAN,BallControl,82,7
MAGICIAN,BallControl,83,7
MAGICIAN,BallControl,84,7
MAGICIAN,BallControl,85,11
MAGICIAN,BallControl,86,11
MAGICIAN,BallControl,87,11
MAGICIAN,BallControl,88,11
MAGICIAN,BallControl,89,11
MAGICIAN,BallControl,90,15
MAGICIAN,BallControl,91,15
MAGICIAN,BallControl,92,15
MAGICIAN,BallControl,93,15
MAGICIAN,BallControl,94,15
MAGICIAN,BallControl,95,18
MAGICIAN,BallControl,96,22
MAGICIAN,BallControl,97,26
MAGICIAN,BallControl,98,30
MAGICIAN,BallControl,99,33
MAGICIAN,Dribbling,40,2
MAGICIAN,Dribbling,41,2
MAGICIAN,Dribbling,42,2
MAGICIAN,Dribbling,43,2
MAGICIAN,Dribbling,44,2
MAGICIAN,Dribbling,45,2
MAGICIAN,Dribbling,46,2
MAGICIAN,Dribbling,47,2
MAGICIAN,Dribbling,48,2
MAGICIAN,Dribbling,49,2
MAGICIAN,Dribbling,50,2
MAGICIAN,Dribbling,51,2
MAGICIAN,Dribbling,52,2
MAGICIAN,Dribbling,53,2
MAGICIAN,Dribbling,54,2
MAGICIAN,Dribbling,55,2
MAGICIAN,Dribbling,56,2
MAGICIAN,Dribbling,57,2
MAGICIAN,Dribbling,58,2
MAGICIAN,Dribbling,59,2
MAGICIAN,Dribbling,60,3
MAGICIAN,Dribbling,61,3
MAGICIAN,Dribbling,62,3
MAGICIAN,Dribbling,63,3
MAGICIAN,Dribbling,64,4
MAGICIAN,Dribbling,65,4
MAGICIAN,Dribbling,66,4
MAGICIAN,Dribbling,67,5
MAGICIAN,Dribbling,68,5
MAGICIAN,Dribbling,69,5
MAGICIAN,Dribbling,70,6
MAGICIAN,Dribbling,71,6
MAGICIAN,Dribbling,72,6
MAGICIAN,Dribbling,73,6
MAGICIAN,Dribbling,74,6
MAGICIAN,Dribbling,75,8
MAGICIAN,Dribbling,76,8
MAGICIAN,Dribbling,77,8
MAGICIAN,Dribbling,78,8
MAGICIAN,Dribbling,79,8
MAGICIAN,Dribbling,80,10
MAGICIAN,Dribbling,81,10
MAGICIAN,Dribbling,82,10
MAGICIAN,Dribbling,83,10
MAGICIAN,Dribbling,84,10
MAGICIAN,Dribbling,85,15
MAGICIAN,Dribbling,86,15
MAGICIAN,Dribbling,87,15
MAGICIAN,Dribbling,88,15
MAGICIAN,Dribbling,89,15
MAGICIAN,Dribbling,90,20
MAGICIAN,Dribbling,91,20
MAGICIAN,Dribbling,92,20
MAGICIAN,Dribbling,93,20
MAGICIAN,Dribbling,94,20
MAGICIAN,Dribbling,95,25
MAGICIAN,Dribbling,96,30
MAGICIAN,Dribbling,97,35
MAGICIAN,Dribbling,98,40
MAGICIAN,Dribbling,99,45
MAGICIAN,Composure,40,1
MAGICIAN,Composure,41,1
MAGICIAN,Composure,42,1
MAGICIAN,Composure,43,1
MAGICIAN,Composure,44,1
MAGICIAN,Composure,45,1
MAGICIAN,Composure,46,1
MAGICIAN,Composure,47,1
MAGICIAN,Composure,48,1
MAGICIAN,Composure,49,1
MAGICIAN,Composure,50,1
MAGICIAN,Composure,51,1
MAGICIAN,Composure,52,1
MAGICIAN,Composure,53,1
MAGICIAN,Composure,54,1
MAGICIAN,Composure,55,1
MAGICIAN,Composure,56,1
MAGICIAN,Composure,57,1
MAGICIAN,Composure,58,1
MAGICIAN,Composure,59,1
MAGICIAN,Composure,60,2
MAGICIAN,Composure,61,2
MAGICIAN,Composure,62,2
MAGICIAN,Composure,63,2
MAGICIAN,Composure,64,3
MAGICIAN,Composure,65,3
MAGICIAN,Composure,66,3
MAGICIAN,Composure,67,3
MAGICIAN,Composure,68,3
MAGICIAN,Composure,69,3
MAGICIAN,Composure,70,4
MAGICIAN,Composure,71,4
MAGICIAN,Composure,72,4
MAGICIAN,Composure,73,4
MAGICIAN,Composure,74,4
MAGICIAN,Composure,75,6
MAGICIAN,Composure,76,6
MAGICIAN,Composure,77,6
MAGICIAN,Composure,78,6
MAGICIAN,Composure,79,6
MAGICIAN,Composure,80,7
MAGICIAN,Composure,81,7
MAGICIAN,Composure,82,7
MAGICIAN,Composure,83,7
MAGICIAN,Composure,84,7
MAGICIAN,Composure,85,11
MAGICIAN,Composure,86,11
MAGICIAN,Composure,87,11
MAGICIAN,Composure,88,11
MAGICIAN,Composure,89,11
MAGICIAN,Composure,90,15
MAGICIAN,Composure,91,15
MAGICIAN,Composure,92,15
MAGICIAN,Composure,93,15
MAGICIAN,Composure,94,15
MAGICIAN,Composure,95,18
MAGICIAN,Composure,96,22
MAGICIAN,Composure,97,26
MAGICIAN,Composure,98,30
MAGICIAN,Composure,99,33
MAGICIAN,Interceptions,40,2
MAGICIAN,Interceptions,41,2
MAGICIAN,Interceptions,42,2
MAGICIAN,Interceptions,43,2
MAGICIAN,Interceptions,44,2
MAGICIAN,Interceptions,45,2
MAGICIAN,Interceptions,46,2
MAGICIAN,Interceptions,47,2
MAGICIAN,Interceptions,48,2
MAGICIAN,Interceptions,49,2
MAGICIAN,Interceptions,50,2
MAGICIAN,Interceptions,51,2
MAGICIAN,Interceptions,52,2
MAGICIAN,Interceptions,53,2
MAGICIAN,Interceptions,54,2
MAGICIAN,Interceptions,55,2
MAGICIAN,Interceptions,56,2
MAGICIAN,Interceptions,57,2
MAGICIAN,Interceptions,58,2
MAGICIAN,Interceptions,59,2
MAGICIAN,Interceptions,60,3
MAGICIAN,Interceptions,61,3
MAGICIAN,Interceptions,62,3
MAGICIAN,Interceptions,63,3
MAGICIAN,Interceptions,64,4
MAGICIAN,Interceptions,65,4
MAGICIAN,Interceptions,66,4
MAGICIAN,Interceptions,67,5
MAGICIAN,Interceptions,68,5
MAGICIAN,Interceptions,69,5
MAGICIAN,Interceptions,70,6
MAGICIAN,Interceptions,71,6
MAGICIAN,Interceptions,72,6
MAGICIAN,Interceptions,73,6
MAGICIAN,Interceptions,74,6
MAGICIAN,Interceptions,75,8
MAGICIAN,Interceptions,76,8
MAGICIAN,Interceptions,77,8
MAGICIAN,Interceptions,78,8
MAGICIAN,Interceptions,79,8
MAGICIAN,Interceptions,80,10
MAGICIAN,Interceptions,81,10
MAGICIAN,Interceptions,82,10
MAGICIAN,Interceptions,83,10
MAGICIAN,Interceptions,84,10
MAGICIAN,Interceptions,85,15
MAGICIAN,Interceptions,86,15
MAGICIAN,Interceptions,87,15
MAGICIAN,Interceptions,88,15
MAGICIAN,Interceptions,89,15
MAGICIAN,Interceptions,90,20
MAGICIAN,Interceptions,91,20
MAGICIAN,Interceptions,92,20
MAGICIAN,Interceptions,93,20
MAGICIAN,Interceptions,94,20
MAGICIAN,Interceptions,95,25
MAGICIAN,Interceptions,96,30
MAGICIAN,Interceptions,97,35
MAGICIAN,Interceptions,98,40
MAGICIAN,Interceptions,99,45
MAGICIAN,Heading Accuracy,40,1
MAGICIAN,Heading Accuracy,41,1
MAGICIAN,Heading Accuracy,42,1
MAGICIAN,Heading Accuracy,43,1
MAGICIAN,Heading Accuracy,44,1
MAGICIAN,Heading Accuracy,45,1
MAGICIAN,Heading Accuracy,46,1
MAGICIAN,Heading Accuracy,47,1
MAGICIAN,Heading Accuracy,48,1
MAGICIAN,Heading Accuracy,49,1
MAGICIAN,Heading Accuracy,50,1
MAGICIAN,Heading Accuracy,51,1
MAGICIAN,Heading Accuracy,52,1
MAGICIAN,Heading Accuracy,53,1
MAGICIAN,Heading Accuracy,54,1
MAGICIAN,Heading Accuracy,55,1
MAGICIAN,Heading Accuracy,56,1
MAGICIAN,Heading Accuracy,57,1
MAGICIAN,Heading Accuracy,58,1
MAGICIAN,Heading Accuracy,59,1
MAGICIAN,Heading Accuracy,60,2
MAGICIAN,Heading Accuracy,61,2
MAGICIAN,Heading Accuracy,62,2
MAGICIAN,Heading Accuracy,63,2
MAGICIAN,Heading Accuracy,64,3
MAGICIAN,Heading Accuracy,65,3
MAGICIAN,Heading Accuracy,66,3
MAGICIAN,Heading Accuracy,67,3
MAGICIAN,Heading Accuracy,68,3
MAGICIAN,Heading Accuracy,69,3
MAGICIAN,Heading Accuracy,70,4
MAGICIAN,Heading Accuracy,71,4
MAGICIAN,Heading Accuracy,72,4
MAGICIAN,Heading Accuracy,73,4
MAGICIAN,Heading Accuracy,74,4
MAGICIAN,Heading Accuracy,75,6
MAGICIAN,Heading Accuracy,76,6
MAGICIAN,Heading Accuracy,77,6
MAGICIAN,Heading Accuracy,78,6
MAGICIAN,Heading Accuracy,79,6
MAGICIAN,Heading Accuracy,80,7
MAGICIAN,Heading Accuracy,81,7
MAGICIAN,Heading Accuracy,82,7
MAGICIAN,Heading Accuracy,83,7
MAGICIAN,Heading Accuracy,84,7
MAGICIAN,Heading Accuracy,85,11
MAGICIAN,Heading Accuracy,86,11
MAGICIAN,Heading Accuracy,87,11
MAGICIAN,Heading Accuracy,88,11
MAGICIAN,Heading Accuracy,89,11
MAGICIAN,Heading Accuracy,90,15
MAGICIAN,Heading Accuracy,91,15
MAGICIAN,Heading Accuracy,92,15
MAGICIAN,Heading Accuracy,93,15
MAGICIAN,Heading Accuracy,94,15
MAGICIAN,Heading Accuracy,95,18
MAGICIAN,Heading Accuracy,96,22
MAGICIAN,Heading Accuracy,97,26
MAGICIAN,Heading Accuracy,98,30
MAGICIAN,Heading Accuracy,99,33
MAGICIAN,DefAwareness,40,1
MAGICIAN,DefAwareness,41,1
MAGICIAN,DefAwareness,42,1
MAGICIAN,DefAwareness,43,1
MAGICIAN,DefAwareness,44,1
MAGICIAN,DefAwareness,45,1
MAGICIAN,DefAwareness,46,1
MAGICIAN,DefAwareness,47,1
MAGICIAN,DefAwareness,48,1
MAGICIAN,DefAwareness,49,1
MAGICIAN,DefAwareness,50,1
MAGICIAN,DefAwareness,51,1
MAGICIAN,DefAwareness,52,1
MAGICIAN,DefAwareness,53,1
MAGICIAN,DefAwareness,54,1
MAGICIAN,DefAwareness,55,1
MAGICIAN,DefAwareness,56,1
MAGICIAN,DefAwareness,57,1
MAGICIAN,DefAwareness,58,1
MAGICIAN,DefAwareness,59,1
MAGICIAN,DefAwareness,60,2
MAGICIAN,DefAwareness,61,2
MAGICIAN,DefAwareness,62,2
MAGICIAN,DefAwareness,63,2
MAGICIAN,DefAwareness,64,3
MAGICIAN,DefAwareness,65,3
MAGICIAN,DefAwareness,66,3
MAGICIAN,DefAwareness,67,3
MAGICIAN,DefAwareness,68,3
MAGICIAN,DefAwareness,69,3
MAGICIAN,DefAwareness,70,4
MAGICIAN,DefAwareness,71,4
MAGICIAN,DefAwareness,72,4
MAGICIAN,DefAwareness,73,4
MAGICIAN,DefAwareness,74,4
MAGICIAN,DefAwareness,75,6
MAGICIAN,DefAwareness,76,6
MAGICIAN,DefAwareness,77,6
MAGICIAN,DefAwareness,78,6
MAGICIAN,DefAwareness,79,6
MAGICIAN,DefAwareness,80,7
MAGICIAN,DefAwareness,81,7
MAGICIAN,DefAwareness,82,7
MAGICIAN,DefAwareness,83,7
MAGICIAN,DefAwareness,84,7
MAGICIAN,DefAwareness,85,11
MAGICIAN,DefAwareness,86,11
MAGICIAN,DefAwareness,87,11
MAGICIAN,DefAwareness,88,11
MAGICIAN,DefAwareness,89,11
MAGICIAN,DefAwareness,90,15
MAGICIAN,DefAwareness,91,15
MAGICIAN,DefAwareness,92,15
MAGICIAN,DefAwareness,93,15
MAGICIAN,DefAwareness,94,15
MAGICIAN,DefAwareness,95,18
MAGICIAN,DefAwareness,96,22
MAGICIAN,DefAwareness,97,26
MAGICIAN,DefAwareness,98,30
MAGICIAN,DefAwareness,99,33
MAGICIAN,StandingTackle,40,2
MAGICIAN,StandingTackle,41,2
MAGICIAN,StandingTackle,42,2
MAGICIAN,StandingTackle,43,2
MAGICIAN,StandingTackle,44,2
MAGICIAN,StandingTackle,45,2
MAGICIAN,StandingTackle,46,2
MAGICIAN,StandingTackle,47,2
MAGICIAN,StandingTackle,48,2
MAGICIAN,StandingTackle,49,2
MAGICIAN,StandingTackle,50,2
MAGICIAN,StandingTackle,51,2
MAGICIAN,StandingTackle,52,2
MAGICIAN,StandingTackle,53,2
MAGICIAN,StandingTackle,54,2
MAGICIAN,StandingTackle,55,2
MAGICIAN,StandingTackle,56,2
MAGICIAN,StandingTackle,57,2
MAGICIAN,StandingTackle,58,2
MAGICIAN,StandingTackle,59,2
MAGICIAN,StandingTackle,60,3
MAGICIAN,StandingTackle,61,3
MAGICIAN,StandingTackle,62,3
MAGICIAN,StandingTackle,63,3
MAGICIAN,StandingTackle,64,4
MAGICIAN,StandingTackle,65,4
MAGICIAN,StandingTackle,66,4
MAGICIAN,StandingTackle,67,5
MAGICIAN,StandingTackle,68,5
MAGICIAN,StandingTackle,69,5
MAGICIAN,StandingTackle,70,6
MAGICIAN,StandingTackle,71,6
MAGICIAN,StandingTackle,72,6
MAGICIAN,StandingTackle,73,6
MAGICIAN,StandingTackle,74,6
MAGICIAN,StandingTackle,75,8
MAGICIAN,StandingTackle,76,8
MAGICIAN,StandingTackle,77,8
MAGICIAN,StandingTackle,78,8
MAGICIAN,StandingTackle,79,8
MAGICIAN,StandingTackle,80,10
MAGICIAN,StandingTackle,81,10
MAGICIAN,StandingTackle,82,10
MAGICIAN,StandingTackle,83,10
MAGICIAN,StandingTackle,84,10
MAGICIAN,StandingTackle,85,15
MAGICIAN,StandingTackle,86,15
MAGICIAN,StandingTackle,87,15
MAGICIAN,StandingTackle,88,15
MAGICIAN,StandingTackle,89,15
MAGICIAN,StandingTackle,90,20
MAGICIAN,StandingTackle,91,20
MAGICIAN,StandingTackle,92,20
MAGICIAN,StandingTackle,93,20
MAGICIAN,StandingTackle,94,20
MAGICIAN,StandingTackle,95,25
MAGICIAN,StandingTackle,96,30
MAGICIAN,StandingTackle,97,35
MAGICIAN,StandingTackle,98,40
MAGICIAN,StandingTackle,99,45
MAGICIAN,SlidingTackle,40,1
MAGICIAN,SlidingTackle,41,1
MAGICIAN,SlidingTackle,42,1
MAGICIAN,SlidingTackle,43,1
MAGICIAN,SlidingTackle,44,1
MAGICIAN,SlidingTackle,45,1
MAGICIAN,SlidingTackle,46,1
MAGICIAN,SlidingTackle,47,1
MAGICIAN,SlidingTackle,48,1
MAGICIAN,SlidingTackle,49,1
MAGICIAN,SlidingTackle,50,1
MAGICIAN,SlidingTackle,51,1
MAGICIAN,SlidingTackle,52,1
MAGICIAN,SlidingTackle,53,1
MAGICIAN,SlidingTackle,54,1
MAGICIAN,SlidingTackle,55,1
MAGICIAN,SlidingTackle,56,1
MAGICIAN,SlidingTackle,57,1
MAGICIAN,SlidingTackle,58,1
MAGICIAN,SlidingTackle,59,1
MAGICIAN,SlidingTackle,60,2
MAGICIAN,SlidingTackle,61,2
MAGICIAN,SlidingTackle,62,2
MAGICIAN,SlidingTackle,63,2
MAGICIAN,SlidingTackle,64,3
MAGICIAN,SlidingTackle,65,3
MAGICIAN,SlidingTackle,66,3
MAGICIAN,SlidingTackle,67,3
MAGICIAN,SlidingTackle,68,3
MAGICIAN,SlidingTackle,69,3
MAGICIAN,SlidingTackle,70,4
MAGICIAN,SlidingTackle,71,4
MAGICIAN,SlidingTackle,72,4
MAGICIAN,SlidingTackle,73,4
MAGICIAN,SlidingTackle,74,4
MAGICIAN,SlidingTackle,75,6
MAGICIAN,SlidingTackle,76,6
MAGICIAN,SlidingTackle,77,6
MAGICIAN,SlidingTackle,78,6
MAGICIAN,SlidingTackle,79,6
MAGICIAN,SlidingTackle,80,7
MAGICIAN,SlidingTackle,81,7
MAGICIAN,SlidingTackle,82,7
MAGICIAN,SlidingTackle,83,7
MAGICIAN,SlidingTackle,84,7
MAGICIAN,SlidingTackle,85,11
MAGICIAN,SlidingTackle,86,11
MAGICIAN,SlidingTackle,87,11
MAGICIAN,SlidingTackle,88,11
MAGICIAN,SlidingTackle,89,11
MAGICIAN,SlidingTackle,90,15
MAGICIAN,SlidingTackle,91,15
MAGICIAN,SlidingTackle,92,15
MAGICIAN,SlidingTackle,93,15
MAGICIAN,SlidingTackle,94,15
MAGICIAN,SlidingTackle,95,18
MAGICIAN,SlidingTackle,96,22
MAGICIAN,SlidingTackle,97,26
MAGICIAN,SlidingTackle,98,30
MAGICIAN,SlidingTackle,99,33
MAGICIAN,Jumping,40,1
MAGICIAN,Jumping,41,1
MAGICIAN,Jumping,42,1
MAGICIAN,Jumping,43,1
MAGICIAN,Jumping,44,1
MAGICIAN,Jumping,45,1
MAGICIAN,Jumping,46,1
MAGICIAN,Jumping,47,1
MAGICIAN,Jumping,48,1
MAGICIAN,Jumping,49,1
MAGICIAN,Jumping,50,1
MAGICIAN,Jumping,51,1
MAGICIAN,Jumping,52,1
MAGICIAN,Jumping,53,1
MAGICIAN,Jumping,54,1
MAGICIAN,Jumping,55,1
MAGICIAN,Jumping,56,1
MAGICIAN,Jumping,57,1
MAGICIAN,Jumping,58,1
MAGICIAN,Jumping,59,1
MAGICIAN,Jumping,60,1
MAGICIAN,Jumping,61,1
MAGICIAN,Jumping,62,1
MAGICIAN,Jumping,63,1
MAGICIAN,Jumping,64,2
MAGICIAN,Jumping,65,2
MAGICIAN,Jumping,66,2
MAGICIAN,Jumping,67,2
MAGICIAN,Jumping,68,2
MAGICIAN,Jumping,69,2
MAGICIAN,Jumping,70,3
MAGICIAN,Jumping,71,3
MAGICIAN,Jumping,72,3
MAGICIAN,Jumping,73,3
MAGICIAN,Jumping,74,3
MAGICIAN,Jumping,75,4
MAGICIAN,Jumping,76,4
MAGICIAN,Jumping,77,4
MAGICIAN,Jumping,78,4
MAGICIAN,Jumping,79,4
MAGICIAN,Jumping,80,5
MAGICIAN,Jumping,81,5
MAGICIAN,Jumping,82,5
MAGICIAN,Jumping,83,5
MAGICIAN,Jumping,84,5
MAGICIAN,Jumping,85,8
MAGICIAN,Jumping,86,8
MAGICIAN,Jumping,87,8
MAGICIAN,Jumping,88,8
MAGICIAN,Jumping,89,8
MAGICIAN,Jumping,90,11
MAGICIAN,Jumping,91,11
MAGICIAN,Jumping,92,11
MAGICIAN,Jumping,93,11
MAGICIAN,Jumping,94,11
MAGICIAN,Jumping,95,13
MAGICIAN,Jumping,96,16
MAGICIAN,Jumping,97,19
MAGICIAN,Jumping,98,22
MAGICIAN,Jumping,99,24
MAGICIAN,Stamina,40,1
MAGICIAN,Stamina,41,1
MAGICIAN,Stamina,42,1
MAGICIAN,Stamina,43,1
MAGICIAN,Stamina,44,1
MAGICIAN,Stamina,45,1
MAGICIAN,Stamina,46,1
MAGICIAN,Stamina,47,1
MAGICIAN,Stamina,48,1
MAGICIAN,Stamina,49,1
MAGICIAN,Stamina,50,1
MAGICIAN,Stamina,51,1
MAGICIAN,Stamina,52,1
MAGICIAN,Stamina,53,1
MAGICIAN,Stamina,54,1
MAGICIAN,Stamina,55,1
MAGICIAN,Stamina,56,1
MAGICIAN,Stamina,57,1
MAGICIAN,Stamina,58,1
MAGICIAN,Stamina,59,1
MAGICIAN,Stamina,60,1
MAGICIAN,Stamina,61,1
MAGICIAN,Stamina,62,1
MAGICIAN,Stamina,63,1
MAGICIAN,Stamina,64,2
MAGICIAN,Stamina,65,2
MAGICIAN,Stamina,66,2
MAGICIAN,Stamina,67,2
MAGICIAN,Stamina,68,2
MAGICIAN,Stamina,69,2
MAGICIAN,Stamina,70,3
MAGICIAN,Stamina,71,3
MAGICIAN,Stamina,72,3
MAGICIAN,Stamina,73,3
MAGICIAN,Stamina,74,3
MAGICIAN,Stamina,75,4
MAGICIAN,Stamina,76,4
MAGICIAN,Stamina,77,4
MAGICIAN,Stamina,78,4
MAGICIAN,Stamina,79,4
MAGICIAN,Stamina,80,5
MAGICIAN,Stamina,81,5
MAGICIAN,Stamina,82,5
MAGICIAN,Stamina,83,5
MAGICIAN,Stamina,84,5
MAGICIAN,Stamina,85,8
MAGICIAN,Stamina,86,8
MAGICIAN,Stamina,87,8
MAGICIAN,Stamina,88,8
MAGICIAN,Stamina,89,8
MAGICIAN,Stamina,90,11
MAGICIAN,Stamina,91,11
MAGICIAN,Stamina,92,11
MAGICIAN,Stamina,93,11
MAGICIAN,Stamina,94,11
MAGICIAN,Stamina,95,13
MAGICIAN,Stamina,96,16
MAGICIAN,Stamina,97,19
MAGICIAN,Stamina,98,22
MAGICIAN,Stamina,99,24
MAGICIAN,Strength,40,1
MAGICIAN,Strength,41,1
MAGICIAN,Strength,42,1
MAGICIAN,Strength,43,1
MAGICIAN,Strength,44,1
MAGICIAN,Strength,45,1
MAGICIAN,Strength,46,1
MAGICIAN,Strength,47,1
MAGICIAN,Strength,48,1
MAGICIAN,Strength,49,1
MAGICIAN,Strength,50,1
MAGICIAN,Strength,51,1
MAGICIAN,Strength,52,1
MAGICIAN,Strength,53,1
MAGICIAN,Strength,54,1
MAGICIAN,Strength,55,1
MAGICIAN,Strength,56,1
MAGICIAN,Strength,57,1
MAGICIAN,Strength,58,1
MAGICIAN,Strength,59,1
MAGICIAN,Strength,60,2
MAGICIAN,Strength,61,2
MAGICIAN,Strength,62,2
MAGICIAN,Strength,63,2
MAGICIAN,Strength,64,3
MAGICIAN,Strength,65,3
MAGICIAN,Strength,66,3
MAGICIAN,Strength,67,3
MAGICIAN,Strength,68,3
MAGICIAN,Strength,69,3
MAGICIAN,Strength,70,4
MAGICIAN,Strength,71,4
MAGICIAN,Strength,72,4
MAGICIAN,Strength,73,4
MAGICIAN,Strength,74,4
MAGICIAN,Strength,75,6
MAGICIAN,Strength,76,6
MAGICIAN,Strength,77,6
MAGICIAN,Strength,78,6
MAGICIAN,Strength,79,6
MAGICIAN,Strength,80,7
MAGICIAN,Strength,81,7
MAGICIAN,Strength,82,7
MAGICIAN,Strength,83,7
MAGICIAN,Strength,84,7
MAGICIAN,Strength,85,11
MAGICIAN,Strength,86,11
MAGICIAN,Strength,87,11
MAGICIAN,Strength,88,11
MAGICIAN,Strength,89,11
MAGICIAN,Strength,90,15
MAGICIAN,Strength,91,15
MAGICIAN,Strength,92,15
MAGICIAN,Strength,93,15
MAGICIAN,Strength,94,15
MAGICIAN,Strength,95,18
MAGICIAN,Strength,96,22
MAGICIAN,Strength,97,26
MAGICIAN,Strength,98,30
MAGICIAN,Strength,99,33
MAGICIAN,Aggression,40,1
MAGICIAN,Aggression,41,1
MAGICIAN,Aggression,42,1
MAGICIAN,Aggression,43,1
MAGICIAN,Aggression,44,1
MAGICIAN,Aggression,45,1
MAGICIAN,Aggression,46,1
MAGICIAN,Aggression,47,1
MAGICIAN,Aggression,48,1
MAGICIAN,Aggression,49,1
MAGICIAN,Aggression,50,1
MAGICIAN,Aggression,51,1
MAGICIAN,Aggression,52,1
MAGICIAN,Aggression,53,1
MAGICIAN,Aggression,54,1
MAGICIAN,Aggression,55,1
MAGICIAN,Aggression,56,1
MAGICIAN,Aggression,57,1
MAGICIAN,Aggression,58,1
MAGICIAN,Aggression,59,1
MAGICIAN,Aggression,60,1
MAGICIAN,Aggression,61,1
MAGICIAN,Aggression,62,1
MAGICIAN,Aggression,63,1
MAGICIAN,Aggression,64,2
MAGICIAN,Aggression,65,2
MAGICIAN,Aggression,66,2
MAGICIAN,Aggression,67,2
MAGICIAN,Aggression,68,2
MAGICIAN,Aggression,69,2
MAGICIAN,Aggression,70,3
MAGICIAN,Aggression,71,3
MAGICIAN,Aggression,72,3
MAGICIAN,Aggression,73,3
MAGICIAN,Aggression,74,3
MAGICIAN,Aggression,75,4
MAGICIAN,Aggression,76,4
MAGICIAN,Aggression,77,4
MAGICIAN,Aggression,78,4
MAGICIAN,Aggression,79,4
MAGICIAN,Aggression,80,5
MAGICIAN,Aggression,81,5
MAGICIAN,Aggression,82,5
MAGICIAN,Aggression,83,5
MAGICIAN,Aggression,84,5
MAGICIAN,Aggression,85,8
MAGICIAN,Aggression,86,8
MAGICIAN,Aggression,87,8
MAGICIAN,Aggression,88,8
MAGICIAN,Aggression,89,8
MAGICIAN,Aggression,90,11
MAGICIAN,Aggression,91,11
MAGICIAN,Aggression,92,11
MAGICIAN,Aggression,93,11
MAGICIAN,Aggression,94,11
MAGICIAN,Aggression,95,13
MAGICIAN,Aggression,96,16
MAGICIAN,Aggression,97,19
MAGICIAN,Aggression,98,22
MAGICIAN,Aggression,99,24
FINISHER,Acceleration,40,2
FINISHER,Acceleration,41,2
FINISHER,Acceleration,42,2
FINISHER,Acceleration,43,2
FINISHER,Acceleration,44,2
FINISHER,Acceleration,45,2
FINISHER,Acceleration,46,2
FINISHER,Acceleration,47,2
FINISHER,Acceleration,48,2
FINISHER,Acceleration,49,2
FINISHER,Acceleration,50,2
FINISHER,Acceleration,51,2
FINISHER,Acceleration,52,2
FINISHER,Acceleration,53,2
FINISHER,Acceleration,54,2
FINISHER,Acceleration,55,2
FINISHER,Acceleration,56,2
FINISHER,Acceleration,57,2
FINISHER,Acceleration,58,2
FINISHER,Acceleration,59,2
FINISHER,Acceleration,60,3
FINISHER,Acceleration,61,3
FINISHER,Acceleration,62,3
FINISHER,Acceleration,63,3
FINISHER,Acceleration,64,4
FINISHER,Acceleration,65,4
FINISHER,Acceleration,66,4
FINISHER,Acceleration,67,5
FINISHER,Acceleration,68,5
FINISHER,Acceleration,69,5
FINISHER,Acceleration,70,6
FINISHER,Acceleration,71,6
FINISHER,Acceleration,72,6
FINISHER,Acceleration,73,6
FINISHER,Acceleration,74,6
FINISHER,Acceleration,75,8
FINISHER,Acceleration,76,8
FINISHER,Acceleration,77,8
FINISHER,Acceleration,78,8
FINISHER,Acceleration,79,8
FINISHER,Acceleration,80,10
FINISHER,Acceleration,81,10
FINISHER,Acceleration,82,10
FINISHER,Acceleration,83,10
FINISHER,Acceleration,84,10
FINISHER,Acceleration,85,15
FINISHER,Acceleration,86,15
FINISHER,Acceleration,87,15
FINISHER,Acceleration,88,15
FINISHER,Acceleration,89,15
FINISHER,Acceleration,90,20
FINISHER,Acceleration,91,20
FINISHER,Acceleration,92,20
FINISHER,Acceleration,93,20
FINISHER,Acceleration,94,20
FINISHER,Acceleration,95,25
FINISHER,Acceleration,96,30
FINISHER,Acceleration,97,35
FINISHER,Acceleration,98,40
FINISHER,Acceleration,99,45
FINISHER,SprintSpeed,40,2
FINISHER,SprintSpeed,41,2
FINISHER,SprintSpeed,42,2
FINISHER,SprintSpeed,43,2
FINISHER,SprintSpeed,44,2
FINISHER,SprintSpeed,45,2
FINISHER,SprintSpeed,46,2
FINISHER,SprintSpeed,47,2
FINISHER,SprintSpeed,48,2
FINISHER,SprintSpeed,49,2
FINISHER,SprintSpeed,50,2
FINISHER,SprintSpeed,51,2
FINISHER,SprintSpeed,52,2
FINISHER,SprintSpeed,53,2
FINISHER,SprintSpeed,54,2
FINISHER,SprintSpeed,55,2
FINISHER,SprintSpeed,56,2
FINISHER,SprintSpeed,57,2
FINISHER,SprintSpeed,58,2
FINISHER,SprintSpeed,59,2
FINISHER,SprintSpeed,60,3
FINISHER,SprintSpeed,61,3
FINISHER,SprintSpeed,62,3
FINISHER,SprintSpeed,63,3
FINISHER,SprintSpeed,64,4
FINISHER,SprintSpeed,65,4
FINISHER,SprintSpeed,66,4
FINISHER,SprintSpeed,67,5
FINISHER,SprintSpeed,68,5
FINISHER,SprintSpeed,69,5
FINISHER,SprintSpeed,70,6
FINISHER,SprintSpeed,71,6
FINISHER,SprintSpeed,72,6
FINISHER,SprintSpeed,73,6
FINISHER,SprintSpeed,74,6
FINISHER,SprintSpeed,75,8
FINISHER,SprintSpeed,76,8
FINISHER,SprintSpeed,77,8
FINISHER,SprintSpeed,78,8
FINISHER,SprintSpeed,79,8
FINISHER,SprintSpeed,80,10
FINISHER,SprintSpeed,81,10
FINISHER,SprintSpeed,82,10
FINISHER,SprintSpeed,83,10
FINISHER,SprintSpeed,84,10
FINISHER,SprintSpeed,85,15
FINISHER,SprintSpeed,86,15
FINISHER,SprintSpeed,87,15
FINISHER,SprintSpeed,88,15
FINISHER,SprintSpeed,89,15
FINISHER,SprintSpeed,90,20
FINISHER,SprintSpeed,91,20
FINISHER,SprintSpeed,92,20
FINISHER,SprintSpeed,93,20
FINISHER,SprintSpeed,94,20
FINISHER,SprintSpeed,95,25
FINISHER,SprintSpeed,96,30
FINISHER,SprintSpeed,97,35
FINISHER,SprintSpeed,98,40
FINISHER,SprintSpeed,99,45
FINISHER,AttackPositioning,40,1
FINISHER,AttackPositioning,41,1
FINISHER,AttackPositioning,42,1
FINISHER,AttackPositioning,43,1
FINISHER,AttackPositioning,44,1
FINISHER,AttackPositioning,45,1
FINISHER,AttackPositioning,46,1
FINISHER,AttackPositioning,47,1
FINISHER,AttackPositioning,48,1
FINISHER,AttackPositioning,49,1
FINISHER,AttackPositioning,50,1
FINISHER,AttackPositioning,51,1
FINISHER,AttackPositioning,52,1
FINISHER,AttackPositioning,53,1
FINISHER,AttackPositioning,54,1
FINISHER,AttackPositioning,55,1
FINISHER,AttackPositioning,56,1
FINISHER,AttackPositioning,57,1
FINISHER,AttackPositioning,58,1
FINISHER,AttackPositioning,59,1
FINISHER,AttackPositioning,60,1
FINISHER,AttackPositioning,61,1
FINISHER,AttackPositioning,62,1
FINISHER,AttackPositioning,63,1
FINISHER,AttackPositioning,64,2
FINISHER,AttackPositioning,65,2
FINISHER,AttackPositioning,66,2
FINISHER,AttackPositioning,67,2
FINISHER,AttackPositioning,68,2
FINISHER,AttackPositioning,69,2
FINISHER,AttackPositioning,70,3
FINISHER,AttackPositioning,71,3
FINISHER,AttackPositioning,72,3
FINISHER,AttackPositioning,73,3
FINISHER,AttackPositioning,74,3
FINISHER,AttackPositioning,75,4
FINISHER,AttackPositioning,76,4
FINISHER,AttackPositioning,77,4
FINISHER,AttackPositioning,78,4
FINISHER,AttackPositioning,79,4
FINISHER,AttackPositioning,80,5
FINISHER,AttackPositioning,81,5
FINISHER,AttackPositioning,82,5
FINISHER,AttackPositioning,83,5
FINISHER,AttackPositioning,84,5
FINISHER,AttackPositioning,85,8
FINISHER,AttackPositioning,86,8
FINISHER,AttackPositioning,87,8
FINISHER,AttackPositioning,88,8
FINISHER,AttackPositioning,89,8
FINISHER,AttackPositioning,90,11
FINISHER,AttackPositioning,91,11
FINISHER,AttackPositioning,92,11
FINISHER,AttackPositioning,93,11
FINISHER,AttackPositioning,94,11
FINISHER,AttackPositioning,95,13
FINISHER,AttackPositioning,96,16
FINISHER,AttackPositioning,97,19
FINISHER,AttackPositioning,98,22
FINISHER,AttackPositioning,99,24
FINISHER,Finishing,40,1
FINISHER,Finishing,41,1
FINISHER,Finishing,42,1
FINISHER,Finishing,43,1
FINISHER,Finishing,44,1
FINISHER,Finishing,45,1
FINISHER,Finishing,46,1
FINISHER,Finishing,47,1
FINISHER,Finishing,48,1
FINISHER,Finishing,49,1
FINISHER,Finishing,50,1
FINISHER,Finishing,51,1
FINISHER,Finishing,52,1
FINISHER,Finishing,53,1
FINISHER,Finishing,54,1
FINISHER,Finishing,55,1
FINISHER,Finishing,56,1
FINISHER,Finishing,57,1
FINISHER,Finishing,58,1
FINISHER,Finishing,59,1
FINISHER,Finishing,60,2
FINISHER,Finishing,61,2
FINISHER,Finishing,62,2
FINISHER,Finishing,63,2
FINISHER,Finishing,64,3
FINISHER,Finishing,65,3
FINISHER,Finishing,66,3
FINISHER,Finishing,67,3
FINISHER,Finishing,68,3
FINISHER,Finishing,69,3
FINISHER,Finishing,70,4
FINISHER,Finishing,71,4
FINISHER,Finishing,72,4
FINISHER,Finishing,73,4
FINISHER,Finishing,74,4
FINISHER,Finishing,75,6
FINISHER,Finishing,76,6
FINISHER,Finishing,77,6
FINISHER,Finishing,78,6
FINISHER,Finishing,79,6
FINISHER,Finishing,80,7
FINISHER,Finishing,81,7
FINISHER,Finishing,82,7
FINISHER,Finishing,83,7
FINISHER,Finishing,84,7
FINISHER,Finishing,85,11
FINISHER,Finishing,86,11
FINISHER,Finishing,87,11
FINISHER,Finishing,88,11
FINISHER,Finishing,89,11
FINISHER,Finishing,90,15
FINISHER,Finishing,91,15
FINISHER,Finishing,92,15
FINISHER,Finishing,93,15
FINISHER,Finishing,94,15
FINISHER,Finishing,95,18
FINISHER,Finishing,96,22
FINISHER,Finishing,97,26
FINISHER,Finishing,98,30
FINISHER,Finishing,99,33
FINISHER,ShotPower,40,1
FINISHER,ShotPower,41,1
FINISHER,ShotPower,42,1
FINISHER,ShotPower,43,1
FINISHER,ShotPower,44,1
FINISHER,ShotPower,45,1
FINISHER,ShotPower,46,1
FINISHER,ShotPower,47,1
FINISHER,ShotPower,48,1
FINISHER,ShotPower,49,1
FINISHER,ShotPower,50,1
FINISHER,ShotPower,51,1
FINISHER,ShotPower,52,1
FINISHER,ShotPower,53,1
FINISHER,ShotPower,54,1
FINISHER,ShotPower,55,1
FINISHER,ShotPower,56,1
FINISHER,ShotPower,57,1
FINISHER,ShotPower,58,1
FINISHER,ShotPower,59,1
FINISHER,ShotPower,60,2
FINISHER,ShotPower,61,2
FINISHER,ShotPower,62,2
FINISHER,ShotPower,63,2
FINISHER,ShotPower,64,3
FINISHER,ShotPower,65,3
FINISHER,ShotPower,66,3
FINISHER,ShotPower,67,3
FINISHER,ShotPower,68,3
FINISHER,ShotPower,69,3
FINISHER,ShotPower,70,4
FINISHER,ShotPower,71,4
FINISHER,ShotPower,72,4
FINISHER,ShotPower,73,4
FINISHER,ShotPower,74,4
FINISHER,ShotPower,75,6
FINISHER,ShotPower,76,6
FINISHER,ShotPower,77,6
FINISHER,ShotPower,78,6
FINISHER,ShotPower,79,6
FINISHER,ShotPower,80,7
FINISHER,ShotPower,81,7
FINISHER,ShotPower,82,7
FINISHER,ShotPower,83,7
FINISHER,ShotPower,84,7
FINISHER,ShotPower,85,11
FINISHER,ShotPower,86,11
FINISHER,ShotPower,87,11
FINISHER,ShotPower,88,11
FINISHER,ShotPower,89,11
FINISHER,ShotPower,90,15
FINISHER,ShotPower,91,15
FINISHER,ShotPower,92,15
FINISHER,ShotPower,93,15
FINISHER,ShotPower,94,15
FINISHER,ShotPower,95,18
FINISHER,ShotPower,96,22
FINISHER,ShotPower,97,26
FINISHER,ShotPower,98,30
FINISHER,ShotPower,99,33
FINISHER,LongShots,40,1
FINISHER,LongShots,41,1
FINISHER,LongShots,42,1
FINISHER,LongShots,43,1
FINISHER,LongShots,44,1
FINISHER,LongShots,45,1
FINISHER,LongShots,46,1
FINISHER,LongShots,47,1
FINISHER,LongShots,48,1
FINISHER,LongShots,49,1
FINISHER,LongShots,50,1
FINISHER,LongShots,51,1
FINISHER,LongShots,52,1
FINISHER,LongShots,53,1
FINISHER,LongShots,54,1
FINISHER,LongShots,55,1
FINISHER,LongShots,56,1
FINISHER,LongShots,57,1
FINISHER,LongShots,58,1
FINISHER,LongShots,59,1
FINISHER,LongShots,60,2
FINISHER,LongShots,61,2
FINISHER,LongShots,62,2
FINISHER,LongShots,63,2
FINISHER,LongShots,64,3
FINISHER,LongShots,65,3
FINISHER,LongShots,66,3
FINISHER,LongShots,67,3
FINISHER,LongShots,68,3
FINISHER,LongShots,69,3
FINISHER,LongShots,70,4
FINISHER,LongShots,71,4
FINISHER,LongShots,72,4
FINISHER,LongShots,73,4
FINISHER,LongShots,74,4
FINISHER,LongShots,75,6
FINISHER,LongShots,76,6
FINISHER,LongShots,77,6
FINISHER,LongShots,78,6
FINISHER,LongShots,79,6
FINISHER,LongShots,80,7
FINISHER,LongShots,81,7
FINISHER,LongShots,82,7
FINISHER,LongShots,83,7
FINISHER,LongShots,84,7
FINISHER,LongShots,85,11
FINISHER,LongShots,86,11
FINISHER,LongShots,87,11
FINISHER,LongShots,88,11
FINISHER,LongShots,89,11
FINISHER,LongShots,90,15
FINISHER,LongShots,91,15
FINISHER,LongShots,92,15
FINISHER,LongShots,93,15
FINISHER,LongShots,94,15
FINISHER,LongShots,95,18
FINISHER,LongShots,96,22
FINISHER,LongShots,97,26
FINISHER,LongShots,98,30
FINISHER,LongShots,99,33
FINISHER,Volleys,40,1
FINISHER,Volleys,41,1
FINISHER,Volleys,42,1
FINISHER,Volleys,43,1
FINISHER,Volleys,44,1
FINISHER,Volleys,45,1
FINISHER,Volleys,46,1
FINISHER,Volleys,47,1
FINISHER,Volleys,48,1
FINISHER,Volleys,49,1
FINISHER,Volleys,50,1
FINISHER,Volleys,51,1
FINISHER,Volleys,52,1
FINISHER,Volleys,53,1
FINISHER,Volleys,54,1
FINISHER,Volleys,55,1
FINISHER,Volleys,56,1
FINISHER,Volleys,57,1
FINISHER,Volleys,58,1
FINISHER,Volleys,59,1
FINISHER,Volleys,60,1
FINISHER,Volleys,61,1
FINISHER,Volleys,62,1
FINISHER,Volleys,63,1
FINISHER,Volleys,64,1
FINISHER,Volleys,65,1
FINISHER,Volleys,66,1
FINISHER,Volleys,67,2
FINISHER,Volleys,68,2
FINISHER,Volleys,69,2
FINISHER,Volleys,70,2
FINISHER,Volleys,71,2
FINISHER,Volleys,72,2
FINISHER,Volleys,73,2
FINISHER,Volleys,74,2
FINISHER,Volleys,75,3
FINISHER,Volleys,76,3
FINISHER,Volleys,77,3
FINISHER,Volleys,78,3
FINISHER,Volleys,79,3
FINISHER,Volleys,80,3
FINISHER,Volleys,81,3
FINISHER,Volleys,82,3
FINISHER,Volleys,83,3
FINISHER,Volleys,84,3
FINISHER,Volleys,85,6
FINISHER,Volleys,86,6
FINISHER,Volleys,87,6
FINISHER,Volleys,88,6
FINISHER,Volleys,89,6
FINISHER,Volleys,90,8
FINISHER,Volleys,91,8
FINISHER,Volleys,92,8
FINISHER,Volleys,93,8
FINISHER,Volleys,94,8
FINISHER,Volleys,95,9
FINISHER,Volleys,96,12
FINISHER,Volleys,97,14
FINISHER,Volleys,98,16
FINISHER,Volleys,99,18
FINISHER,Penalties,40,1
FINISHER,Penalties,41,1
FINISHER,Penalties,42,1
FINISHER,Penalties,43,1
FINISHER,Penalties,44,1
FINISHER,Penalties,45,1
FINISHER,Penalties,46,1
FINISHER,Penalties,47,1
FINISHER,Penalties,48,1
FINISHER,Penalties,49,1
FINISHER,Penalties,50,1
FINISHER,Penalties,51,1
FINISHER,Penalties,52,1
FINISHER,Penalties,53,1
FINISHER,Penalties,54,1
FINISHER,Penalties,55,1
FINISHER,Penalties,56,1
FINISHER,Penalties,57,1
FINISHER,Penalties,58,1
FINISHER,Penalties,59,1
FINISHER,Penalties,60,1
FINISHER,Penalties,61,1
FINISHER,Penalties,62,1
FINISHER,Penalties,63,1
FINISHER,Penalties,64,2
FINISHER,Penalties,65,2
FINISHER,Penalties,66,2
FINISHER,Penalties,67,2
FINISHER,Penalties,68,2
FINISHER,Penalties,69,2
FINISHER,Penalties,70,3
FINISHER,Penalties,71,3
FINISHER,Penalties,72,3
FINISHER,Penalties,73,3
FINISHER,Penalties,74,3
FINISHER,Penalties,75,4
FINISHER,Penalties,76,4
FINISHER,Penalties,77,4
FINISHER,Penalties,78,4
FINISHER,Penalties,79,4
FINISHER,Penalties,80,5
FINISHER,Penalties,81,5
FINISHER,Penalties,82,5
FINISHER,Penalties,83,5
FINISHER,Penalties,84,5
FINISHER,Penalties,85,8
FINISHER,Penalties,86,8
FINISHER,Penalties,87,8
FINISHER,Penalties,88,8
FINISHER,Penalties,89,8
FINISHER,Penalties,90,11
FINISHER,Penalties,91,11
FINISHER,Penalties,92,11
FINISHER,Penalties,93,11
FINISHER,Penalties,94,11
FINISHER,Penalties,95,13
FINISHER,Penalties,96,16
FINISHER,Penalties,97,19
FINISHER,Penalties,98,22
FINISHER,Penalties,99,24
FINISHER,Vision,40,1
FINISHER,Vision,41,1
FINISHER,Vision,42,1
FINISHER,Vision,43,1
FINISHER,Vision,44,1
FINISHER,Vision,45,1
FINISHER,Vision,46,1
FINISHER,Vision,47,1
FINISHER,Vision,48,1
FINISHER,Vision,49,1
FINISHER,Vision,50,1
FINISHER,Vision,51,1
FINISHER,Vision,52,1
FINISHER,Vision,53,1
FINISHER,Vision,54,1
FINISHER,Vision,55,1
FINISHER,Vision,56,1
FINISHER,Vision,57,1
FINISHER,Vision,58,1
FINISHER,Vision,59,1
FINISHER,Vision,60,2
FINISHER,Vision,61,2
FINISHER,Vision,62,2
FINISHER,Vision,63,2
FINISHER,Vision,64,3
FINISHER,Vision,65,3
FINISHER,Vision,66,3
FINISHER,Vision,67,3
FINISHER,Vision,68,3
FINISHER,Vision,69,3
FINISHER,Vision,70,4
FINISHER,Vision,71,4
FINISHER,Vision,72,4
FINISHER,Vision,73,4
FINISHER,Vision,74,4
FINISHER,Vision,75,6
FINISHER,Vision,76,6
FINISHER,Vision,77,6
FINISHER,Vision,78,6
FINISHER,Vision,79,6
FINISHER,Vision,80,7
FINISHER,Vision,81,7
FINISHER,Vision,82,7
FINISHER,Vision,83,7
FINISHER,Vision,84,7
FINISHER,Vision,85,11
FINISHER,Vision,86,11
FINISHER,Vision,87,11
FINISHER,Vision,88,11
FINISHER,Vision,89,11
FINISHER,Vision,90,15
FINISHER,Vision,91,15
FINISHER,Vision,92,15
FINISHER,Vision,93,15
FINISHER,Vision,94,15
FINISHER,Vision,95,18
FINISHER,Vision,96,22
FINISHER,Vision,97,26
FINISHER,Vision,98,30
FINISHER,Vision,99,33
FINISHER,Crossing,40,1
FINISHER,Crossing,41,1
FINISHER,Crossing,42,1
FINISHER,Crossing,43,1
FINISHER,Crossing,44,1
FINISHER,Crossing,45,1
FINISHER,Crossing,46,1
FINISHER,Crossing,47,1
FINISHER,Crossing,48,1
FINISHER,Crossing,49,1
FINISHER,Crossing,50,1
FINISHER,Crossing,51,1
FINISHER,Crossing,52,1
FINISHER,Crossing,53,1
FINISHER,Crossing,54,1
FINISHER,Crossing,55,1
FINISHER,Crossing,56,1
FINISHER,Crossing,57,1
FINISHER,Crossing,58,1
FINISHER,Crossing,59,1
FINISHER,Crossing,60,2
FINISHER,Crossing,61,2
FINISHER,Crossing,62,2
FINISHER,Crossing,63,2
FINISHER,Crossing,64,3
FINISHER,Crossing,65,3
FINISHER,Crossing,66,3
FINISHER,Crossing,67,3
FINISHER,Crossing,68,3
FINISHER,Crossing,69,3
FINISHER,Crossing,70,4
FINISHER,Crossing,71,4
FINISHER,Crossing,72,4
FINISHER,Crossing,73,4
FINISHER,Crossing,74,4
FINISHER,Crossing,75,6
FINISHER,Crossing,76,6
FINISHER,Crossing,77,6
FINISHER,Crossing,78,6
FINISHER,Crossing,79,6
FINISHER,Crossing,80,7
FINISHER,Crossing,81,7
FINISHER,Crossing,82,7
FINISHER,Crossing,83,7
FINISHER,Crossing,84,7
FINISHER,Crossing,85,11
FINISHER,Crossing,86,11
FINISHER,Crossing,87,11
FINISHER,Crossing,88,11
FINISHER,Crossing,89,11
FINISHER,Crossing,90,15
FINISHER,Crossing,91,15
FINISHER,Crossing,92,15
FINISHER,Crossing,93,15
FINISHER,Crossing,94,15
FINISHER,Crossing,95,18
FINISHER,Crossing,96,22
FINISHER,Crossing,97,26
FINISHER,Crossing,98,30
FINISHER,Crossing,99,33
FINISHER,FKAccuracy,40,1
FINISHER,FKAccuracy,41,1
FINISHER,FKAccuracy,42,1
FINISHER,FKAccuracy,43,1
FINISHER,FKAccuracy,44,1
FINISHER,FKAccuracy,45,1
FINISHER,FKAccuracy,46,1
FINISHER,FKAccuracy,47,1
FINISHER,FKAccuracy,48,1
FINISHER,FKAccuracy,49,1
FINISHER,FKAccuracy,50,1
FINISHER,FKAccuracy,51,1
FINISHER,FKAccuracy,52,1
FINISHER,FKAccuracy,53,1
FINISHER,FKAccuracy,54,1
FINISHER,FKAccuracy,55,1
FINISHER,FKAccuracy,56,1
FINISHER,FKAccuracy,57,1
FINISHER,FKAccuracy,58,1
FINISHER,FKAccuracy,59,1
FINISHER,FKAccuracy,60,1
FINISHER,FKAccuracy,61,1
FINISHER,FKAccuracy,62,1
FINISHER,FKAccuracy,63,1
FINISHER,FKAccuracy,64,2
FINISHER,FKAccuracy,65,2
FINISHER,FKAccuracy,66,2
FINISHER,FKAccuracy,67,2
FINISHER,FKAccuracy,68,2
FINISHER,FKAccuracy,69,2
FINISHER,FKAccuracy,70,3
FINISHER,FKAccuracy,71,3
FINISHER,FKAccuracy,72,3
FINISHER,FKAccuracy,73,3
FINISHER,FKAccuracy,74,3
FINISHER,FKAccuracy,75,4
FINISHER,FKAccuracy,76,4
FINISHER,FKAccuracy,77,4
FINISHER,FKAccuracy,78,4
FINISHER,FKAccuracy,79,4
FINISHER,FKAccuracy,80,5
FINISHER,FKAccuracy,81,5
FINISHER,FKAccuracy,82,5
FINISHER,FKAccuracy,83,5
FINISHER,FKAccuracy,84,5
FINISHER,FKAccuracy,85,8
FINISHER,FKAccuracy,86,8
FINISHER,FKAccuracy,87,8
FINISHER,FKAccuracy,88,8
FINISHER,FKAccuracy,89,8
FINISHER,FKAccuracy,90,11
FINISHER,FKAccuracy,91,11
FINISHER,FKAccuracy,92,11
FINISHER,FKAccuracy,93,11
FINISHER,FKAccuracy,94,11
FINISHER,FKAccuracy,95,13
FINISHER,FKAccuracy,96,16
FINISHER,FKAccuracy,97,19
FINISHER,FKAccuracy,98,22
FINISHER,FKAccuracy,99,24
FINISHER,ShortPassing,40,2
FINISHER,ShortPassing,41,2
FINISHER,ShortPassing,42,2
FINISHER,ShortPassing,43,2
FINISHER,ShortPassing,44,2
FINISHER,ShortPassing,45,2
FINISHER,ShortPassing,46,2
FINISHER,ShortPassing,47,2
FINISHER,ShortPassing,48,2
FINISHER,ShortPassing,49,2
FINISHER,ShortPassing,50,2
FINISHER,ShortPassing,51,2
FINISHER,ShortPassing,52,2
FINISHER,ShortPassing,53,2
FINISHER,ShortPassing,54,2
FINISHER,ShortPassing,55,2
FINISHER,ShortPassing,56,2
FINISHER,ShortPassing,57,2
FINISHER,ShortPassing,58,2
FINISHER,ShortPassing,59,2
FINISHER,ShortPassing,60,3
FINISHER,ShortPassing,61,3
FINISHER,ShortPassing,62,3
FINISHER,ShortPassing,63,3
FINISHER,ShortPassing,64,4
FINISHER,ShortPassing,65,4
FINISHER,ShortPassing,66,4
FINISHER,ShortPassing,67,5
FINISHER,ShortPassing,68,5
FINISHER,ShortPassing,69,5
FINISHER,ShortPassing,70,6
FINISHER,ShortPassing,71,6
FINISHER,ShortPassing,72,6
FINISHER,ShortPassing,73,6
FINISHER,ShortPassing,74,6
FINISHER,ShortPassing,75,8
FINISHER,ShortPassing,76,8
FINISHER,ShortPassing,77,8
FINISHER,ShortPassing,78,8
FINISHER,ShortPassing,79,8
FINISHER,ShortPassing,80,10
FINISHER,ShortPassing,81,10
FINISHER,ShortPassing,82,10
FINISHER,ShortPassing,83,10
FINISHER,ShortPassing,84,10
FINISHER,ShortPassing,85,15
FINISHER,ShortPassing,86,15
FINISHER,ShortPassing,87,15
FINISHER,ShortPassing,88,15
FINISHER,ShortPassing,89,15
FINISHER,ShortPassing,90,20
FINISHER,ShortPassing,91,20
FINISHER,ShortPassing,92,20
FINISHER,ShortPassing,93,20
FINISHER,ShortPassing,94,20
FINISHER,ShortPassing,95,25
FINISHER,ShortPassing,96,30
FINISHER,ShortPassing,97,35
FINISHER,ShortPassing,98,40
FINISHER,ShortPassing,99,45
FINISHER,LongPassing,40,1
FINISHER,LongPassing,41,1
FINISHER,LongPassing,42,1
FINISHER,LongPassing,43,1
FINISHER,LongPassing,44,1
FINISHER,LongPassing,45,1
FINISHER,LongPassing,46,1
FINISHER,LongPassing,47,1
FINISHER,LongPassing,48,1
FINISHER,LongPassing,49,1
FINISHER,LongPassing,50,1
FINISHER,LongPassing,51,1
FINISHER,LongPassing,52,1
FINISHER,LongPassing,53,1
FINISHER,LongPassing,54,1
FINISHER,LongPassing,55,1
FINISHER,LongPassing,56,1
FINISHER,LongPassing,57,1
FINISHER,LongPassing,58,1
FINISHER,LongPassing,59,1
FINISHER,LongPassing,60,2
FINISHER,LongPassing,61,2
FINISHER,LongPassing,62,2
FINISHER,LongPassing,63,2
FINISHER,LongPassing,64,3
FINISHER,LongPassing,65,3
FINISHER,LongPassing,66,3
FINISHER,LongPassing,67,3
FINISHER,LongPassing,68,3
FINISHER,LongPassing,69,3
FINISHER,LongPassing,70,4
FINISHER,LongPassing,71,4
FINISHER,LongPassing,72,4
FINISHER,LongPassing,73,4
FINISHER,LongPassing,74,4
FINISHER,LongPassing,75,6
FINISHER,LongPassing,76,6
FINISHER,LongPassing,77,6
FINISHER,LongPassing,78,6
FINISHER,LongPassing,79,6
FINISHER,LongPassing,80,7
FINISHER,LongPassing,81,7
FINISHER,LongPassing,82,7
FINISHER,LongPassing,83,7
FINISHER,LongPassing,84,7
FINISHER,LongPassing,85,11
FINISHER,LongPassing,86,11
FINISHER,LongPassing,87,11
FINISHER,LongPassing,88,11
FINISHER,LongPassing,89,11
FINISHER,LongPassing,90,15
FINISHER,LongPassing,91,15
FINISHER,LongPassing,92,15
FINISHER,LongPassing,93,15
FINISHER,LongPassing,94,15
FINISHER,LongPassing,95,18
FINISHER,LongPassing,96,22
FINISHER,LongPassing,97,26
FINISHER,LongPassing,98,30
FINISHER,LongPassing,99,33
FINISHER,Curve,40,1
FINISHER,Curve,41,1
FINISHER,Curve,42,1
FINISHER,Curve,43,1
FINISHER,Curve,44,1
FINISHER,Curve,45,1
FINISHER,Curve,46,1
FINISHER,Curve,47,1
FINISHER,Curve,48,1
FINISHER,Curve,49,1
FINISHER,Curve,50,1
FINISHER,Curve,51,1
FINISHER,Curve,52,1
FINISHER,Curve,53,1
FINISHER,Curve,54,1
FINISHER,Curve,55,1
FINISHER,Curve,56,1
FINISHER,Curve,57,1
FINISHER,Curve,58,1
FINISHER,Curve,59,1
FINISHER,Curve,60,1
FINISHER,Curve,61,1
FINISHER,Curve,62,1
FINISHER,Curve,63,1
FINISHER,Curve,64,2
FINISHER,Curve,65,2
FINISHER,Curve,66,2
FINISHER,Curve,67,2
FINISHER,Curve,68,2
FINISHER,Curve,69,2
FINISHER,Curve,70,3
FINISHER,Curve,71,3
FINISHER,Curve,72,3
FINISHER,Curve,73,3
FINISHER,Curve,74,3
FINISHER,Curve,75,4
FINISHER,Curve,76,4
FINISHER,Curve,77,4
FINISHER,Curve,78,4
FINISHER,Curve,79,4
FINISHER,Curve,80,5
FINISHER,Curve,81,5
FINISHER,Curve,82,5
FINISHER,Curve,83,5
FINISHER,Curve,84,5
FINISHER,Curve,85,8
FINISHER,Curve,86,8
FINISHER,Curve,87,8
FINISHER,Curve,88,8
FINISHER,Curve,89,8
FINISHER,Curve,90,11
FINISHER,Curve,91,11
FINISHER,Curve,92,11
FINISHER,Curve,93,11
FINISHER,Curve,94,11
FINISHER,Curve,95,13
FINISHER,Curve,96,16
FINISHER,Curve,97,19
FINISHER,Curve,98,22
FINISHER,Curve,99,24
FINISHER,Agility,40,2
FINISHER,Agility,41,2
FINISHER,Agility,42,2
FINISHER,Agility,43,2
FINISHER,Agility,44,2
FINISHER,Agility,45,2
FINISHER,Agility,46,2
FINISHER,Agility,47,2
FINISHER,Agility,48,2
FINISHER,Agility,49,2
FINISHER,Agility,50,2
FINISHER,Agility,51,2
FINISHER,Agility,52,2
FINISHER,Agility,53,2
FINISHER,Agility,54,2
FINISHER,Agility,55,2
FINISHER,Agility,56,2
FINISHER,Agility,57,2
FINISHER,Agility,58,2
FINISHER,Agility,59,2
FINISHER,Agility,60,3
FINISHER,Agility,61,3
FINISHER,Agility,62,3
FINISHER,Agility,63,3
FINISHER,Agility,64,4
FINISHER,Agility,65,4
FINISHER,Agility,66,4
FINISHER,Agility,67,5
FINISHER,Agility,68,5
FINISHER,Agility,69,5
FINISHER,Agility,70,6
FINISHER,Agility,71,6
FINISHER,Agility,72,6
FINISHER,Agility,73,6
FINISHER,Agility,74,6
FINISHER,Agility,75,8
FINISHER,Agility,76,8
FINISHER,Agility,77,8
FINISHER,Agility,78,8
FINISHER,Agility,79,8
FINISHER,Agility,80,10
FINISHER,Agility,81,10
FINISHER,Agility,82,10
FINISHER,Agility,83,10
FINISHER,Agility,84,10
FINISHER,Agility,85,15
FINISHER,Agility,86,15
FINISHER,Agility,87,15
FINISHER,Agility,88,15
FINISHER,Agility,89,15
FINISHER,Agility,90,20
FINISHER,Agility,91,20
FINISHER,Agility,92,20
FINISHER,Agility,93,20
FINISHER,Agility,94,20
FINISHER,Agility,95,25
FINISHER,Agility,96,30
FINISHER,Agility,97,35
FINISHER,Agility,98,40
FINISHER,Agility,99,45
FINISHER,Balance,40,1
FINISHER,Balance,41,1
FINISHER,Balance,42,1
FINISHER,Balance,43,1
FINISHER,Balance,44,1
FINISHER,Balance,45,1
FINISHER,Balance,46,1
FINISHER,Balance,47,1
FINISHER,Balance,48,1
FINISHER,Balance,49,1
FINISHER,Balance,50,1
FINISHER,Balance,51,1
FINISHER,Balance,52,1
FINISHER,Balance,53,1
FINISHER,Balance,54,1
FINISHER,Balance,55,1
FINISHER,Balance,56,1
FINISHER,Balance,57,1
FINISHER,Balance,58,1
FINISHER,Balance,59,1
FINISHER,Balance,60,2
FINISHER,Balance,61,2
FINISHER,Balance,62,2
FINISHER,Balance,63,2
FINISHER,Balance,64,3
FINISHER,Balance,65,3
FINISHER,Balance,66,3
FINISHER,Balance,67,3
FINISHER,Balance,68,3
FINISHER,Balance,69,3
FINISHER,Balance,70,4
FINISHER,Balance,71,4
FINISHER,Balance,72,4
FINISHER,Balance,73,4
FINISHER,Balance,74,4
FINISHER,Balance,75,6
FINISHER,Balance,76,6
FINISHER,Balance,77,6
FINISHER,Balance,78,6
FINISHER,Balance,79,6
FINISHER,Balance,80,7
FINISHER,Balance,81,7
FINISHER,Balance,82,7
FINISHER,Balance,83,7
FINISHER,Balance,84,7
FINISHER,Balance,85,11
FINISHER,Balance,86,11
FINISHER,Balance,87,11
FINISHER,Balance,88,11
FINISHER,Balance,89,11
FINISHER,Balance,90,15
FINISHER,Balance,91,15
FINISHER,Balance,92,15
FINISHER,Balance,93,15
FINISHER,Balance,94,15
FINISHER,Balance,95,18
FINISHER,Balance,96,22
FINISHER,Balance,97,26
FINISHER,Balance,98,30
FINISHER,Balance,99,33
FINISHER,Reactions,40,1
FINISHER,Reactions,41,1
FINISHER,Reactions,42,1
FINISHER,Reactions,43,1
FINISHER,Reactions,44,1
FINISHER,Reactions,45,1
FINISHER,Reactions,46,1
FINISHER,Reactions,47,1
FINISHER,Reactions,48,1
FINISHER,Reactions,49,1
FINISHER,Reactions,50,1
FINISHER,Reactions,51,1
FINISHER,Reactions,52,1
FINISHER,Reactions,53,1
FINISHER,Reactions,54,1
FINISHER,Reactions,55,1
FINISHER,Reactions,56,1
FINISHER,Reactions,57,1
FINISHER,Reactions,58,1
FINISHER,Reactions,59,1
FINISHER,Reactions,60,1
FINISHER,Reactions,61,1
FINISHER,Reactions,62,1
FINISHER,Reactions,63,1
FINISHER,Reactions,64,1
FINISHER,Reactions,65,1
FINISHER,Reactions,66,1
FINISHER,Reactions,67,2
FINISHER,Reactions,68,2
FINISHER,Reactions,69,2
FINISHER,Reactions,70,2
FINISHER,Reactions,71,2
FINISHER,Reactions,72,2
FINISHER,Reactions,73,2
FINISHER,Reactions,74,2
FINISHER,Reactions,75,3
FINISHER,Reactions,76,3
FINISHER,Reactions,77,3
FINISHER,Reactions,78,3
FINISHER,Reactions,79,3
FINISHER,Reactions,80,3
FINISHER,Reactions,81,3
FINISHER,Reactions,82,3
FINISHER,Reactions,83,3
FINISHER,Reactions,84,3
FINISHER,Reactions,85,6
FINISHER,Reactions,86,6
FINISHER,Reactions,87,6
FINISHER,Reactions,88,6
FINISHER,Reactions,89,6
FINISHER,Reactions,90,8
FINISHER,Reactions,91,8
FINISHER,Reactions,92,8
FINISHER,Reactions,93,8
FINISHER,Reactions,94,8
FINISHER,Reactions,95,9
FINISHER,Reactions,96,12
FINISHER,Reactions,97,14
FINISHER,Reactions,98,16
FINISHER,Reactions,99,18
FINISHER,BallControl,40,1
FINISHER,BallControl,41,1
FINISHER,BallControl,42,1
FINISHER,BallControl,43,1
FINISHER,BallControl,44,1
FINISHER,BallControl,45,1
FINISHER,BallControl,46,1
FINISHER,BallControl,47,1
FINISHER,BallControl,48,1
FINISHER,BallControl,49,1
FINISHER,BallControl,50,1
FINISHER,BallControl,51,1
FINISHER,BallControl,52,1
FINISHER,BallControl,53,1
FINISHER,BallControl,54,1
FINISHER,BallControl,55,1
FINISHER,BallControl,56,1
FINISHER,BallControl,57,1
FINISHER,BallControl,58,1
FINISHER,BallControl,59,1
FINISHER,BallControl,60,2
FINISHER,BallControl,61,2
FINISHER,BallControl,62,2
FINISHER,BallControl,63,2
FINISHER,BallControl,64,3
FINISHER,BallControl,65,3
FINISHER,BallControl,66,3
FINISHER,BallControl,67,3
FINISHER,BallControl,68,3
FINISHER,BallControl,69,3
FINISHER,BallControl,70,4
FINISHER,BallControl,71,4
FINISHER,BallControl,72,4
FINISHER,BallControl,73,4
FINISHER,BallControl,74,4
FINISHER,BallControl,75,6
FINISHER,BallControl,76,6
FINISHER,BallControl,77,6
FINISHER,BallControl,78,6
FINISHER,BallControl,79,6
FINISHER,BallControl,80,7
FINISHER,BallControl,81,7
FINISHER,BallControl,82,7
FINISHER,BallControl,83,7
FINISHER,BallControl,84,7
FINISHER,BallControl,85,11
FINISHER,BallControl,86,11
FINISHER,BallControl,87,11
FINISHER,BallControl,88,11
FINISHER,BallControl,89,11
FINISHER,BallControl,90,15
FINISHER,BallControl,91,15
FINISHER,BallControl,92,15
FINISHER,BallControl,93,15
FINISHER,BallControl,94,15
FINISHER,BallControl,95,18
FINISHER,BallControl,96,22
FINISHER,BallControl,97,26
FINISHER,BallControl,98,30
FINISHER,BallControl,99,33
FINISHER,Dribbling,40,2
FINISHER,Dribbling,41,2
FINISHER,Dribbling,42,2
FINISHER,Dribbling,43,2
FINISHER,Dribbling,44,2
FINISHER,Dribbling,45,2
FINISHER,Dribbling,46,2
FINISHER,Dribbling,47,2
FINISHER,Dribbling,48,2
FINISHER,Dribbling,49,2
FINISHER,Dribbling,50,2
FINISHER,Dribbling,51,2
FINISHER,Dribbling,52,2
FINISHER,Dribbling,53,2
FINISHER,Dribbling,54,2
FINISHER,Dribbling,55,2
FINISHER,Dribbling,56,2
FINISHER,Dribbling,57,2
FINISHER,Dribbling,58,2
FINISHER,Dribbling,59,2
FINISHER,Dribbling,60,3
FINISHER,Dribbling,61,3
FINISHER,Dribbling,62,3
FINISHER,Dribbling,63,3
FINISHER,Dribbling,64,4
FINISHER,Dribbling,65,4
FINISHER,Dribbling,66,4
FINISHER,Dribbling,67,5
FINISHER,Dribbling,68,5
FINISHER,Dribbling,69,5
FINISHER,Dribbling,70,6
FINISHER,Dribbling,71,6
FINISHER,Dribbling,72,6
FINISHER,Dribbling,73,6
FINISHER,Dribbling,74,6
FINISHER,Dribbling,75,8
FINISHER,Dribbling,76,8
FINISHER,Dribbling,77,8
FINISHER,Dribbling,78,8
FINISHER,Dribbling,79,8
FINISHER,Dribbling,80,10
FINISHER,Dribbling,81,10
FINISHER,Dribbling,82,10
FINISHER,Dribbling,83,10
FINISHER,Dribbling,84,10
FINISHER,Dribbling,85,15
FINISHER,Dribbling,86,15
FINISHER,Dribbling,87,15
FINISHER,Dribbling,88,15
FINISHER,Dribbling,89,15
FINISHER,Dribbling,90,20
FINISHER,Dribbling,91,20
FINISHER,Dribbling,92,20
FINISHER,Dribbling,93,20
FINISHER,Dribbling,94,20
FINISHER,Dribbling,95,25
FINISHER,Dribbling,96,30
FINISHER,Dribbling,97,35
FINISHER,Dribbling,98,40
FINISHER,Dribbling,99,45
FINISHER,Composure,40,1
FINISHER,Composure,41,1
FINISHER,Composure,42,1
FINISHER,Composure,43,1
FINISHER,Composure,44,1
FINISHER,Composure,45,1
FINISHER,Composure,46,1
FINISHER,Composure,47,1
FINISHER,Composure,48,1
FINISHER,Composure,49,1
FINISHER,Composure,50,1
FINISHER,Composure,51,1
FINISHER,Composure,52,1
FINISHER,Composure,53,1
FINISHER,Composure,54,1
FINISHER,Composure,55,1
FINISHER,Composure,56,1
FINISHER,Composure,57,1
FINISHER,Composure,58,1
FINISHER,Composure,59,1
FINISHER,Composure,60,1
FINISHER,Composure,61,1
FINISHER,Composure,62,1
FINISHER,Composure,63,1
FINISHER,Composure,64,2
FINISHER,Composure,65,2
FINISHER,Composure,66,2
FINISHER,Composure,67,2
FINISHER,Composure,68,2
FINISHER,Composure,69,2
FINISHER,Composure,70,3
FINISHER,Composure,71,3
FINISHER,Composure,72,3
FINISHER,Composure,73,3
FINISHER,Composure,74,3
FINISHER,Composure,75,4
FINISHER,Composure,76,4
FINISHER,Composure,77,4
FINISHER,Composure,78,4
FINISHER,Composure,79,4
FINISHER,Composure,80,5
FINISHER,Composure,81,5
FINISHER,Composure,82,5
FINISHER,Composure,83,5
FINISHER,Composure,84,5
FINISHER,Composure,85,8
FINISHER,Composure,86,8
FINISHER,Composure,87,8
FINISHER,Composure,88,8
FINISHER,Composure,89,8
FINISHER,Composure,90,11
FINISHER,Composure,91,11
FINISHER,Composure,92,11
FINISHER,Composure,93,11
FINISHER,Composure,94,11
FINISHER,Composure,95,13
FINISHER,Composure,96,16
FINISHER,Composure,97,19
FINISHER,Composure,98,22
FINISHER,Composure,99,24
FINISHER,Interceptions,40,2
FINISHER,Interceptions,41,2
FINISHER,Interceptions,42,2
FINISHER,Interceptions,43,2
FINISHER,Interceptions,44,2
FINISHER,Interceptions,45,2
FINISHER,Interceptions,46,2
FINISHER,Interceptions,47,2
FINISHER,Interceptions,48,2
FINISHER,Interceptions,49,2
FINISHER,Interceptions,50,2
FINISHER,Interceptions,51,2
FINISHER,Interceptions,52,2
FINISHER,Interceptions,53,2
FINISHER,Interceptions,54,2
FINISHER,Interceptions,55,2
FINISHER,Interceptions,56,2
FINISHER,Interceptions,57,2
FINISHER,Interceptions,58,2
FINISHER,Interceptions,59,2
FINISHER,Interceptions,60,3
FINISHER,Interceptions,61,3
FINISHER,Interceptions,62,3
FINISHER,Interceptions,63,3
FINISHER,Interceptions,64,4
FINISHER,Interceptions,65,4
FINISHER,Interceptions,66,4
FINISHER,Interceptions,67,5
FINISHER,Interceptions,68,5
FINISHER,Interceptions,69,5
FINISHER,Interceptions,70,6
FINISHER,Interceptions,71,6
FINISHER,Interceptions,72,6
FINISHER,Interceptions,73,6
FINISHER,Interceptions,74,6
FINISHER,Interceptions,75,8
FINISHER,Interceptions,76,8
FINISHER,Interceptions,77,8
FINISHER,Interceptions,78,8
FINISHER,Interceptions,79,8
FINISHER,Interceptions,80,10
FINISHER,Interceptions,81,10
FINISHER,Interceptions,82,10
FINISHER,Interceptions,83,10
FINISHER,Interceptions,84,10
FINISHER,Interceptions,85,15
FINISHER,Interceptions,86,15
FINISHER,Interceptions,87,15
FINISHER,Interceptions,88,15
FINISHER,Interceptions,89,15
FINISHER,Interceptions,90,20
FINISHER,Interceptions,91,20
FINISHER,Interceptions,92,20
FINISHER,Interceptions,93,20
FINISHER,Interceptions,94,20
FINISHER,Interceptions,95,25
FINISHER,Interceptions,96,30
FINISHER,Interceptions,97,35
FINISHER,Interceptions,98,40
FINISHER,Interceptions,99,45
FINISHER,Heading Accuracy,40,1
FINISHER,Heading Accuracy,41,1
FINISHER,Heading Accuracy,42,1
FINISHER,Heading Accuracy,43,1
FINISHER,Heading Accuracy,44,1
FINISHER,Heading Accuracy,45,1
FINISHER,Heading Accuracy,46,1
FINISHER,Heading Accuracy,47,1
FINISHER,Heading Accuracy,48,1
FINISHER,Heading Accuracy,49,1
FINISHER,Heading Accuracy,50,1
FINISHER,Heading Accuracy,51,1
FINISHER,Heading Accuracy,52,1
FINISHER,Heading Accuracy,53,1
FINISHER,Heading Accuracy,54,1
FINISHER,Heading Accuracy,55,1
FINISHER,Heading Accuracy,56,1
FINISHER,Heading Accuracy,57,1
FINISHER,Heading Accuracy,58,1
FINISHER,Heading Accuracy,59,1
FINISHER,Heading Accuracy,60,2
FINISHER,Heading Accuracy,61,2
FINISHER,Heading Accuracy,62,2
FINISHER,Heading Accuracy,63,2
FINISHER,Heading Accuracy,64,3
FINISHER,Heading Accuracy,65,3
FINISHER,Heading Accuracy,66,3
FINISHER,Heading Accuracy,67,3
FINISHER,Heading Accuracy,68,3
FINISHER,Heading Accuracy,69,3
FINISHER,Heading Accuracy,70,4
FINISHER,Heading Accuracy,71,4
FINISHER,Heading Accuracy,72,4
FINISHER,Heading Accuracy,73,4
FINISHER,Heading Accuracy,74,4
FINISHER,Heading Accuracy,75,6
FINISHER,Heading Accuracy,76,6
FINISHER,Heading Accuracy,77,6
FINISHER,Heading Accuracy,78,6
FINISHER,Heading Accuracy,79,6
FINISHER,Heading Accuracy,80,7
FINISHER,Heading Accuracy,81,7
FINISHER,Heading Accuracy,82,7
FINISHER,Heading Accuracy,83,7
FINISHER,Heading Accuracy,84,7
FINISHER,Heading Accuracy,85,11
FINISHER,Heading Accuracy,86,11
FINISHER,Heading Accuracy,87,11
FINISHER,Heading Accuracy,88,11
FINISHER,Heading Accuracy,89,11
FINISHER,Heading Accuracy,90,15
FINISHER,Heading Accuracy,91,15
FINISHER,Heading Accuracy,92,15
FINISHER,Heading Accuracy,93,15
FINISHER,Heading Accuracy,94,15
FINISHER,Heading Accuracy,95,18
FINISHER,Heading Accuracy,96,22
FINISHER,Heading Accuracy,97,26
FINISHER,Heading Accuracy,98,30
FINISHER,Heading Accuracy,99,33
FINISHER,DefAwareness,40,1
FINISHER,DefAwareness,41,1
FINISHER,DefAwareness,42,1
FINISHER,DefAwareness,43,1
FINISHER,DefAwareness,44,1
FINISHER,DefAwareness,45,1
FINISHER,DefAwareness,46,1
FINISHER,DefAwareness,47,1
FINISHER,DefAwareness,48,1
FINISHER,DefAwareness,49,1
FINISHER,DefAwareness,50,1
FINISHER,DefAwareness,51,1
FINISHER,DefAwareness,52,1
FINISHER,DefAwareness,53,1
FINISHER,DefAwareness,54,1
FINISHER,DefAwareness,55,1
FINISHER,DefAwareness,56,1
FINISHER,DefAwareness,57,1
FINISHER,DefAwareness,58,1
FINISHER,DefAwareness,59,1
FINISHER,DefAwareness,60,2
FINISHER,DefAwareness,61,2
FINISHER,DefAwareness,62,2
FINISHER,DefAwareness,63,2
FINISHER,DefAwareness,64,3
FINISHER,DefAwareness,65,3
FINISHER,DefAwareness,66,3
FINISHER,DefAwareness,67,3
FINISHER,DefAwareness,68,3
FINISHER,DefAwareness,69,3
FINISHER,DefAwareness,70,4
FINISHER,DefAwareness,71,4
FINISHER,DefAwareness,72,4
FINISHER,DefAwareness,73,4
FINISHER,DefAwareness,74,4
FINISHER,DefAwareness,75,6
FINISHER,DefAwareness,76,6
FINISHER,DefAwareness,77,6
FINISHER,DefAwareness,78,6
FINISHER,DefAwareness,79,6
FINISHER,DefAwareness,80,7
FINISHER,DefAwareness,81,7
FINISHER,DefAwareness,82,7
FINISHER,DefAwareness,83,7
FINISHER,DefAwareness,84,7
FINISHER,DefAwareness,85,11
FINISHER,DefAwareness,86,11
FINISHER,DefAwareness,87,11
FINISHER,DefAwareness,88,11
FINISHER,DefAwareness,89,11
FINISHER,DefAwareness,90,15
FINISHER,DefAwareness,91,15
FINISHER,DefAwareness,92,15
FINISHER,DefAwareness,93,15
FINISHER,DefAwareness,94,15
FINISHER,DefAwareness,95,18
FINISHER,DefAwareness,96,22
FINISHER,DefAwareness,97,26
FINISHER,DefAwareness,98,30
FINISHER,DefAwareness,99,33
FINISHER,StandingTackle,40,2
FINISHER,StandingTackle,41,2
FINISHER,StandingTackle,42,2
FINISHER,StandingTackle,43,2
FINISHER,StandingTackle,44,2
FINISHER,StandingTackle,45,2
FINISHER,StandingTackle,46,2
FINISHER,StandingTackle,47,2
FINISHER,StandingTackle,48,2
FINISHER,StandingTackle,49,2
FINISHER,StandingTackle,50,2
FINISHER,StandingTackle,51,2
FINISHER,StandingTackle,52,2
FINISHER,StandingTackle,53,2
FINISHER,StandingTackle,54,2
FINISHER,StandingTackle,55,2
FINISHER,StandingTackle,56,2
FINISHER,StandingTackle,57,2
FINISHER,StandingTackle,58,2
FINISHER,StandingTackle,59,2
FINISHER,StandingTackle,60,3
FINISHER,StandingTackle,61,3
FINISHER,StandingTackle,62,3
FINISHER,StandingTackle,63,3
FINISHER,StandingTackle,64,4
FINISHER,StandingTackle,65,4
FINISHER,StandingTackle,66,4
FINISHER,StandingTackle,67,5
FINISHER,StandingTackle,68,5
FINISHER,StandingTackle,69,5
FINISHER,StandingTackle,70,6
FINISHER,StandingTackle,71,6
FINISHER,StandingTackle,72,6
FINISHER,StandingTackle,73,6
FINISHER,StandingTackle,74,6
FINISHER,StandingTackle,75,8
FINISHER,StandingTackle,76,8
FINISHER,StandingTackle,77,8
FINISHER,StandingTackle,78,8
FINISHER,StandingTackle,79,8
FINISHER,StandingTackle,80,10
FINISHER,StandingTackle,81,10
FINISHER,StandingTackle,82,10
FINISHER,StandingTackle,83,10
FINISHER,StandingTackle,84,10
FINISHER,StandingTackle,85,15
FINISHER,StandingTackle,86,15
FINISHER,StandingTackle,87,15
FINISHER,StandingTackle,88,15
FINISHER,StandingTackle,89,15
FINISHER,StandingTackle,90,20
FINISHER,StandingTackle,91,20
FINISHER,StandingTackle,92,20
FINISHER,StandingTackle,93,20
FINISHER,StandingTackle,94,20
FINISHER,StandingTackle,95,25
FINISHER,StandingTackle,96,30
FINISHER,StandingTackle,97,35
FINISHER,StandingTackle,98,40
FINISHER,StandingTackle,99,45
FINISHER,SlidingTackle,40,1
FINISHER,SlidingTackle,41,1
FINISHER,SlidingTackle,42,1
FINISHER,SlidingTackle,43,1
FINISHER,SlidingTackle,44,1
FINISHER,SlidingTackle,45,1
FINISHER,SlidingTackle,46,1
FINISHER,SlidingTackle,47,1
FINISHER,SlidingTackle,48,1
FINISHER,SlidingTackle,49,1
FINISHER,SlidingTackle,50,1
FINISHER,SlidingTackle,51,1
FINISHER,SlidingTackle,52,1
FINISHER,SlidingTackle,53,1
FINISHER,SlidingTackle,54,1
FINISHER,SlidingTackle,55,1
FINISHER,SlidingTackle,56,1
FINISHER,SlidingTackle,57,1
FINISHER,SlidingTackle,58,1
FINISHER,SlidingTackle,59,1
FINISHER,SlidingTackle,60,2
FINISHER,SlidingTackle,61,2
FINISHER,SlidingTackle,62,2
FINISHER,SlidingTackle,63,2
FINISHER,SlidingTackle,64,3
FINISHER,SlidingTackle,65,3
FINISHER,SlidingTackle,66,3
FINISHER,SlidingTackle,67,3
FINISHER,SlidingTackle,68,3
FINISHER,SlidingTackle,69,3
FINISHER,SlidingTackle,70,4
FINISHER,SlidingTackle,71,4
FINISHER,SlidingTackle,72,4
FINISHER,SlidingTackle,73,4
FINISHER,SlidingTackle,74,4
FINISHER,SlidingTackle,75,6
FINISHER,SlidingTackle,76,6
FINISHER,SlidingTackle,77,6
FINISHER,SlidingTackle,78,6
FINISHER,SlidingTackle,79,6
FINISHER,SlidingTackle,80,7
FINISHER,SlidingTackle,81,7
FINISHER,SlidingTackle,82,7
FINISHER,SlidingTackle,83,7
FINISHER,SlidingTackle,84,7
FINISHER,SlidingTackle,85,11
FINISHER,SlidingTackle,86,11
FINISHER,SlidingTackle,87,11
FINISHER,SlidingTackle,88,11
FINISHER,SlidingTackle,89,11
FINISHER,SlidingTackle,90,15
FINISHER,SlidingTackle,91,15
FINISHER,SlidingTackle,92,15
FINISHER,SlidingTackle,93,15
FINISHER,SlidingTackle,94,15
FINISHER,SlidingTackle,95,18
FINISHER,SlidingTackle,96,22
FINISHER,SlidingTackle,97,26
FINISHER,SlidingTackle,98,30
FINISHER,SlidingTackle,99,33
FINISHER,Jumping,40,1
FINISHER,Jumping,41,1
FINISHER,Jumping,42,1
FINISHER,Jumping,43,1
FINISHER,Jumping,44,1
FINISHER,Jumping,45,1
FINISHER,Jumping,46,1
FINISHER,Jumping,47,1
FINISHER,Jumping,48,1
FINISHER,Jumping,49,1
FINISHER,Jumping,50,1
FINISHER,Jumping,51,1
FINISHER,Jumping,52,1
FINISHER,Jumping,53,1
FINISHER,Jumping,54,1
FINISHER,Jumping,55,1
FINISHER,Jumping,56,1
FINISHER,Jumping,57,1
FINISHER,Jumping,58,1
FINISHER,Jumping,59,1
FINISHER,Jumping,60,1
FINISHER,Jumping,61,1
FINISHER,Jumping,62,1
FINISHER,Jumping,63,1
FINISHER,Jumping,64,2
FINISHER,Jumping,65,2
FINISHER,Jumping,66,2
FINISHER,Jumping,67,2
FINISHER,Jumping,68,2
FINISHER,Jumping,69,2
FINISHER,Jumping,70,3
FINISHER,Jumping,71,3
FINISHER,Jumping,72,3
FINISHER,Jumping,73,3
FINISHER,Jumping,74,3
FINISHER,Jumping,75,4
FINISHER,Jumping,76,4
FINISHER,Jumping,77,4
FINISHER,Jumping,78,4
FINISHER,Jumping,79,4
FINISHER,Jumping,80,5
FINISHER,Jumping,81,5
FINISHER,Jumping,82,5
FINISHER,Jumping,83,5
FINISHER,Jumping,84,5
FINISHER,Jumping,85,8
FINISHER,Jumping,86,8
FINISHER,Jumping,87,8
FINISHER,Jumping,88,8
FINISHER,Jumping,89,8
FINISHER,Jumping,90,11
FINISHER,Jumping,91,11
FINISHER,Jumping,92,11
FINISHER,Jumping,93,11
FINISHER,Jumping,94,11
FINISHER,Jumping,95,13
FINISHER,Jumping,96,16
FINISHER,Jumping,97,19
FINISHER,Jumping,98,22
FINISHER,Jumping,99,24
FINISHER,Stamina,40,1
FINISHER,Stamina,41,1
FINISHER,Stamina,42,1
FINISHER,Stamina,43,1
FINISHER,Stamina,44,1
FINISHER,Stamina,45,1
FINISHER,Stamina,46,1
FINISHER,Stamina,47,1
FINISHER,Stamina,48,1
FINISHER,Stamina,49,1
FINISHER,Stamina,50,1
FINISHER,Stamina,51,1
FINISHER,Stamina,52,1
FINISHER,Stamina,53,1
FINISHER,Stamina,54,1
FINISHER,Stamina,55,1
FINISHER,Stamina,56,1
FINISHER,Stamina,57,1
FINISHER,Stamina,58,1
FINISHER,Stamina,59,1
FINISHER,Stamina,60,1
FINISHER,Stamina,61,1
FINISHER,Stamina,62,1
FINISHER,Stamina,63,1
FINISHER,Stamina,64,2
FINISHER,Stamina,65,2
FINISHER,Stamina,66,2
FINISHER,Stamina,67,2
FINISHER,Stamina,68,2
FINISHER,Stamina,69,2
FINISHER,Stamina,70,3
FINISHER,Stamina,71,3
FINISHER,Stamina,72,3
FINISHER,Stamina,73,3
FINISHER,Stamina,74,3
FINISHER,Stamina,75,4
FINISHER,Stamina,76,4
FINISHER,Stamina,77,4
FINISHER,Stamina,78,4
FINISHER,Stamina,79,4
FINISHER,Stamina,80,5
FINISHER,Stamina,81,5
FINISHER,Stamina,82,5
FINISHER,Stamina,83,5
FINISHER,Stamina,84,5
FINISHER,Stamina,85,8
FINISHER,Stamina,86,8
FINISHER,Stamina,87,8
FINISHER,Stamina,88,8
FINISHER,Stamina,89,8
FINISHER,Stamina,90,11
FINISHER,Stamina,91,11
FINISHER,Stamina,92,11
FINISHER,Stamina,93,11
FINISHER,Stamina,94,11
FINISHER,Stamina,95,13
FINISHER,Stamina,96,16
FINISHER,Stamina,97,19
FINISHER,Stamina,98,22
FINISHER,Stamina,99,24
FINISHER,Strength,40,1
FINISHER,Strength,41,1
FINISHER,Strength,42,1
FINISHER,Strength,43,1
FINISHER,Strength,44,1
FINISHER,Strength,45,1
FINISHER,Strength,46,1
FINISHER,Strength,47,1
FINISHER,Strength,48,1
FINISHER,Strength,49,1
FINISHER,Strength,50,1
FINISHER,Strength,51,1
FINISHER,Strength,52,1
FINISHER,Strength,53,1
FINISHER,Strength,54,1
FINISHER,Strength,55,1
FINISHER,Strength,56,1
FINISHER,Strength,57,1
FINISHER,Strength,58,1
FINISHER,Strength,59,1
FINISHER,Strength,60,2
FINISHER,Strength,61,2
FINISHER,Strength,62,2
FINISHER,Strength,63,2
FINISHER,Strength,64,3
FINISHER,Strength,65,3
FINISHER,Strength,66,3
FINISHER,Strength,67,3
FINISHER,Strength,68,3
FINISHER,Strength,69,3
FINISHER,Strength,70,4
FINISHER,Strength,71,4
FINISHER,Strength,72,4
FINISHER,Strength,73,4
FINISHER,Strength,74,4
FINISHER,Strength,75,6
FINISHER,Strength,76,6
FINISHER,Strength,77,6
FINISHER,Strength,78,6
FINISHER,Strength,79,6
FINISHER,Strength,80,7
FINISHER,Strength,81,7
FINISHER,Strength,82,7
FINISHER,Strength,83,7
FINISHER,Strength,84,7
FINISHER,Strength,85,11
FINISHER,Strength,86,11
FINISHER,Strength,87,11
FINISHER,Strength,88,11
FINISHER,Strength,89,11
FINISHER,Strength,90,15
FINISHER,Strength,91,15
FINISHER,Strength,92,15
FINISHER,Strength,93,15
FINISHER,Strength,94,15
FINISHER,Strength,95,18
FINISHER,Strength,96,22
FINISHER,Strength,97,26
FINISHER,Strength,98,30
FINISHER,Strength,99,33
FINISHER,Aggression,40,1
FINISHER,Aggression,41,1
FINISHER,Aggression,42,1
FINISHER,Aggression,43,1
FINISHER,Aggression,44,1
FINISHER,Aggression,45,1
FINISHER,Aggression,46,1
FINISHER,Aggression,47,1
FINISHER,Aggression,48,1
FINISHER,Aggression,49,1
FINISHER,Aggression,50,1
FINISHER,Aggression,51,1
FINISHER,Aggression,52,1
FINISHER,Aggression,53,1
FINISHER,Aggression,54,1
FINISHER,Aggression,55,1
FINISHER,Aggression,56,1
FINISHER,Aggression,57,1
FINISHER,Aggression,58,1
FINISHER,Aggression,59,1
FINISHER,Aggression,60,1
FINISHER,Aggression,61,1
FINISHER,Aggression,62,1
FINISHER,Aggression,63,1
FINISHER,Aggression,64,2
FINISHER,Aggression,65,2
FINISHER,Aggression,66,2
FINISHER,Aggression,67,2
FINISHER,Aggression,68,2
FINISHER,Aggression,69,2
FINISHER,Aggression,70,3
FINISHER,Aggression,71,3
FINISHER,Aggression,72,3
FINISHER,Aggression,73,3
FINISHER,Aggression,74,3
FINISHER,Aggression,75,4
FINISHER,Aggression,76,4
FINISHER,Aggression,77,4
FINISHER,Aggression,78,4
FINISHER,Aggression,79,4
FINISHER,Aggression,80,5
FINISHER,Aggression,81,5
FINISHER,Aggression,82,5
FINISHER,Aggression,83,5
FINISHER,Aggression,84,5
FINISHER,Aggression,85,8
FINISHER,Aggression,86,8
FINISHER,Aggression,87,8
FINISHER,Aggression,88,8
FINISHER,Aggression,89,8
FINISHER,Aggression,90,11
FINISHER,Aggression,91,11
FINISHER,Aggression,92,11
FINISHER,Aggression,93,11
FINISHER,Aggression,94,11
FINISHER,Aggression,95,13
FINISHER,Aggression,96,16
FINISHER,Aggression,97,19
FINISHER,Aggression,98,22
FINISHER,Aggression,99,24
TARGET,Acceleration,40,2
TARGET,Acceleration,41,2
TARGET,Acceleration,42,2
TARGET,Acceleration,43,2
TARGET,Acceleration,44,2
TARGET,Acceleration,45,2
TARGET,Acceleration,46,2
TARGET,Acceleration,47,2
TARGET,Acceleration,48,2
TARGET,Acceleration,49,2
TARGET,Acceleration,50,2
TARGET,Acceleration,51,2
TARGET,Acceleration,52,2
TARGET,Acceleration,53,2
TARGET,Acceleration,54,2
TARGET,Acceleration,55,2
TARGET,Acceleration,56,2
TARGET,Acceleration,57,2
TARGET,Acceleration,58,2
TARGET,Acceleration,59,2
TARGET,Acceleration,60,3
TARGET,Acceleration,61,3
TARGET,Acceleration,62,3
TARGET,Acceleration,63,3
TARGET,Acceleration,64,4
TARGET,Acceleration,65,4
TARGET,Acceleration,66,4
TARGET,Acceleration,67,5
TARGET,Acceleration,68,5
TARGET,Acceleration,69,5
TARGET,Acceleration,70,6
TARGET,Acceleration,71,6
TARGET,Acceleration,72,6
TARGET,Acceleration,73,6
TARGET,Acceleration,74,6
TARGET,Acceleration,75,8
TARGET,Acceleration,76,8
TARGET,Acceleration,77,8
TARGET,Acceleration,78,8
TARGET,Acceleration,79,8
TARGET,Acceleration,80,10
TARGET,Acceleration,81,10
TARGET,Acceleration,82,10
TARGET,Acceleration,83,10
TARGET,Acceleration,84,10
TARGET,Acceleration,85,15
TARGET,Acceleration,86,15
TARGET,Acceleration,87,15
TARGET,Acceleration,88,15
TARGET,Acceleration,89,15
TARGET,Acceleration,90,20
TARGET,Acceleration,91,20
TARGET,Acceleration,92,20
TARGET,Acceleration,93,20
TARGET,Acceleration,94,20
TARGET,Acceleration,95,25
TARGET,Acceleration,96,30
TARGET,Acceleration,97,35
TARGET,Acceleration,98,40
TARGET,Acceleration,99,45
TARGET,SprintSpeed,40,2
TARGET,SprintSpeed,41,2
TARGET,SprintSpeed,42,2
TARGET,SprintSpeed,43,2
TARGET,SprintSpeed,44,2
TARGET,SprintSpeed,45,2
TARGET,SprintSpeed,46,2
TARGET,SprintSpeed,47,2
TARGET,SprintSpeed,48,2
TARGET,SprintSpeed,49,2
TARGET,SprintSpeed,50,2
TARGET,SprintSpeed,51,2
TARGET,SprintSpeed,52,2
TARGET,SprintSpeed,53,2
TARGET,SprintSpeed,54,2
TARGET,SprintSpeed,55,2
TARGET,SprintSpeed,56,2
TARGET,SprintSpeed,57,2
TARGET,SprintSpeed,58,2
TARGET,SprintSpeed,59,2
TARGET,SprintSpeed,60,3
TARGET,SprintSpeed,61,3
TARGET,SprintSpeed,62,3
TARGET,SprintSpeed,63,3
TARGET,SprintSpeed,64,4
TARGET,SprintSpeed,65,4
TARGET,SprintSpeed,66,4
TARGET,SprintSpeed,67,5
TARGET,SprintSpeed,68,5
TARGET,SprintSpeed,69,5
TARGET,SprintSpeed,70,6
TARGET,SprintSpeed,71,6
TARGET,SprintSpeed,72,6
TARGET,SprintSpeed,73,6
TARGET,SprintSpeed,74,6
TARGET,SprintSpeed,75,8
TARGET,SprintSpeed,76,8
TARGET,SprintSpeed,77,8
TARGET,SprintSpeed,78,8
TARGET,SprintSpeed,79,8
TARGET,SprintSpeed,80,10
TARGET,SprintSpeed,81,10
TARGET,SprintSpeed,82,10
TARGET,SprintSpeed,83,10
TARGET,SprintSpeed,84,10
TARGET,SprintSpeed,85,15
TARGET,SprintSpeed,86,15
TARGET,SprintSpeed,87,15
TARGET,SprintSpeed,88,15
TARGET,SprintSpeed,89,15
TARGET,SprintSpeed,90,20
TARGET,SprintSpeed,91,20
TARGET,SprintSpeed,92,20
TARGET,SprintSpeed,93,20
TARGET,SprintSpeed,94,20
TARGET,SprintSpeed,95,25
TARGET,SprintSpeed,96,30
TARGET,SprintSpeed,97,35
TARGET,SprintSpeed,98,40
TARGET,SprintSpeed,99,45
TARGET,AttackPositioning,40,1
TARGET,AttackPositioning,41,1
TARGET,AttackPositioning,42,1
TARGET,AttackPositioning,43,1
TARGET,AttackPositioning,44,1
TARGET,AttackPositioning,45,1
TARGET,AttackPositioning,46,1
TARGET,AttackPositioning,47,1
TARGET,AttackPositioning,48,1
TARGET,AttackPositioning,49,1
TARGET,AttackPositioning,50,1
TARGET,AttackPositioning,51,1
TARGET,AttackPositioning,52,1
TARGET,AttackPositioning,53,1
TARGET,AttackPositioning,54,1
TARGET,AttackPositioning,55,1
TARGET,AttackPositioning,56,1
TARGET,AttackPositioning,57,1
TARGET,AttackPositioning,58,1
TARGET,AttackPositioning,59,1
TARGET,AttackPositioning,60,1
TARGET,AttackPositioning,61,1
TARGET,AttackPositioning,62,1
TARGET,AttackPositioning,63,1
TARGET,AttackPositioning,64,2
TARGET,AttackPositioning,65,2
TARGET,AttackPositioning,66,2
TARGET,AttackPositioning,67,2
TARGET,AttackPositioning,68,2
TARGET,AttackPositioning,69,2
TARGET,AttackPositioning,70,3
TARGET,AttackPositioning,71,3
TARGET,AttackPositioning,72,3
TARGET,AttackPositioning,73,3
TARGET,AttackPositioning,74,3
TARGET,AttackPositioning,75,4
TARGET,AttackPositioning,76,4
TARGET,AttackPositioning,77,4
TARGET,AttackPositioning,78,4
TARGET,AttackPositioning,79,4
TARGET,AttackPositioning,80,5
TARGET,AttackPositioning,81,5
TARGET,AttackPositioning,82,5
TARGET,AttackPositioning,83,5
TARGET,AttackPositioning,84,5
TARGET,AttackPositioning,85,8
TARGET,AttackPositioning,86,8
TARGET,AttackPositioning,87,8
TARGET,AttackPositioning,88,8
TARGET,AttackPositioning,89,8
TARGET,AttackPositioning,90,11
TARGET,AttackPositioning,91,11
TARGET,AttackPositioning,92,11
TARGET,AttackPositioning,93,11
TARGET,AttackPositioning,94,11
TARGET,AttackPositioning,95,13
TARGET,AttackPositioning,96,16
TARGET,AttackPositioning,97,19
TARGET,AttackPositioning,98,22
TARGET,AttackPositioning,99,24
TARGET,Finishing,40,2
TARGET,Finishing,41,2
TARGET,Finishing,42,2
TARGET,Finishing,43,2
TARGET,Finishing,44,2
TARGET,Finishing,45,2
TARGET,Finishing,46,2
TARGET,Finishing,47,2
TARGET,Finishing,48,2
TARGET,Finishing,49,2
TARGET,Finishing,50,2
TARGET,Finishing,51,2
TARGET,Finishing,52,2
TARGET,Finishing,53,2
TARGET,Finishing,54,2
TARGET,Finishing,55,2
TARGET,Finishing,56,2
TARGET,Finishing,57,2
TARGET,Finishing,58,2
TARGET,Finishing,59,2
TARGET,Finishing,60,3
TARGET,Finishing,61,3
TARGET,Finishing,62,3
TARGET,Finishing,63,3
TARGET,Finishing,64,4
TARGET,Finishing,65,4
TARGET,Finishing,66,4
TARGET,Finishing,67,5
TARGET,Finishing,68,5
TARGET,Finishing,69,5
TARGET,Finishing,70,6
TARGET,Finishing,71,6
TARGET,Finishing,72,6
TARGET,Finishing,73,6
TARGET,Finishing,74,6
TARGET,Finishing,75,8
TARGET,Finishing,76,8
TARGET,Finishing,77,8
TARGET,Finishing,78,8
TARGET,Finishing,79,8
TARGET,Finishing,80,10
TARGET,Finishing,81,10
TARGET,Finishing,82,10
TARGET,Finishing,83,10
TARGET,Finishing,84,10
TARGET,Finishing,85,15
TARGET,Finishing,86,15
TARGET,Finishing,87,15
TARGET,Finishing,88,15
TARGET,Finishing,89,15
TARGET,Finishing,90,20
TARGET,Finishing,91,20
TARGET,Finishing,92,20
TARGET,Finishing,93,20
TARGET,Finishing,94,20
TARGET,Finishing,95,25
TARGET,Finishing,96,30
TARGET,Finishing,97,35
TARGET,Finishing,98,40
TARGET,Finishing,99,45
TARGET,ShotPower,40,1
TARGET,ShotPower,41,1
TARGET,ShotPower,42,1
TARGET,ShotPower,43,1
TARGET,ShotPower,44,1
TARGET,ShotPower,45,1
TARGET,ShotPower,46,1
TARGET,ShotPower,47,1
TARGET,ShotPower,48,1
TARGET,ShotPower,49,1
TARGET,ShotPower,50,1
TARGET,ShotPower,51,1
TARGET,ShotPower,52,1
TARGET,ShotPower,53,1
TARGET,ShotPower,54,1
TARGET,ShotPower,55,1
TARGET,ShotPower,56,1
TARGET,ShotPower,57,1
TARGET,ShotPower,58,1
TARGET,ShotPower,59,1
TARGET,ShotPower,60,1
TARGET,ShotPower,61,1
TARGET,ShotPower,62,1
TARGET,ShotPower,63,1
TARGET,ShotPower,64,2
TARGET,ShotPower,65,2
TARGET,ShotPower,66,2
TARGET,ShotPower,67,2
TARGET,ShotPower,68,2
TARGET,ShotPower,69,2
TARGET,ShotPower,70,3
TARGET,ShotPower,71,3
TARGET,ShotPower,72,3
TARGET,ShotPower,73,3
TARGET,ShotPower,74,3
TARGET,ShotPower,75,4
TARGET,ShotPower,76,4
TARGET,ShotPower,77,4
TARGET,ShotPower,78,4
TARGET,ShotPower,79,4
TARGET,ShotPower,80,5
TARGET,ShotPower,81,5
TARGET,ShotPower,82,5
TARGET,ShotPower,83,5
TARGET,ShotPower,84,5
TARGET,ShotPower,85,8
TARGET,ShotPower,86,8
TARGET,ShotPower,87,8
TARGET,ShotPower,88,8
TARGET,ShotPower,89,8
TARGET,ShotPower,90,11
TARGET,ShotPower,91,11
TARGET,ShotPower,92,11
TARGET,ShotPower,93,11
TARGET,ShotPower,94,11
TARGET,ShotPower,95,13
TARGET,ShotPower,96,16
TARGET,ShotPower,97,19
TARGET,ShotPower,98,22
TARGET,ShotPower,99,24
TARGET,LongShots,40,1
TARGET,LongShots,41,1
TARGET,LongShots,42,1
TARGET,LongShots,43,1
TARGET,LongShots,44,1
TARGET,LongShots,45,1
TARGET,LongShots,46,1
TARGET,LongShots,47,1
TARGET,LongShots,48,1
TARGET,LongShots,49,1
TARGET,LongShots,50,1
TARGET,LongShots,51,1
TARGET,LongShots,52,1
TARGET,LongShots,53,1
TARGET,LongShots,54,1
TARGET,LongShots,55,1
TARGET,LongShots,56,1
TARGET,LongShots,57,1
TARGET,LongShots,58,1
TARGET,LongShots,59,1
TARGET,LongShots,60,2
TARGET,LongShots,61,2
TARGET,LongShots,62,2
TARGET,LongShots,63,2
TARGET,LongShots,64,3
TARGET,LongShots,65,3
TARGET,LongShots,66,3
TARGET,LongShots,67,3
TARGET,LongShots,68,3
TARGET,LongShots,69,3
TARGET,LongShots,70,4
TARGET,LongShots,71,4
TARGET,LongShots,72,4
TARGET,LongShots,73,4
TARGET,LongShots,74,4
TARGET,LongShots,75,6
TARGET,LongShots,76,6
TARGET,LongShots,77,6
TARGET,LongShots,78,6
TARGET,LongShots,79,6
TARGET,LongShots,80,7
TARGET,LongShots,81,7
TARGET,LongShots,82,7
TARGET,LongShots,83,7
TARGET,LongShots,84,7
TARGET,LongShots,85,11
TARGET,LongShots,86,11
TARGET,LongShots,87,11
TARGET,LongShots,88,11
TARGET,LongShots,89,11
TARGET,LongShots,90,15
TARGET,LongShots,91,15
TARGET,LongShots,92,15
TARGET,LongShots,93,15
TARGET,LongShots,94,15
TARGET,LongShots,95,18
TARGET,LongShots,96,22
TARGET,LongShots,97,26
TARGET,LongShots,98,30
TARGET,LongShots,99,33
TARGET,Volleys,40,1
TARGET,Volleys,41,1
TARGET,Volleys,42,1
TARGET,Volleys,43,1
TARGET,Volleys,44,1
TARGET,Volleys,45,1
TARGET,Volleys,46,1
TARGET,Volleys,47,1
TARGET,Volleys,48,1
TARGET,Volleys,49,1
TARGET,Volleys,50,1
TARGET,Volleys,51,1
TARGET,Volleys,52,1
TARGET,Volleys,53,1
TARGET,Volleys,54,1
TARGET,Volleys,55,1
TARGET,Volleys,56,1
TARGET,Volleys,57,1
TARGET,Volleys,58,1
TARGET,Volleys,59,1
TARGET,Volleys,60,1
TARGET,Volleys,61,1
TARGET,Volleys,62,1
TARGET,Volleys,63,1
TARGET,Volleys,64,2
TARGET,Volleys,65,2
TARGET,Volleys,66,2
TARGET,Volleys,67,2
TARGET,Volleys,68,2
TARGET,Volleys,69,2
TARGET,Volleys,70,3
TARGET,Volleys,71,3
TARGET,Volleys,72,3
TARGET,Volleys,73,3
TARGET,Volleys,74,3
TARGET,Volleys,75,4
TARGET,Volleys,76,4
TARGET,Volleys,77,4
TARGET,Volleys,78,4
TARGET,Volleys,79,4
TARGET,Volleys,80,5
TARGET,Volleys,81,5
TARGET,Volleys,82,5
TARGET,Volleys,83,5
TARGET,Volleys,84,5
TARGET,Volleys,85,8
TARGET,Volleys,86,8
TARGET,Volleys,87,8
TARGET,Volleys,88,8
TARGET,Volleys,89,8
TARGET,Volleys,90,11
TARGET,Volleys,91,11
TARGET,Volleys,92,11
TARGET,Volleys,93,11
TARGET,Volleys,94,11
TARGET,Volleys,95,13
TARGET,Volleys,96,16
TARGET,Volleys,97,19
TARGET,Volleys,98,22
TARGET,Volleys,99,24
TARGET,Penalties,40,1
TARGET,Penalties,41,1
TARGET,Penalties,42,1
TARGET,Penalties,43,1
TARGET,Penalties,44,1
TARGET,Penalties,45,1
TARGET,Penalties,46,1
TARGET,Penalties,47,1
TARGET,Penalties,48,1
TARGET,Penalties,49,1
TARGET,Penalties,50,1
TARGET,Penalties,51,1
TARGET,Penalties,52,1
TARGET,Penalties,53,1
TARGET,Penalties,54,1
TARGET,Penalties,55,1
TARGET,Penalties,56,1
TARGET,Penalties,57,1
TARGET,Penalties,58,1
TARGET,Penalties,59,1
TARGET,Penalties,60,1
TARGET,Penalties,61,1
TARGET,Penalties,62,1
TARGET,Penalties,63,1
TARGET,Penalties,64,2
TARGET,Penalties,65,2
TARGET,Penalties,66,2
TARGET,Penalties,67,2
TARGET,Penalties,68,2
TARGET,Penalties,69,2
TARGET,Penalties,70,3
TARGET,Penalties,71,3
TARGET,Penalties,72,3
TARGET,Penalties,73,3
TARGET,Penalties,74,3
TARGET,Penalties,75,4
TARGET,Penalties,76,4
TARGET,Penalties,77,4
TARGET,Penalties,78,4
TARGET,Penalties,79,4
TARGET,Penalties,80,5
TARGET,Penalties,81,5
TARGET,Penalties,82,5
TARGET,Penalties,83,5
TARGET,Penalties,84,5
TARGET,Penalties,85,8
TARGET,Penalties,86,8
TARGET,Penalties,87,8
TARGET,Penalties,88,8
TARGET,Penalties,89,8
TARGET,Penalties,90,11
TARGET,Penalties,91,11
TARGET,Penalties,92,11
TARGET,Penalties,93,11
TARGET,Penalties,94,11
TARGET,Penalties,95,13
TARGET,Penalties,96,16
TARGET,Penalties,97,19
TARGET,Penalties,98,22
TARGET,Penalties,99,24
TARGET,Vision,40,1
TARGET,Vision,41,1
TARGET,Vision,42,1
TARGET,Vision,43,1
TARGET,Vision,44,1
TARGET,Vision,45,1
TARGET,Vision,46,1
TARGET,Vision,47,1
TARGET,Vision,48,1
TARGET,Vision,49,1
TARGET,Vision,50,1
TARGET,Vision,51,1
TARGET,Vision,52,1
TARGET,Vision,53,1
TARGET,Vision,54,1
TARGET,Vision,55,1
TARGET,Vision,56,1
TARGET,Vision,57,1
TARGET,Vision,58,1
TARGET,Vision,59,1
TARGET,Vision,60,2
TARGET,Vision,61,2
TARGET,Vision,62,2
TARGET,Vision,63,2
TARGET,Vision,64,3
TARGET,Vision,65,3
TARGET,Vision,66,3
TARGET,Vision,67,3
TARGET,Vision,68,3
TARGET,Vision,69,3
TARGET,Vision,70,4
TARGET,Vision,71,4
TARGET,Vision,72,4
TARGET,Vision,73,4
TARGET,Vision,74,4
TARGET,Vision,75,6
TARGET,Vision,76,6
TARGET,Vision,77,6
TARGET,Vision,78,6
TARGET,Vision,79,6
TARGET,Vision,80,7
TARGET,Vision,81,7
TARGET,Vision,82,7
TARGET,Vision,83,7
TARGET,Vision,84,7
TARGET,Vision,85,11
TARGET,Vision,86,11
TARGET,Vision,87,11
TARGET,Vision,88,11
TARGET,Vision,89,11
TARGET,Vision,90,15
TARGET,Vision,91,15
TARGET,Vision,92,15
TARGET,Vision,93,15
TARGET,Vision,94,15
TARGET,Vision,95,18
TARGET,Vision,96,22
TARGET,Vision,97,26
TARGET,Vision,98,30
TARGET,Vision,99,33
TARGET,Crossing,40,1
TARGET,Crossing,41,1
TARGET,Crossing,42,1
TARGET,Crossing,43,1
TARGET,Crossing,44,1
TARGET,Crossing,45,1
TARGET,Crossing,46,1
TARGET,Crossing,47,1
TARGET,Crossing,48,1
TARGET,Crossing,49,1
TARGET,Crossing,50,1
TARGET,Crossing,51,1
TARGET,Crossing,52,1
TARGET,Crossing,53,1
TARGET,Crossing,54,1
TARGET,Crossing,55,1
TARGET,Crossing,56,1
TARGET,Crossing,57,1
TARGET,Crossing,58,1
TARGET,Crossing,59,1
TARGET,Crossing,60,2
TARGET,Crossing,61,2
TARGET,Crossing,62,2
TARGET,Crossing,63,2
TARGET,Crossing,64,3
TARGET,Crossing,65,3
TARGET,Crossing,66,3
TARGET,Crossing,67,3
TARGET,Crossing,68,3
TARGET,Crossing,69,3
TARGET,Crossing,70,4
TARGET,Crossing,71,4
TARGET,Crossing,72,4
TARGET,Crossing,73,4
TARGET,Crossing,74,4
TARGET,Crossing,75,6
TARGET,Crossing,76,6
TARGET,Crossing,77,6
TARGET,Crossing,78,6
TARGET,Crossing,79,6
TARGET,Crossing,80,7
TARGET,Crossing,81,7
TARGET,Crossing,82,7
TARGET,Crossing,83,7
TARGET,Crossing,84,7
TARGET,Crossing,85,11
TARGET,Crossing,86,11
TARGET,Crossing,87,11
TARGET,Crossing,88,11
TARGET,Crossing,89,11
TARGET,Crossing,90,15
TARGET,Crossing,91,15
TARGET,Crossing,92,15
TARGET,Crossing,93,15
TARGET,Crossing,94,15
TARGET,Crossing,95,18
TARGET,Crossing,96,22
TARGET,Crossing,97,26
TARGET,Crossing,98,30
TARGET,Crossing,99,33
TARGET,FKAccuracy,40,1
TARGET,FKAccuracy,41,1
TARGET,FKAccuracy,42,1
TARGET,FKAccuracy,43,1
TARGET,FKAccuracy,44,1
TARGET,FKAccuracy,45,1
TARGET,FKAccuracy,46,1
TARGET,FKAccuracy,47,1
TARGET,FKAccuracy,48,1
TARGET,FKAccuracy,49,1
TARGET,FKAccuracy,50,1
TARGET,FKAccuracy,51,1
TARGET,FKAccuracy,52,1
TARGET,FKAccuracy,53,1
TARGET,FKAccuracy,54,1
TARGET,FKAccuracy,55,1
TARGET,FKAccuracy,56,1
TARGET,FKAccuracy,57,1
TARGET,FKAccuracy,58,1
TARGET,FKAccuracy,59,1
TARGET,FKAccuracy,60,1
TARGET,FKAccuracy,61,1
TARGET,FKAccuracy,62,1
TARGET,FKAccuracy,63,1
TARGET,FKAccuracy,64,2
TARGET,FKAccuracy,65,2
TARGET,FKAccuracy,66,2
TARGET,FKAccuracy,67,2
TARGET,FKAccuracy,68,2
TARGET,FKAccuracy,69,2
TARGET,FKAccuracy,70,3
TARGET,FKAccuracy,71,3
TARGET,FKAccuracy,72,3
TARGET,FKAccuracy,73,3
TARGET,FKAccuracy,74,3
TARGET,FKAccuracy,75,4
TARGET,FKAccuracy,76,4
TARGET,FKAccuracy,77,4
TARGET,FKAccuracy,78,4
TARGET,FKAccuracy,79,4
TARGET,FKAccuracy,80,5
TARGET,FKAccuracy,81,5
TARGET,FKAccuracy,82,5
TARGET,FKAccuracy,83,5
TARGET,FKAccuracy,84,5
TARGET,FKAccuracy,85,8
TARGET,FKAccuracy,86,8
TARGET,FKAccuracy,87,8
TARGET,FKAccuracy,88,8
TARGET,FKAccuracy,89,8
TARGET,FKAccuracy,90,11
TARGET,FKAccuracy,91,11
TARGET,FKAccuracy,92,11
TARGET,FKAccuracy,93,11
TARGET,FKAccuracy,94,11
TARGET,FKAccuracy,95,13
TARGET,FKAccuracy,96,16
TARGET,FKAccuracy,97,19
TARGET,FKAccuracy,98,22
TARGET,FKAccuracy,99,24
TARGET,ShortPassing,40,2
TARGET,ShortPassing,41,2
TARGET,ShortPassing,42,2
TARGET,ShortPassing,43,2
TARGET,ShortPassing,44,2
TARGET,ShortPassing,45,2
TARGET,ShortPassing,46,2
TARGET,ShortPassing,47,2
TARGET,ShortPassing,48,2
TARGET,ShortPassing,49,2
TARGET,ShortPassing,50,2
TARGET,ShortPassing,51,2
TARGET,ShortPassing,52,2
TARGET,ShortPassing,53,2
TARGET,ShortPassing,54,2
TARGET,ShortPassing,55,2
TARGET,ShortPassing,56,2
TARGET,ShortPassing,57,2
TARGET,ShortPassing,58,2
TARGET,ShortPassing,59,2
TARGET,ShortPassing,60,3
TARGET,ShortPassing,61,3
TARGET,ShortPassing,62,3
TARGET,ShortPassing,63,3
TARGET,ShortPassing,64,4
TARGET,ShortPassing,65,4
TARGET,ShortPassing,66,4
TARGET,ShortPassing,67,5
TARGET,ShortPassing,68,5
TARGET,ShortPassing,69,5
TARGET,ShortPassing,70,6
TARGET,ShortPassing,71,6
TARGET,ShortPassing,72,6
TARGET,ShortPassing,73,6
TARGET,ShortPassing,74,6
TARGET,ShortPassing,75,8
TARGET,ShortPassing,76,8
TARGET,ShortPassing,77,8
TARGET,ShortPassing,78,8
TARGET,ShortPassing,79,8
TARGET,ShortPassing,80,10
TARGET,ShortPassing,81,10
TARGET,ShortPassing,82,10
TARGET,ShortPassing,83,10
TARGET,ShortPassing,84,10
TARGET,ShortPassing,85,15
TARGET,ShortPassing,86,15
TARGET,ShortPassing,87,15
TARGET,ShortPassing,88,15
TARGET,ShortPassing,89,15
TARGET,ShortPassing,90,20
TARGET,ShortPassing,91,20
TARGET,ShortPassing,92,20
TARGET,ShortPassing,93,20
TARGET,ShortPassing,94,20
TARGET,ShortPassing,95,25
TARGET,ShortPassing,96,30
TARGET,ShortPassing,97,35
TARGET,ShortPassing,98,40
TARGET,ShortPassing,99,45
TARGET,LongPassing,40,1
TARGET,LongPassing,41,1
TARGET,LongPassing,42,1
TARGET,LongPassing,43,1
TARGET,LongPassing,44,1
TARGET,LongPassing,45,1
TARGET,LongPassing,46,1
TARGET,LongPassing,47,1
TARGET,LongPassing,48,1
TARGET,LongPassing,49,1
TARGET,LongPassing,50,1
TARGET,LongPassing,51,1
TARGET,LongPassing,52,1
TARGET,LongPassing,53,1
TARGET,LongPassing,54,1
TARGET,LongPassing,55,1
TARGET,LongPassing,56,1
TARGET,LongPassing,57,1
TARGET,LongPassing,58,1
TARGET,LongPassing,59,1
TARGET,LongPassing,60,2
TARGET,LongPassing,61,2
TARGET,LongPassing,62,2
TARGET,LongPassing,63,2
TARGET,LongPassing,64,3
TARGET,LongPassing,65,3
TARGET,LongPassing,66,3
TARGET,LongPassing,67,3
TARGET,LongPassing,68,3
TARGET,LongPassing,69,3
TARGET,LongPassing,70,4
TARGET,LongPassing,71,4
TARGET,LongPassing,72,4
TARGET,LongPassing,73,4
TARGET,LongPassing,74,4
TARGET,LongPassing,75,6
TARGET,LongPassing,76,6
TARGET,LongPassing,77,6
TARGET,LongPassing,78,6
TARGET,LongPassing,79,6
TARGET,LongPassing,80,7
TARGET,LongPassing,81,7
TARGET,LongPassing,82,7
TARGET,LongPassing,83,7
TARGET,LongPassing,84,7
TARGET,LongPassing,85,11
TARGET,LongPassing,86,11
TARGET,LongPassing,87,11
TARGET,LongPassing,88,11
TARGET,LongPassing,89,11
TARGET,LongPassing,90,15
TARGET,LongPassing,91,15
TARGET,LongPassing,92,15
TARGET,LongPassing,93,15
TARGET,LongPassing,94,15
TARGET,LongPassing,95,18
TARGET,LongPassing,96,22
TARGET,LongPassing,97,26
TARGET,LongPassing,98,30
TARGET,LongPassing,99,33
TARGET,Curve,40,1
TARGET,Curve,41,1
TARGET,Curve,42,1
TARGET,Curve,43,1
TARGET,Curve,44,1
TARGET,Curve,45,1
TARGET,Curve,46,1
TARGET,Curve,47,1
TARGET,Curve,48,1
TARGET,Curve,49,1
TARGET,Curve,50,1
TARGET,Curve,51,1
TARGET,Curve,52,1
TARGET,Curve,53,1
TARGET,Curve,54,1
TARGET,Curve,55,1
TARGET,Curve,56,1
TARGET,Curve,57,1
TARGET,Curve,58,1
TARGET,Curve,59,1
TARGET,Curve,60,1
TARGET,Curve,61,1
TARGET,Curve,62,1
TARGET,Curve,63,1
TARGET,Curve,64,2
TARGET,Curve,65,2
TARGET,Curve,66,2
TARGET,Curve,67,2
TARGET,Curve,68,2
TARGET,Curve,69,2
TARGET,Curve,70,3
TARGET,Curve,71,3
TARGET,Curve,72,3
TARGET,Curve,73,3
TARGET,Curve,74,3
TARGET,Curve,75,4
TARGET,Curve,76,4
TARGET,Curve,77,4
TARGET,Curve,78,4
TARGET,Curve,79,4
TARGET,Curve,80,5
TARGET,Curve,81,5
TARGET,Curve,82,5
TARGET,Curve,83,5
TARGET,Curve,84,5
TARGET,Curve,85,8
TARGET,Curve,86,8
TARGET,Curve,87,8
TARGET,Curve,88,8
TARGET,Curve,89,8
TARGET,Curve,90,11
TARGET,Curve,91,11
TARGET,Curve,92,11
TARGET,Curve,93,11
TARGET,Curve,94,11
TARGET,Curve,95,13
TARGET,Curve,96,16
TARGET,Curve,97,19
TARGET,Curve,98,22
TARGET,Curve,99,24
TARGET,Agility,40,2
TARGET,Agility,41,2
TARGET,Agility,42,2
TARGET,Agility,43,2
TARGET,Agility,44,2
TARGET,Agility,45,2
TARGET,Agility,46,2
TARGET,Agility,47,2
TARGET,Agility,48,2
TARGET,Agility,49,2
TARGET,Agility,50,2
TARGET,Agility,51,2
TARGET,Agility,52,2
TARGET,Agility,53,2
TARGET,Agility,54,2
TARGET,Agility,55,2
TARGET,Agility,56,2
TARGET,Agility,57,2
TARGET,Agility,58,2
TARGET,Agility,59,2
TARGET,Agility,60,3
TARGET,Agility,61,3
TARGET,Agility,62,3
TARGET,Agility,63,3
TARGET,Agility,64,4
TARGET,Agility,65,4
TARGET,Agility,66,4
TARGET,Agility,67,5
TARGET,Agility,68,5
TARGET,Agility,69,5
TARGET,Agility,70,6
TARGET,Agility,71,6
TARGET,Agility,72,6
TARGET,Agility,73,6
TARGET,Agility,74,6
TARGET,Agility,75,8
TARGET,Agility,76,8
TARGET,Agility,77,8
TARGET,Agility,78,8
TARGET,Agility,79,8
TARGET,Agility,80,10
TARGET,Agility,81,10
TARGET,Agility,82,10
TARGET,Agility,83,10
TARGET,Agility,84,10
TARGET,Agility,85,15
TARGET,Agility,86,15
TARGET,Agility,87,15
TARGET,Agility,88,15
TARGET,Agility,89,15
TARGET,Agility,90,20
TARGET,Agility,91,20
TARGET,Agility,92,20
TARGET,Agility,93,20
TARGET,Agility,94,20
TARGET,Agility,95,25
TARGET,Agility,96,30
TARGET,Agility,97,35
TARGET,Agility,98,40
TARGET,Agility,99,45
TARGET,Balance,40,1
TARGET,Balance,41,1
TARGET,Balance,42,1
TARGET,Balance,43,1
TARGET,Balance,44,1
TARGET,Balance,45,1
TARGET,Balance,46,1
TARGET,Balance,47,1
TARGET,Balance,48,1
TARGET,Balance,49,1
TARGET,Balance,50,1
TARGET,Balance,51,1
TARGET,Balance,52,1
TARGET,Balance,53,1
TARGET,Balance,54,1
TARGET,Balance,55,1
TARGET,Balance,56,1
TARGET,Balance,57,1
TARGET,Balance,58,1
TARGET,Balance,59,1
TARGET,Balance,60,2
TARGET,Balance,61,2
TARGET,Balance,62,2
TARGET,Balance,63,2
TARGET,Balance,64,3
TARGET,Balance,65,3
TARGET,Balance,66,3
TARGET,Balance,67,3
TARGET,Balance,68,3
TARGET,Balance,69,3
TARGET,Balance,70,4
TARGET,Balance,71,4
TARGET,Balance,72,4
TARGET,Balance,73,4
TARGET,Balance,74,4
TARGET,Balance,75,6
TARGET,Balance,76,6
TARGET,Balance,77,6
TARGET,Balance,78,6
TARGET,Balance,79,6
TARGET,Balance,80,7
TARGET,Balance,81,7
TARGET,Balance,82,7
TARGET,Balance,83,7
TARGET,Balance,84,7
TARGET,Balance,85,11
TARGET,Balance,86,11
TARGET,Balance,87,11
TARGET,Balance,88,11
TARGET,Balance,89,11
TARGET,Balance,90,15
TARGET,Balance,91,15
TARGET,Balance,92,15
TARGET,Balance,93,15
TARGET,Balance,94,15
TARGET,Balance,95,18
TARGET,Balance,96,22
TARGET,Balance,97,26
TARGET,Balance,98,30
TARGET,Balance,99,33
TARGET,Reactions,40,1
TARGET,Reactions,41,1
TARGET,Reactions,42,1
TARGET,Reactions,43,1
TARGET,Reactions,44,1
TARGET,Reactions,45,1
TARGET,Reactions,46,1
TARGET,Reactions,47,1
TARGET,Reactions,48,1
TARGET,Reactions,49,1
TARGET,Reactions,50,1
TARGET,Reactions,51,1
TARGET,Reactions,52,1
TARGET,Reactions,53,1
TARGET,Reactions,54,1
TARGET,Reactions,55,1
TARGET,Reactions,56,1
TARGET,Reactions,57,1
TARGET,Reactions,58,1
TARGET,Reactions,59,1
TARGET,Reactions,60,1
TARGET,Reactions,61,1
TARGET,Reactions,62,1
TARGET,Reactions,63,1
TARGET,Reactions,64,2
TARGET,Reactions,65,2
TARGET,Reactions,66,2
TARGET,Reactions,67,2
TARGET,Reactions,68,2
TARGET,Reactions,69,2
TARGET,Reactions,70,3
TARGET,Reactions,71,3
TARGET,Reactions,72,3
TARGET,Reactions,73,3
TARGET,Reactions,74,3
TARGET,Reactions,75,4
TARGET,Reactions,76,4
TARGET,Reactions,77,4
TARGET,Reactions,78,4
TARGET,Reactions,79,4
TARGET,Reactions,80,5
TARGET,Reactions,81,5
TARGET,Reactions,82,5
TARGET,Reactions,83,5
TARGET,Reactions,84,5
TARGET,Reactions,85,8
TARGET,Reactions,86,8
TARGET,Reactions,87,8
TARGET,Reactions,88,8
TARGET,Reactions,89,8
TARGET,Reactions,90,11
TARGET,Reactions,91,11
TARGET,Reactions,92,11
TARGET,Reactions,93,11
TARGET,Reactions,94,11
TARGET,Reactions,95,13
TARGET,Reactions,96,16
TARGET,Reactions,97,19
TARGET,Reactions,98,22
TARGET,Reactions,99,24
TARGET,BallControl,40,1
TARGET,BallControl,41,1
TARGET,BallControl,42,1
TARGET,BallControl,43,1
TARGET,BallControl,44,1
TARGET,BallControl,45,1
TARGET,BallControl,46,1
TARGET,BallControl,47,1
TARGET,BallControl,48,1
TARGET,BallControl,49,1
TARGET,BallControl,50,1
TARGET,BallControl,51,1
TARGET,BallControl,52,1
TARGET,BallControl,53,1
TARGET,BallControl,54,1
TARGET,BallControl,55,1
TARGET,BallControl,56,1
TARGET,BallControl,57,1
TARGET,BallControl,58,1
TARGET,BallControl,59,1
TARGET,BallControl,60,2
TARGET,BallControl,61,2
TARGET,BallControl,62,2
TARGET,BallControl,63,2
TARGET,BallControl,64,3
TARGET,BallControl,65,3
TARGET,BallControl,66,3
TARGET,BallControl,67,3
TARGET,BallControl,68,3
TARGET,BallControl,69,3
TARGET,BallControl,70,4
TARGET,BallControl,71,4
TARGET,BallControl,72,4
TARGET,BallControl,73,4
TARGET,BallControl,74,4
TARGET,BallControl,75,6
TARGET,BallControl,76,6
TARGET,BallControl,77,6
TARGET,BallControl,78,6
TARGET,BallControl,79,6
TARGET,BallControl,80,7
TARGET,BallControl,81,7
TARGET,BallControl,82,7
TARGET,BallControl,83,7
TARGET,BallControl,84,7
TARGET,BallControl,85,11
TARGET,BallControl,86,11
TARGET,BallControl,87,11
TARGET,BallControl,88,11
TARGET,BallControl,89,11
TARGET,BallControl,90,15
TARGET,BallControl,91,15
TARGET,BallControl,92,15
TARGET,BallControl,93,15
TARGET,BallControl,94,15
TARGET,BallControl,95,18
TARGET,BallControl,96,22
TARGET,BallControl,97,26
TARGET,BallControl,98,30
TARGET,BallControl,99,33
TARGET,Dribbling,40,2
TARGET,Dribbling,41,2
TARGET,Dribbling,42,2
TARGET,Dribbling,43,2
TARGET,Dribbling,44,2
TARGET,Dribbling,45,2
TARGET,Dribbling,46,2
TARGET,Dribbling,47,2
TARGET,Dribbling,48,2
TARGET,Dribbling,49,2
TARGET,Dribbling,50,2
TARGET,Dribbling,51,2
TARGET,Dribbling,52,2
TARGET,Dribbling,53,2
TARGET,Dribbling,54,2
TARGET,Dribbling,55,2
TARGET,Dribbling,56,2
TARGET,Dribbling,57,2
TARGET,Dribbling,58,2
TARGET,Dribbling,59,2
TARGET,Dribbling,60,3
TARGET,Dribbling,61,3
TARGET,Dribbling,62,3
TARGET,Dribbling,63,3
TARGET,Dribbling,64,4
TARGET,Dribbling,65,4
TARGET,Dribbling,66,4
TARGET,Dribbling,67,5
TARGET,Dribbling,68,5
TARGET,Dribbling,69,5
TARGET,Dribbling,70,6
TARGET,Dribbling,71,6
TARGET,Dribbling,72,6
TARGET,Dribbling,73,6
TARGET,Dribbling,74,6
TARGET,Dribbling,75,8
TARGET,Dribbling,76,8
TARGET,Dribbling,77,8
TARGET,Dribbling,78,8
TARGET,Dribbling,79,8
TARGET,Dribbling,80,10
TARGET,Dribbling,81,10
TARGET,Dribbling,82,10
TARGET,Dribbling,83,10
TARGET,Dribbling,84,10
TARGET,Dribbling,85,15
TARGET,Dribbling,86,15
TARGET,Dribbling,87,15
TARGET,Dribbling,88,15
TARGET,Dribbling,89,15
TARGET,Dribbling,90,20
TARGET,Dribbling,91,20
TARGET,Dribbling,92,20
TARGET,Dribbling,93,20
TARGET,Dribbling,94,20
TARGET,Dribbling,95,25
TARGET,Dribbling,96,30
TARGET,Dribbling,97,35
TARGET,Dribbling,98,40
TARGET,Dribbling,99,45
TARGET,Composure,40,1
TARGET,Composure,41,1
TARGET,Composure,42,1
TARGET,Composure,43,1
TARGET,Composure,44,1
TARGET,Composure,45,1
TARGET,Composure,46,1
TARGET,Composure,47,1
TARGET,Composure,48,1
TARGET,Composure,49,1
TARGET,Composure,50,1
TARGET,Composure,51,1
TARGET,Composure,52,1
TARGET,Composure,53,1
TARGET,Composure,54,1
TARGET,Composure,55,1
TARGET,Composure,56,1
TARGET,Composure,57,1
TARGET,Composure,58,1
TARGET,Composure,59,1
TARGET,Composure,60,2
TARGET,Composure,61,2
TARGET,Composure,62,2
TARGET,Composure,63,2
TARGET,Composure,64,3
TARGET,Composure,65,3
TARGET,Composure,66,3
TARGET,Composure,67,3
TARGET,Composure,68,3
TARGET,Composure,69,3
TARGET,Composure,70,4
TARGET,Composure,71,4
TARGET,Composure,72,4
TARGET,Composure,73,4
TARGET,Composure,74,4
TARGET,Composure,75,6
TARGET,Composure,76,6
TARGET,Composure,77,6
TARGET,Composure,78,6
TARGET,Composure,79,6
TARGET,Composure,80,7
TARGET,Composure,81,7
TARGET,Composure,82,7
TARGET,Composure,83,7
TARGET,Composure,84,7
TARGET,Composure,85,11
TARGET,Composure,86,11
TARGET,Composure,87,11
TARGET,Composure,88,11
TARGET,Composure,89,11
TARGET,Composure,90,15
TARGET,Composure,91,15
TARGET,Composure,92,15
TARGET,Composure,93,15
TARGET,Composure,94,15
TARGET,Composure,95,18
TARGET,Composure,96,22
TARGET,Composure,97,26
TARGET,Composure,98,30
TARGET,Composure,99,33
TARGET,Interceptions,40,2
TARGET,Interceptions,41,2
TARGET,Interceptions,42,2
TARGET,Interceptions,43,2
TARGET,Interceptions,44,2
TARGET,Interceptions,45,2
TARGET,Interceptions,46,2
TARGET,Interceptions,47,2
TARGET,Interceptions,48,2
TARGET,Interceptions,49,2
TARGET,Interceptions,50,2
TARGET,Interceptions,51,2
TARGET,Interceptions,52,2
TARGET,Interceptions,53,2
TARGET,Interceptions,54,2
TARGET,Interceptions,55,2
TARGET,Interceptions,56,2
TARGET,Interceptions,57,2
TARGET,Interceptions,58,2
TARGET,Interceptions,59,2
TARGET,Interceptions,60,3
TARGET,Interceptions,61,3
TARGET,Interceptions,62,3
TARGET,Interceptions,63,3
TARGET,Interceptions,64,4
TARGET,Interceptions,65,4
TARGET,Interceptions,66,4
TARGET,Interceptions,67,5
TARGET,Interceptions,68,5
TARGET,Interceptions,69,5
TARGET,Interceptions,70,6
TARGET,Interceptions,71,6
TARGET,Interceptions,72,6
TARGET,Interceptions,73,6
TARGET,Interceptions,74,6
TARGET,Interceptions,75,8
TARGET,Interceptions,76,8
TARGET,Interceptions,77,8
TARGET,Interceptions,78,8
TARGET,Interceptions,79,8
TARGET,Interceptions,80,10
TARGET,Interceptions,81,10
TARGET,Interceptions,82,10
TARGET,Interceptions,83,10
TARGET,Interceptions,84,10
TARGET,Interceptions,85,15
TARGET,Interceptions,86,15
TARGET,Interceptions,87,15
TARGET,Interceptions,88,15
TARGET,Interceptions,89,15
TARGET,Interceptions,90,20
TARGET,Interceptions,91,20
TARGET,Interceptions,92,20
TARGET,Interceptions,93,20
TARGET,Interceptions,94,20
TARGET,Interceptions,95,25
TARGET,Interceptions,96,30
TARGET,Interceptions,97,35
TARGET,Interceptions,98,40
TARGET,Interceptions,99,45
TARGET,Heading Accuracy,40,1
TARGET,Heading Accuracy,41,1
TARGET,Heading Accuracy,42,1
TARGET,Heading Accuracy,43,1
TARGET,Heading Accuracy,44,1
TARGET,Heading Accuracy,45,1
TARGET,Heading Accuracy,46,1
TARGET,Heading Accuracy,47,1
TARGET,Heading Accuracy,48,1
TARGET,Heading Accuracy,49,1
TARGET,Heading Accuracy,50,1
TARGET,Heading Accuracy,51,1
TARGET,Heading Accuracy,52,1
TARGET,Heading Accuracy,53,1
TARGET,Heading Accuracy,54,1
TARGET,Heading Accuracy,55,1
TARGET,Heading Accuracy,56,1
TARGET,Heading Accuracy,57,1
TARGET,Heading Accuracy,58,1
TARGET,Heading Accuracy,59,1
TARGET,Heading Accuracy,60,1
TARGET,Heading Accuracy,61,1
TARGET,Heading Accuracy,62,1
TARGET,Heading Accuracy,63,1
TARGET,Heading Accuracy,64,2
TARGET,Heading Accuracy,65,2
TARGET,Heading Accuracy,66,2
TARGET,Heading Accuracy,67,2
TARGET,Heading Accuracy,68,2
TARGET,Heading Accuracy,69,2
TARGET,Heading Accuracy,70,3
TARGET,Heading Accuracy,71,3
TARGET,Heading Accuracy,72,3
TARGET,Heading Accuracy,73,3
TARGET,Heading Accuracy,74,3
TARGET,Heading Accuracy,75,4
TARGET,Heading Accuracy,76,4
TARGET,Heading Accuracy,77,4
TARGET,Heading Accuracy,78,4
TARGET,Heading Accuracy,79,4
TARGET,Heading Accuracy,80,5
TARGET,Heading Accuracy,81,5
TARGET,Heading Accuracy,82,5
TARGET,Heading Accuracy,83,5
TARGET,Heading Accuracy,84,5
TARGET,Heading Accuracy,85,8
TARGET,Heading Accuracy,86,8
TARGET,Heading Accuracy,87,8
TARGET,Heading Accuracy,88,8
TARGET,Heading Accuracy,89,8
TARGET,Heading Accuracy,90,11
TARGET,Heading Accuracy,91,11
TARGET,Heading Accuracy,92,11
TARGET,Heading Accuracy,93,11
TARGET,Heading Accuracy,94,11
TARGET,Heading Accuracy,95,13
TARGET,Heading Accuracy,96,16
TARGET,Heading Accuracy,97,19
TARGET,Heading Accuracy,98,22
TARGET,Heading Accuracy,99,24
TARGET,DefAwareness,40,1
TARGET,DefAwareness,41,1
TARGET,DefAwareness,42,1
TARGET,DefAwareness,43,1
TARGET,DefAwareness,44,1
TARGET,DefAwareness,45,1
TARGET,DefAwareness,46,1
TARGET,DefAwareness,47,1
TARGET,DefAwareness,48,1
TARGET,DefAwareness,49,1
TARGET,DefAwareness,50,1
TARGET,DefAwareness,51,1
TARGET,DefAwareness,52,1
TARGET,DefAwareness,53,1
TARGET,DefAwareness,54,1
TARGET,DefAwareness,55,1
TARGET,DefAwareness,56,1
TARGET,DefAwareness,57,1
TARGET,DefAwareness,58,1
TARGET,DefAwareness,59,1
TARGET,DefAwareness,60,2
TARGET,DefAwareness,61,2
TARGET,DefAwareness,62,2
TARGET,DefAwareness,63,2
TARGET,DefAwareness,64,3
TARGET,DefAwareness,65,3
TARGET,DefAwareness,66,3
TARGET,DefAwareness,67,3
TARGET,DefAwareness,68,3
TARGET,DefAwareness,69,3
TARGET,DefAwareness,70,4
TARGET,DefAwareness,71,4
TARGET,DefAwareness,72,4
TARGET,DefAwareness,73,4
TARGET,DefAwareness,74,4
TARGET,DefAwareness,75,6
TARGET,DefAwareness,76,6
TARGET,DefAwareness,77,6
TARGET,DefAwareness,78,6
TARGET,DefAwareness,79,6
TARGET,DefAwareness,80,7
TARGET,DefAwareness,81,7
TARGET,DefAwareness,82,7
TARGET,DefAwareness,83,7
TARGET,DefAwareness,84,7
TARGET,DefAwareness,85,11
TARGET,DefAwareness,86,11
TARGET,DefAwareness,87,11
TARGET,DefAwareness,88,11
TARGET,DefAwareness,89,11
TARGET,DefAwareness,90,15
TARGET,DefAwareness,91,15
TARGET,DefAwareness,92,15
TARGET,DefAwareness,93,15
TARGET,DefAwareness,94,15
TARGET,DefAwareness,95,18
TARGET,DefAwareness,96,22
TARGET,DefAwareness,97,26
TARGET,DefAwareness,98,30
TARGET,DefAwareness,99,33
TARGET,StandingTackle,40,2
TARGET,StandingTackle,41,2
TARGET,StandingTackle,42,2
TARGET,StandingTackle,43,2
TARGET,StandingTackle,44,2
TARGET,StandingTackle,45,2
TARGET,StandingTackle,46,2
TARGET,StandingTackle,47,2
TARGET,StandingTackle,48,2
TARGET,StandingTackle,49,2
TARGET,StandingTackle,50,2
TARGET,StandingTackle,51,2
TARGET,StandingTackle,52,2
TARGET,StandingTackle,53,2
TARGET,StandingTackle,54,2
TARGET,StandingTackle,55,2
TARGET,StandingTackle,56,2
TARGET,StandingTackle,57,2
TARGET,StandingTackle,58,2
TARGET,StandingTackle,59,2
TARGET,StandingTackle,60,3
TARGET,StandingTackle,61,3
TARGET,StandingTackle,62,3
TARGET,StandingTackle,63,3
TARGET,StandingTackle,64,4
TARGET,StandingTackle,65,4
TARGET,StandingTackle,66,4
TARGET,StandingTackle,67,5
TARGET,StandingTackle,68,5
TARGET,StandingTackle,69,5
TARGET,StandingTackle,70,6
TARGET,StandingTackle,71,6
TARGET,StandingTackle,72,6
TARGET,StandingTackle,73,6
TARGET,StandingTackle,74,6
TARGET,StandingTackle,75,8
TARGET,StandingTackle,76,8
TARGET,StandingTackle,77,8
TARGET,StandingTackle,78,8
TARGET,StandingTackle,79,8
TARGET,StandingTackle,80,10
TARGET,StandingTackle,81,10
TARGET,StandingTackle,82,10
TARGET,StandingTackle,83,10
TARGET,StandingTackle,84,10
TARGET,StandingTackle,85,15
TARGET,StandingTackle,86,15
TARGET,StandingTackle,87,15
TARGET,StandingTackle,88,15
TARGET,StandingTackle,89,15
TARGET,StandingTackle,90,20
TARGET,StandingTackle,91,20
TARGET,StandingTackle,92,20
TARGET,StandingTackle,93,20
TARGET,StandingTackle,94,20
TARGET,StandingTackle,95,25
TARGET,StandingTackle,96,30
TARGET,StandingTackle,97,35
TARGET,StandingTackle,98,40
TARGET,StandingTackle,99,45
TARGET,SlidingTackle,40,1
TARGET,SlidingTackle,41,1
TARGET,SlidingTackle,42,1
TARGET,SlidingTackle,43,1
TARGET,SlidingTackle,44,1
TARGET,SlidingTackle,45,1
TARGET,SlidingTackle,46,1
TARGET,SlidingTackle,47,1
TARGET,SlidingTackle,48,1
TARGET,SlidingTackle,49,1
TARGET,SlidingTackle,50,1
TARGET,SlidingTackle,51,1
TARGET,SlidingTackle,52,1
TARGET,SlidingTackle,53,1
TARGET,SlidingTackle,54,1
TARGET,SlidingTackle,55,1
TARGET,SlidingTackle,56,1
TARGET,SlidingTackle,57,1
TARGET,SlidingTackle,58,1
TARGET,SlidingTackle,59,1
TARGET,SlidingTackle,60,2
TARGET,SlidingTackle,61,2
TARGET,SlidingTackle,62,2
TARGET,SlidingTackle,63,2
TARGET,SlidingTackle,64,3
TARGET,SlidingTackle,65,3
TARGET,SlidingTackle,66,3
TARGET,SlidingTackle,67,3
TARGET,SlidingTackle,68,3
TARGET,SlidingTackle,69,3
TARGET,SlidingTackle,70,4
TARGET,SlidingTackle,71,4
TARGET,SlidingTackle,72,4
TARGET,SlidingTackle,73,4
TARGET,SlidingTackle,74,4
TARGET,SlidingTackle,75,6
TARGET,SlidingTackle,76,6
TARGET,SlidingTackle,77,6
TARGET,SlidingTackle,78,6
TARGET,SlidingTackle,79,6
TARGET,SlidingTackle,80,7
TARGET,SlidingTackle,81,7
TARGET,SlidingTackle,82,7
TARGET,SlidingTackle,83,7
TARGET,SlidingTackle,84,7
TARGET,SlidingTackle,85,11
TARGET,SlidingTackle,86,11
TARGET,SlidingTackle,87,11
TARGET,SlidingTackle,88,11
TARGET,SlidingTackle,89,11
TARGET,SlidingTackle,90,15
TARGET,SlidingTackle,91,15
TARGET,SlidingTackle,92,15
TARGET,SlidingTackle,93,15
TARGET,SlidingTackle,94,15
TARGET,SlidingTackle,95,18
TARGET,SlidingTackle,96,22
TARGET,SlidingTackle,97,26
TARGET,SlidingTackle,98,30
TARGET,SlidingTackle,99,33
TARGET,Jumping,40,1
TARGET,Jumping,41,1
TARGET,Jumping,42,1
TARGET,Jumping,43,1
TARGET,Jumping,44,1
TARGET,Jumping,45,1
TARGET,Jumping,46,1
TARGET,Jumping,47,1
TARGET,Jumping,48,1
TARGET,Jumping,49,1
TARGET,Jumping,50,1
TARGET,Jumping,51,1
TARGET,Jumping,52,1
TARGET,Jumping,53,1
TARGET,Jumping,54,1
TARGET,Jumping,55,1
TARGET,Jumping,56,1
TARGET,Jumping,57,1
TARGET,Jumping,58,1
TARGET,Jumping,59,1
TARGET,Jumping,60,1
TARGET,Jumping,61,1
TARGET,Jumping,62,1
TARGET,Jumping,63,1
TARGET,Jumping,64,1
TARGET,Jumping,65,1
TARGET,Jumping,66,1
TARGET,Jumping,67,2
TARGET,Jumping,68,2
TARGET,Jumping,69,2
TARGET,Jumping,70,2
TARGET,Jumping,71,2
TARGET,Jumping,72,2
TARGET,Jumping,73,2
TARGET,Jumping,74,2
TARGET,Jumping,75,3
TARGET,Jumping,76,3
TARGET,Jumping,77,3
TARGET,Jumping,78,3
TARGET,Jumping,79,3
TARGET,Jumping,80,3
TARGET,Jumping,81,3
TARGET,Jumping,82,3
TARGET,Jumping,83,3
TARGET,Jumping,84,3
TARGET,Jumping,85,6
TARGET,Jumping,86,6
TARGET,Jumping,87,6
TARGET,Jumping,88,6
TARGET,Jumping,89,6
TARGET,Jumping,90,8
TARGET,Jumping,91,8
TARGET,Jumping,92,8
TARGET,Jumping,93,8
TARGET,Jumping,94,8
TARGET,Jumping,95,9
TARGET,Jumping,96,12
TARGET,Jumping,97,14
TARGET,Jumping,98,16
TARGET,Jumping,99,18
TARGET,Stamina,40,1
TARGET,Stamina,41,1
TARGET,Stamina,42,1
TARGET,Stamina,43,1
TARGET,Stamina,44,1
TARGET,Stamina,45,1
TARGET,Stamina,46,1
TARGET,Stamina,47,1
TARGET,Stamina,48,1
TARGET,Stamina,49,1
TARGET,Stamina,50,1
TARGET,Stamina,51,1
TARGET,Stamina,52,1
TARGET,Stamina,53,1
TARGET,Stamina,54,1
TARGET,Stamina,55,1
TARGET,Stamina,56,1
TARGET,Stamina,57,1
TARGET,Stamina,58,1
TARGET,Stamina,59,1
TARGET,Stamina,60,1
TARGET,Stamina,61,1
TARGET,Stamina,62,1
TARGET,Stamina,63,1
TARGET,Stamina,64,2
TARGET,Stamina,65,2
TARGET,Stamina,66,2
TARGET,Stamina,67,2
TARGET,Stamina,68,2
TARGET,Stamina,69,2
TARGET,Stamina,70,3
TARGET,Stamina,71,3
TARGET,Stamina,72,3
TARGET,Stamina,73,3
TARGET,Stamina,74,3
TARGET,Stamina,75,4
TARGET,Stamina,76,4
TARGET,Stamina,77,4
TARGET,Stamina,78,4
TARGET,Stamina,79,4
TARGET,Stamina,80,5
TARGET,Stamina,81,5
TARGET,Stamina,82,5
TARGET,Stamina,83,5
TARGET,Stamina,84,5
TARGET,Stamina,85,8
TARGET,Stamina,86,8
TARGET,Stamina,87,8
TARGET,Stamina,88,8
TARGET,Stamina,89,8
TARGET,Stamina,90,11
TARGET,Stamina,91,11
TARGET,Stamina,92,11
TARGET,Stamina,93,11
TARGET,Stamina,94,11
TARGET,Stamina,95,13
TARGET,Stamina,96,16
TARGET,Stamina,97,19
TARGET,Stamina,98,22
TARGET,Stamina,99,24
TARGET,Strength,40,1
TARGET,Strength,41,1
TARGET,Strength,42,1
TARGET,Strength,43,1
TARGET,Strength,44,1
TARGET,Strength,45,1
TARGET,Strength,46,1
TARGET,Strength,47,1
TARGET,Strength,48,1
TARGET,Strength,49,1
TARGET,Strength,50,1
TARGET,Strength,51,1
TARGET,Strength,52,1
TARGET,Strength,53,1
TARGET,Strength,54,1
TARGET,Strength,55,1
TARGET,Strength,56,1
TARGET,Strength,57,1
TARGET,Strength,58,1
TARGET,Strength,59,1
TARGET,Strength,60,1
TARGET,Strength,61,1
TARGET,Strength,62,1
TARGET,Strength,63,1
TARGET,Strength,64,2
TARGET,Strength,65,2
TARGET,Strength,66,2
TARGET,Strength,67,2
TARGET,Strength,68,2
TARGET,Strength,69,2
TARGET,Strength,70,3
TARGET,Strength,71,3
TARGET,Strength,72,3
TARGET,Strength,73,3
TARGET,Strength,74,3
TARGET,Strength,75,4
TARGET,Strength,76,4
TARGET,Strength,77,4
TARGET,Strength,78,4
TARGET,Strength,79,4
TARGET,Strength,80,5
TARGET,Strength,81,5
TARGET,Strength,82,5
TARGET,Strength,83,5
TARGET,Strength,84,5
TARGET,Strength,85,8
TARGET,Strength,86,8
TARGET,Strength,87,8
TARGET,Strength,88,8
TARGET,Strength,89,8
TARGET,Strength,90,11
TARGET,Strength,91,11
TARGET,Strength,92,11
TARGET,Strength,93,11
TARGET,Strength,94,11
TARGET,Strength,95,13
TARGET,Strength,96,16
TARGET,Strength,97,19
TARGET,Strength,98,22
TARGET,Strength,99,24
TARGET,Aggression,40,1
TARGET,Aggression,41,1
TARGET,Aggression,42,1
TARGET,Aggression,43,1
TARGET,Aggression,44,1
TARGET,Aggression,45,1
TARGET,Aggression,46,1
TARGET,Aggression,47,1
TARGET,Aggression,48,1
TARGET,Aggression,49,1
TARGET,Aggression,50,1
TARGET,Aggression,51,1
TARGET,Aggression,52,1
TARGET,Aggression,53,1
TARGET,Aggression,54,1
TARGET,Aggression,55,1
TARGET,Aggression,56,1
TARGET,Aggression,57,1
TARGET,Aggression,58,1
TARGET,Aggression,59,1
TARGET,Aggression,60,1
TARGET,Aggression,61,1
TARGET,Aggression,62,1
TARGET,Aggression,63,1
TARGET,Aggression,64,2
TARGET,Aggression,65,2
TARGET,Aggression,66,2
TARGET,Aggression,67,2
TARGET,Aggression,68,2
TARGET,Aggression,69,2
TARGET,Aggression,70,3
TARGET,Aggression,71,3
TARGET,Aggression,72,3
TARGET,Aggression,73,3
TARGET,Aggression,74,3
TARGET,Aggression,75,4
TARGET,Aggression,76,4
TARGET,Aggression,77,4
TARGET,Aggression,78,4
TARGET,Aggression,79,4
TARGET,Aggression,80,5
TARGET,Aggression,81,5
TARGET,Aggression,82,5
TARGET,Aggression,83,5
TARGET,Aggression,84,5
TARGET,Aggression,85,8
TARGET,Aggression,86,8
TARGET,Aggression,87,8
TARGET,Aggression,88,8
TARGET,Aggression,89,8
TARGET,Aggression,90,11
TARGET,Aggression,91,11
TARGET,Aggression,92,11
TARGET,Aggression,93,11
TARGET,Aggression,94,11
TARGET,Aggression,95,13
TARGET,Aggression,96,16
TARGET,Aggression,97,19
TARGET,Aggression,98,22
TARGET,Aggression,99,24
RECYCLER,Acceleration,40,2
RECYCLER,Acceleration,41,2
RECYCLER,Acceleration,42,2
RECYCLER,Acceleration,43,2
RECYCLER,Acceleration,44,2
RECYCLER,Acceleration,45,2
RECYCLER,Acceleration,46,2
RECYCLER,Acceleration,47,2
RECYCLER,Acceleration,48,2
RECYCLER,Acceleration,49,2
RECYCLER,Acceleration,50,2
RECYCLER,Acceleration,51,2
RECYCLER,Acceleration,52,2
RECYCLER,Acceleration,53,2
RECYCLER,Acceleration,54,2
RECYCLER,Acceleration,55,2
RECYCLER,Acceleration,56,2
RECYCLER,Acceleration,57,2
RECYCLER,Acceleration,58,2
RECYCLER,Acceleration,59,2
RECYCLER,Acceleration,60,3
RECYCLER,Acceleration,61,3
RECYCLER,Acceleration,62,3
RECYCLER,Acceleration,63,3
RECYCLER,Acceleration,64,4
RECYCLER,Acceleration,65,4
RECYCLER,Acceleration,66,4
RECYCLER,Acceleration,67,5
RECYCLER,Acceleration,68,5
RECYCLER,Acceleration,69,5
RECYCLER,Acceleration,70,6
RECYCLER,Acceleration,71,6
RECYCLER,Acceleration,72,6
RECYCLER,Acceleration,73,6
RECYCLER,Acceleration,74,6
RECYCLER,Acceleration,75,8
RECYCLER,Acceleration,76,8
RECYCLER,Acceleration,77,8
RECYCLER,Acceleration,78,8
RECYCLER,Acceleration,79,8
RECYCLER,Acceleration,80,10
RECYCLER,Acceleration,81,10
RECYCLER,Acceleration,82,10
RECYCLER,Acceleration,83,10
RECYCLER,Acceleration,84,10
RECYCLER,Acceleration,85,15
RECYCLER,Acceleration,86,15
RECYCLER,Acceleration,87,15
RECYCLER,Acceleration,88,15
RECYCLER,Acceleration,89,15
RECYCLER,Acceleration,90,20
RECYCLER,Acceleration,91,20
RECYCLER,Acceleration,92,20
RECYCLER,Acceleration,93,20
RECYCLER,Acceleration,94,20
RECYCLER,Acceleration,95,25
RECYCLER,Acceleration,96,30
RECYCLER,Acceleration,97,35
RECYCLER,Acceleration,98,40
RECYCLER,Acceleration,99,45
RECYCLER,SprintSpeed,40,2
RECYCLER,SprintSpeed,41,2
RECYCLER,SprintSpeed,42,2
RECYCLER,SprintSpeed,43,2
RECYCLER,SprintSpeed,44,2
RECYCLER,SprintSpeed,45,2
RECYCLER,SprintSpeed,46,2
RECYCLER,SprintSpeed,47,2
RECYCLER,SprintSpeed,48,2
RECYCLER,SprintSpeed,49,2
RECYCLER,SprintSpeed,50,2
RECYCLER,SprintSpeed,51,2
RECYCLER,SprintSpeed,52,2
RECYCLER,SprintSpeed,53,2
RECYCLER,SprintSpeed,54,2
RECYCLER,SprintSpeed,55,2
RECYCLER,SprintSpeed,56,2
RECYCLER,SprintSpeed,57,2
RECYCLER,SprintSpeed,58,2
RECYCLER,SprintSpeed,59,2
RECYCLER,SprintSpeed,60,3
RECYCLER,SprintSpeed,61,3
RECYCLER,SprintSpeed,62,3
RECYCLER,SprintSpeed,63,3
RECYCLER,SprintSpeed,64,4
RECYCLER,SprintSpeed,65,4
RECYCLER,SprintSpeed,66,4
RECYCLER,SprintSpeed,67,5
RECYCLER,SprintSpeed,68,5
RECYCLER,SprintSpeed,69,5
RECYCLER,SprintSpeed,70,6
RECYCLER,SprintSpeed,71,6
RECYCLER,SprintSpeed,72,6
RECYCLER,SprintSpeed,73,6
RECYCLER,SprintSpeed,74,6
RECYCLER,SprintSpeed,75,8
RECYCLER,SprintSpeed,76,8
RECYCLER,SprintSpeed,77,8
RECYCLER,SprintSpeed,78,8
RECYCLER,SprintSpeed,79,8
RECYCLER,SprintSpeed,80,10
RECYCLER,SprintSpeed,81,10
RECYCLER,SprintSpeed,82,10
RECYCLER,SprintSpeed,83,10
RECYCLER,SprintSpeed,84,10
RECYCLER,SprintSpeed,85,15
RECYCLER,SprintSpeed,86,15
RECYCLER,SprintSpeed,87,15
RECYCLER,SprintSpeed,88,15
RECYCLER,SprintSpeed,89,15
RECYCLER,SprintSpeed,90,20
RECYCLER,SprintSpeed,91,20
RECYCLER,SprintSpeed,92,20
RECYCLER,SprintSpeed,93,20
RECYCLER,SprintSpeed,94,20
RECYCLER,SprintSpeed,95,25
RECYCLER,SprintSpeed,96,30
RECYCLER,SprintSpeed,97,35
RECYCLER,SprintSpeed,98,40
RECYCLER,SprintSpeed,99,45
RECYCLER,AttackPositioning,40,1
RECYCLER,AttackPositioning,41,1
RECYCLER,AttackPositioning,42,1
RECYCLER,AttackPositioning,43,1
RECYCLER,AttackPositioning,44,1
RECYCLER,AttackPositioning,45,1
RECYCLER,AttackPositioning,46,1
RECYCLER,AttackPositioning,47,1
RECYCLER,AttackPositioning,48,1
RECYCLER,AttackPositioning,49,1
RECYCLER,AttackPositioning,50,1
RECYCLER,AttackPositioning,51,1
RECYCLER,AttackPositioning,52,1
RECYCLER,AttackPositioning,53,1
RECYCLER,AttackPositioning,54,1
RECYCLER,AttackPositioning,55,1
RECYCLER,AttackPositioning,56,1
RECYCLER,AttackPositioning,57,1
RECYCLER,AttackPositioning,58,1
RECYCLER,AttackPositioning,59,1
RECYCLER,AttackPositioning,60,1
RECYCLER,AttackPositioning,61,1
RECYCLER,AttackPositioning,62,1
RECYCLER,AttackPositioning,63,1
RECYCLER,AttackPositioning,64,2
RECYCLER,AttackPositioning,65,2
RECYCLER,AttackPositioning,66,2
RECYCLER,AttackPositioning,67,2
RECYCLER,AttackPositioning,68,2
RECYCLER,AttackPositioning,69,2
RECYCLER,AttackPositioning,70,3
RECYCLER,AttackPositioning,71,3
RECYCLER,AttackPositioning,72,3
RECYCLER,AttackPositioning,73,3
RECYCLER,AttackPositioning,74,3
RECYCLER,AttackPositioning,75,4
RECYCLER,AttackPositioning,76,4
RECYCLER,AttackPositioning,77,4
RECYCLER,AttackPositioning,78,4
RECYCLER,AttackPositioning,79,4
RECYCLER,AttackPositioning,80,5
RECYCLER,AttackPositioning,81,5
RECYCLER,AttackPositioning,82,5
RECYCLER,AttackPositioning,83,5
RECYCLER,AttackPositioning,84,5
RECYCLER,AttackPositioning,85,8
RECYCLER,AttackPositioning,86,8
RECYCLER,AttackPositioning,87,8
RECYCLER,AttackPositioning,88,8
RECYCLER,AttackPositioning,89,8
RECYCLER,AttackPositioning,90,11
RECYCLER,AttackPositioning,91,11
RECYCLER,AttackPositioning,92,11
RECYCLER,AttackPositioning,93,11
RECYCLER,AttackPositioning,94,11
RECYCLER,AttackPositioning,95,13
RECYCLER,AttackPositioning,96,16
RECYCLER,AttackPositioning,97,19
RECYCLER,AttackPositioning,98,22
RECYCLER,AttackPositioning,99,24
RECYCLER,Finishing,40,2
RECYCLER,Finishing,41,2
RECYCLER,Finishing,42,2
RECYCLER,Finishing,43,2
RECYCLER,Finishing,44,2
RECYCLER,Finishing,45,2
RECYCLER,Finishing,46,2
RECYCLER,Finishing,47,2
RECYCLER,Finishing,48,2
RECYCLER,Finishing,49,2
RECYCLER,Finishing,50,2
RECYCLER,Finishing,51,2
RECYCLER,Finishing,52,2
RECYCLER,Finishing,53,2
RECYCLER,Finishing,54,2
RECYCLER,Finishing,55,2
RECYCLER,Finishing,56,2
RECYCLER,Finishing,57,2
RECYCLER,Finishing,58,2
RECYCLER,Finishing,59,2
RECYCLER,Finishing,60,3
RECYCLER,Finishing,61,3
RECYCLER,Finishing,62,3
RECYCLER,Finishing,63,3
RECYCLER,Finishing,64,4
RECYCLER,Finishing,65,4
RECYCLER,Finishing,66,4
RECYCLER,Finishing,67,5
RECYCLER,Finishing,68,5
RECYCLER,Finishing,69,5
RECYCLER,Finishing,70,6
RECYCLER,Finishing,71,6
RECYCLER,Finishing,72,6
RECYCLER,Finishing,73,6
RECYCLER,Finishing,74,6
RECYCLER,Finishing,75,8
RECYCLER,Finishing,76,8
RECYCLER,Finishing,77,8
RECYCLER,Finishing,78,8
RECYCLER,Finishing,79,8
RECYCLER,Finishing,80,10
RECYCLER,Finishing,81,10
RECYCLER,Finishing,82,10
RECYCLER,Finishing,83,10
RECYCLER,Finishing,84,10
RECYCLER,Finishing,85,15
RECYCLER,Finishing,86,15
RECYCLER,Finishing,87,15
RECYCLER,Finishing,88,15
RECYCLER,Finishing,89,15
RECYCLER,Finishing,90,20
RECYCLER,Finishing,91,20
RECYCLER,Finishing,92,20
RECYCLER,Finishing,93,20
RECYCLER,Finishing,94,20
RECYCLER,Finishing,95,25
RECYCLER,Finishing,96,30
RECYCLER,Finishing,97,35
RECYCLER,Finishing,98,40
RECYCLER,Finishing,99,45
RECYCLER,ShotPower,40,1
RECYCLER,ShotPower,41,1
RECYCLER,ShotPower,42,1
RECYCLER,ShotPower,43,1
RECYCLER,ShotPower,44,1
RECYCLER,ShotPower,45,1
RECYCLER,ShotPower,46,1
RECYCLER,ShotPower,47,1
RECYCLER,ShotPower,48,1
RECYCLER,ShotPower,49,1
RECYCLER,ShotPower,50,1
RECYCLER,ShotPower,51,1
RECYCLER,ShotPower,52,1
RECYCLER,ShotPower,53,1
RECYCLER,ShotPower,54,1
RECYCLER,ShotPower,55,1
RECYCLER,ShotPower,56,1
RECYCLER,ShotPower,57,1
RECYCLER,ShotPower,58,1
RECYCLER,ShotPower,59,1
RECYCLER,ShotPower,60,2
RECYCLER,ShotPower,61,2
RECYCLER,ShotPower,62,2
RECYCLER,ShotPower,63,2
RECYCLER,ShotPower,64,3
RECYCLER,ShotPower,65,3
RECYCLER,ShotPower,66,3
RECYCLER,ShotPower,67,3
RECYCLER,ShotPower,68,3
RECYCLER,ShotPower,69,3
RECYCLER,ShotPower,70,4
RECYCLER,ShotPower,71,4
RECYCLER,ShotPower,72,4
RECYCLER,ShotPower,73,4
RECYCLER,ShotPower,74,4
RECYCLER,ShotPower,75,6
RECYCLER,ShotPower,76,6
RECYCLER,ShotPower,77,6
RECYCLER,ShotPower,78,6
RECYCLER,ShotPower,79,6
RECYCLER,ShotPower,80,7
RECYCLER,ShotPower,81,7
RECYCLER,ShotPower,82,7
RECYCLER,ShotPower,83,7
RECYCLER,ShotPower,84,7
RECYCLER,ShotPower,85,11
RECYCLER,ShotPower,86,11
RECYCLER,ShotPower,87,11
RECYCLER,ShotPower,88,11
RECYCLER,ShotPower,89,11
RECYCLER,ShotPower,90,15
RECYCLER,ShotPower,91,15
RECYCLER,ShotPower,92,15
RECYCLER,ShotPower,93,15
RECYCLER,ShotPower,94,15
RECYCLER,ShotPower,95,18
RECYCLER,ShotPower,96,22
RECYCLER,ShotPower,97,26
RECYCLER,ShotPower,98,30
RECYCLER,ShotPower,99,33
RECYCLER,LongShots,40,1
RECYCLER,LongShots,41,1
RECYCLER,LongShots,42,1
RECYCLER,LongShots,43,1
RECYCLER,LongShots,44,1
RECYCLER,LongShots,45,1
RECYCLER,LongShots,46,1
RECYCLER,LongShots,47,1
RECYCLER,LongShots,48,1
RECYCLER,LongShots,49,1
RECYCLER,LongShots,50,1
RECYCLER,LongShots,51,1
RECYCLER,LongShots,52,1
RECYCLER,LongShots,53,1
RECYCLER,LongShots,54,1
RECYCLER,LongShots,55,1
RECYCLER,LongShots,56,1
RECYCLER,LongShots,57,1
RECYCLER,LongShots,58,1
RECYCLER,LongShots,59,1
RECYCLER,LongShots,60,1
RECYCLER,LongShots,61,1
RECYCLER,LongShots,62,1
RECYCLER,LongShots,63,1
RECYCLER,LongShots,64,2
RECYCLER,LongShots,65,2
RECYCLER,LongShots,66,2
RECYCLER,LongShots,67,2
RECYCLER,LongShots,68,2
RECYCLER,LongShots,69,2
RECYCLER,LongShots,70,3
RECYCLER,LongShots,71,3
RECYCLER,LongShots,72,3
RECYCLER,LongShots,73,3
RECYCLER,LongShots,74,3
RECYCLER,LongShots,75,4
RECYCLER,LongShots,76,4
RECYCLER,LongShots,77,4
RECYCLER,LongShots,78,4
RECYCLER,LongShots,79,4
RECYCLER,LongShots,80,5
RECYCLER,LongShots,81,5
RECYCLER,LongShots,82,5
RECYCLER,LongShots,83,5
RECYCLER,LongShots,84,5
RECYCLER,LongShots,85,8
RECYCLER,LongShots,86,8
RECYCLER,LongShots,87,8
RECYCLER,LongShots,88,8
RECYCLER,LongShots,89,8
RECYCLER,LongShots,90,11
RECYCLER,LongShots,91,11
RECYCLER,LongShots,92,11
RECYCLER,LongShots,93,11
RECYCLER,LongShots,94,11
RECYCLER,LongShots,95,13
RECYCLER,LongShots,96,16
RECYCLER,LongShots,97,19
RECYCLER,LongShots,98,22
RECYCLER,LongShots,99,24
RECYCLER,Volleys,40,1
RECYCLER,Volleys,41,1
RECYCLER,Volleys,42,1
RECYCLER,Volleys,43,1
RECYCLER,Volleys,44,1
RECYCLER,Volleys,45,1
RECYCLER,Volleys,46,1
RECYCLER,Volleys,47,1
RECYCLER,Volleys,48,1
RECYCLER,Volleys,49,1
RECYCLER,Volleys,50,1
RECYCLER,Volleys,51,1
RECYCLER,Volleys,52,1
RECYCLER,Volleys,53,1
RECYCLER,Volleys,54,1
RECYCLER,Volleys,55,1
RECYCLER,Volleys,56,1
RECYCLER,Volleys,57,1
RECYCLER,Volleys,58,1
RECYCLER,Volleys,59,1
RECYCLER,Volleys,60,1
RECYCLER,Volleys,61,1
RECYCLER,Volleys,62,1
RECYCLER,Volleys,63,1
RECYCLER,Volleys,64,2
RECYCLER,Volleys,65,2
RECYCLER,Volleys,66,2
RECYCLER,Volleys,67,2
RECYCLER,Volleys,68,2
RECYCLER,Volleys,69,2
RECYCLER,Volleys,70,3
RECYCLER,Volleys,71,3
RECYCLER,Volleys,72,3
RECYCLER,Volleys,73,3
RECYCLER,Volleys,74,3
RECYCLER,Volleys,75,4
RECYCLER,Volleys,76,4
RECYCLER,Volleys,77,4
RECYCLER,Volleys,78,4
RECYCLER,Volleys,79,4
RECYCLER,Volleys,80,5
RECYCLER,Volleys,81,5
RECYCLER,Volleys,82,5
RECYCLER,Volleys,83,5
RECYCLER,Volleys,84,5
RECYCLER,Volleys,85,8
RECYCLER,Volleys,86,8
RECYCLER,Volleys,87,8
RECYCLER,Volleys,88,8
RECYCLER,Volleys,89,8
RECYCLER,Volleys,90,11
RECYCLER,Volleys,91,11
RECYCLER,Volleys,92,11
RECYCLER,Volleys,93,11
RECYCLER,Volleys,94,11
RECYCLER,Volleys,95,13
RECYCLER,Volleys,96,16
RECYCLER,Volleys,97,19
RECYCLER,Volleys,98,22
RECYCLER,Volleys,99,24
RECYCLER,Penalties,40,1
RECYCLER,Penalties,41,1
RECYCLER,Penalties,42,1
RECYCLER,Penalties,43,1
RECYCLER,Penalties,44,1
RECYCLER,Penalties,45,1
RECYCLER,Penalties,46,1
RECYCLER,Penalties,47,1
RECYCLER,Penalties,48,1
RECYCLER,Penalties,49,1
RECYCLER,Penalties,50,1
RECYCLER,Penalties,51,1
RECYCLER,Penalties,52,1
RECYCLER,Penalties,53,1
RECYCLER,Penalties,54,1
RECYCLER,Penalties,55,1
RECYCLER,Penalties,56,1
RECYCLER,Penalties,57,1
RECYCLER,Penalties,58,1
RECYCLER,Penalties,59,1
RECYCLER,Penalties,60,1
RECYCLER,Penalties,61,1
RECYCLER,Penalties,62,1
RECYCLER,Penalties,63,1
RECYCLER,Penalties,64,2
RECYCLER,Penalties,65,2
RECYCLER,Penalties,66,2
RECYCLER,Penalties,67,2
RECYCLER,Penalties,68,2
RECYCLER,Penalties,69,2
RECYCLER,Penalties,70,3
RECYCLER,Penalties,71,3
RECYCLER,Penalties,72,3
RECYCLER,Penalties,73,3
RECYCLER,Penalties,74,3
RECYCLER,Penalties,75,4
RECYCLER,Penalties,76,4
RECYCLER,Penalties,77,4
RECYCLER,Penalties,78,4
RECYCLER,Penalties,79,4
RECYCLER,Penalties,80,5
RECYCLER,Penalties,81,5
RECYCLER,Penalties,82,5
RECYCLER,Penalties,83,5
RECYCLER,Penalties,84,5
RECYCLER,Penalties,85,8
RECYCLER,Penalties,86,8
RECYCLER,Penalties,87,8
RECYCLER,Penalties,88,8
RECYCLER,Penalties,89,8
RECYCLER,Penalties,90,11
RECYCLER,Penalties,91,11
RECYCLER,Penalties,92,11
RECYCLER,Penalties,93,11
RECYCLER,Penalties,94,11
RECYCLER,Penalties,95,13
RECYCLER,Penalties,96,16
RECYCLER,Penalties,97,19
RECYCLER,Penalties,98,22
RECYCLER,Penalties,99,24
RECYCLER,Vision,40,1
RECYCLER,Vision,41,1
RECYCLER,Vision,42,1
RECYCLER,Vision,43,1
RECYCLER,Vision,44,1
RECYCLER,Vision,45,1
RECYCLER,Vision,46,1
RECYCLER,Vision,47,1
RECYCLER,Vision,48,1
RECYCLER,Vision,49,1
RECYCLER,Vision,50,1
RECYCLER,Vision,51,1
RECYCLER,Vision,52,1
RECYCLER,Vision,53,1
RECYCLER,Vision,54,1
RECYCLER,Vision,55,1
RECYCLER,Vision,56,1
RECYCLER,Vision,57,1
RECYCLER,Vision,58,1
RECYCLER,Vision,59,1
RECYCLER,Vision,60,2
RECYCLER,Vision,61,2
RECYCLER,Vision,62,2
RECYCLER,Vision,63,2
RECYCLER,Vision,64,3
RECYCLER,Vision,65,3
RECYCLER,Vision,66,3
RECYCLER,Vision,67,3
RECYCLER,Vision,68,3
RECYCLER,Vision,69,3
RECYCLER,Vision,70,4
RECYCLER,Vision,71,4
RECYCLER,Vision,72,4
RECYCLER,Vision,73,4
RECYCLER,Vision,74,4
RECYCLER,Vision,75,6
RECYCLER,Vision,76,6
RECYCLER,Vision,77,6
RECYCLER,Vision,78,6
RECYCLER,Vision,79,6
RECYCLER,Vision,80,7
RECYCLER,Vision,81,7
RECYCLER,Vision,82,7
RECYCLER,Vision,83,7
RECYCLER,Vision,84,7
RECYCLER,Vision,85,11
RECYCLER,Vision,86,11
RECYCLER,Vision,87,11
RECYCLER,Vision,88,11
RECYCLER,Vision,89,11
RECYCLER,Vision,90,15
RECYCLER,Vision,91,15
RECYCLER,Vision,92,15
RECYCLER,Vision,93,15
RECYCLER,Vision,94,15
RECYCLER,Vision,95,18
RECYCLER,Vision,96,22
RECYCLER,Vision,97,26
RECYCLER,Vision,98,30
RECYCLER,Vision,99,33
RECYCLER,Crossing,40,1
RECYCLER,Crossing,41,1
RECYCLER,Crossing,42,1
RECYCLER,Crossing,43,1
RECYCLER,Crossing,44,1
RECYCLER,Crossing,45,1
RECYCLER,Crossing,46,1
RECYCLER,Crossing,47,1
RECYCLER,Crossing,48,1
RECYCLER,Crossing,49,1
RECYCLER,Crossing,50,1
RECYCLER,Crossing,51,1
RECYCLER,Crossing,52,1
RECYCLER,Crossing,53,1
RECYCLER,Crossing,54,1
RECYCLER,Crossing,55,1
RECYCLER,Crossing,56,1
RECYCLER,Crossing,57,1
RECYCLER,Crossing,58,1
RECYCLER,Crossing,59,1
RECYCLER,Crossing,60,2
RECYCLER,Crossing,61,2
RECYCLER,Crossing,62,2
RECYCLER,Crossing,63,2
RECYCLER,Crossing,64,3
RECYCLER,Crossing,65,3
RECYCLER,Crossing,66,3
RECYCLER,Crossing,67,3
RECYCLER,Crossing,68,3
RECYCLER,Crossing,69,3
RECYCLER,Crossing,70,4
RECYCLER,Crossing,71,4
RECYCLER,Crossing,72,4
RECYCLER,Crossing,73,4
RECYCLER,Crossing,74,4
RECYCLER,Crossing,75,6
RECYCLER,Crossing,76,6
RECYCLER,Crossing,77,6
RECYCLER,Crossing,78,6
RECYCLER,Crossing,79,6
RECYCLER,Crossing,80,7
RECYCLER,Crossing,81,7
RECYCLER,Crossing,82,7
RECYCLER,Crossing,83,7
RECYCLER,Crossing,84,7
RECYCLER,Crossing,85,11
RECYCLER,Crossing,86,11
RECYCLER,Crossing,87,11
RECYCLER,Crossing,88,11
RECYCLER,Crossing,89,11
RECYCLER,Crossing,90,15
RECYCLER,Crossing,91,15
RECYCLER,Crossing,92,15
RECYCLER,Crossing,93,15
RECYCLER,Crossing,94,15
RECYCLER,Crossing,95,18
RECYCLER,Crossing,96,22
RECYCLER,Crossing,97,26
RECYCLER,Crossing,98,30
RECYCLER,Crossing,99,33
RECYCLER,FKAccuracy,40,1
RECYCLER,FKAccuracy,41,1
RECYCLER,FKAccuracy,42,1
RECYCLER,FKAccuracy,43,1
RECYCLER,FKAccuracy,44,1
RECYCLER,FKAccuracy,45,1
RECYCLER,FKAccuracy,46,1
RECYCLER,FKAccuracy,47,1
RECYCLER,FKAccuracy,48,1
RECYCLER,FKAccuracy,49,1
RECYCLER,FKAccuracy,50,1
RECYCLER,FKAccuracy,51,1
RECYCLER,FKAccuracy,52,1
RECYCLER,FKAccuracy,53,1
RECYCLER,FKAccuracy,54,1
RECYCLER,FKAccuracy,55,1
RECYCLER,FKAccuracy,56,1
RECYCLER,FKAccuracy,57,1
RECYCLER,FKAccuracy,58,1
RECYCLER,FKAccuracy,59,1
RECYCLER,FKAccuracy,60,1
RECYCLER,FKAccuracy,61,1
RECYCLER,FKAccuracy,62,1
RECYCLER,FKAccuracy,63,1
RECYCLER,FKAccuracy,64,2
RECYCLER,FKAccuracy,65,2
RECYCLER,FKAccuracy,66,2
RECYCLER,FKAccuracy,67,2
RECYCLER,FKAccuracy,68,2
RECYCLER,FKAccuracy,69,2
RECYCLER,FKAccuracy,70,3
RECYCLER,FKAccuracy,71,3
RECYCLER,FKAccuracy,72,3
RECYCLER,FKAccuracy,73,3
RECYCLER,FKAccuracy,74,3
RECYCLER,FKAccuracy,75,4
RECYCLER,FKAccuracy,76,4
RECYCLER,FKAccuracy,77,4
RECYCLER,FKAccuracy,78,4
RECYCLER,FKAccuracy,79,4
RECYCLER,FKAccuracy,80,5
RECYCLER,FKAccuracy,81,5
RECYCLER,FKAccuracy,82,5
RECYCLER,FKAccuracy,83,5
RECYCLER,FKAccuracy,84,5
RECYCLER,FKAccuracy,85,8
RECYCLER,FKAccuracy,86,8
RECYCLER,FKAccuracy,87,8
RECYCLER,FKAccuracy,88,8
RECYCLER,FKAccuracy,89,8
RECYCLER,FKAccuracy,90,11
RECYCLER,FKAccuracy,91,11
RECYCLER,FKAccuracy,92,11
RECYCLER,FKAccuracy,93,11
RECYCLER,FKAccuracy,94,11
RECYCLER,FKAccuracy,95,13
RECYCLER,FKAccuracy,96,16
RECYCLER,FKAccuracy,97,19
RECYCLER,FKAccuracy,98,22
RECYCLER,FKAccuracy,99,24
RECYCLER,ShortPassing,40,2
RECYCLER,ShortPassing,41,2
RECYCLER,ShortPassing,42,2
RECYCLER,ShortPassing,43,2
RECYCLER,ShortPassing,44,2
RECYCLER,ShortPassing,45,2
RECYCLER,ShortPassing,46,2
RECYCLER,ShortPassing,47,2
RECYCLER,ShortPassing,48,2
RECYCLER,ShortPassing,49,2
RECYCLER,ShortPassing,50,2
RECYCLER,ShortPassing,51,2
RECYCLER,ShortPassing,52,2
RECYCLER,ShortPassing,53,2
RECYCLER,ShortPassing,54,2
RECYCLER,ShortPassing,55,2
RECYCLER,ShortPassing,56,2
RECYCLER,ShortPassing,57,2
RECYCLER,ShortPassing,58,2
RECYCLER,ShortPassing,59,2
RECYCLER,ShortPassing,60,3
RECYCLER,ShortPassing,61,3
RECYCLER,ShortPassing,62,3
RECYCLER,ShortPassing,63,3
RECYCLER,ShortPassing,64,4
RECYCLER,ShortPassing,65,4
RECYCLER,ShortPassing,66,4
RECYCLER,ShortPassing,67,5
RECYCLER,ShortPassing,68,5
RECYCLER,ShortPassing,69,5
RECYCLER,ShortPassing,70,6
RECYCLER,ShortPassing,71,6
RECYCLER,ShortPassing,72,6
RECYCLER,ShortPassing,73,6
RECYCLER,ShortPassing,74,6
RECYCLER,ShortPassing,75,8
RECYCLER,ShortPassing,76,8
RECYCLER,ShortPassing,77,8
RECYCLER,ShortPassing,78,8
RECYCLER,ShortPassing,79,8
RECYCLER,ShortPassing,80,10
RECYCLER,ShortPassing,81,10
RECYCLER,ShortPassing,82,10
RECYCLER,ShortPassing,83,10
RECYCLER,ShortPassing,84,10
RECYCLER,ShortPassing,85,15
RECYCLER,ShortPassing,86,15
RECYCLER,ShortPassing,87,15
RECYCLER,ShortPassing,88,15
RECYCLER,ShortPassing,89,15
RECYCLER,ShortPassing,90,20
RECYCLER,ShortPassing,91,20
RECYCLER,ShortPassing,92,20
RECYCLER,ShortPassing,93,20
RECYCLER,ShortPassing,94,20
RECYCLER,ShortPassing,95,25
RECYCLER,ShortPassing,96,30
RECYCLER,ShortPassing,97,35
RECYCLER,ShortPassing,98,40
RECYCLER,ShortPassing,99,45
RECYCLER,LongPassing,40,1
RECYCLER,LongPassing,41,1
RECYCLER,LongPassing,42,1
RECYCLER,LongPassing,43,1
RECYCLER,LongPassing,44,1
RECYCLER,LongPassing,45,1
RECYCLER,LongPassing,46,1
RECYCLER,LongPassing,47,1
RECYCLER,LongPassing,48,1
RECYCLER,LongPassing,49,1
RECYCLER,LongPassing,50,1
RECYCLER,LongPassing,51,1
RECYCLER,LongPassing,52,1
RECYCLER,LongPassing,53,1
RECYCLER,LongPassing,54,1
RECYCLER,LongPassing,55,1
RECYCLER,LongPassing,56,1
RECYCLER,LongPassing,57,1
RECYCLER,LongPassing,58,1
RECYCLER,LongPassing,59,1
RECYCLER,LongPassing,60,2
RECYCLER,LongPassing,61,2
RECYCLER,LongPassing,62,2
RECYCLER,LongPassing,63,2
RECYCLER,LongPassing,64,3
RECYCLER,LongPassing,65,3
RECYCLER,LongPassing,66,3
RECYCLER,LongPassing,67,3
RECYCLER,LongPassing,68,3
RECYCLER,LongPassing,69,3
RECYCLER,LongPassing,70,4
RECYCLER,LongPassing,71,4
RECYCLER,LongPassing,72,4
RECYCLER,LongPassing,73,4
RECYCLER,LongPassing,74,4
RECYCLER,LongPassing,75,6
RECYCLER,LongPassing,76,6
RECYCLER,LongPassing,77,6
RECYCLER,LongPassing,78,6
RECYCLER,LongPassing,79,6
RECYCLER,LongPassing,80,7
RECYCLER,LongPassing,81,7
RECYCLER,LongPassing,82,7
RECYCLER,LongPassing,83,7
RECYCLER,LongPassing,84,7
RECYCLER,LongPassing,85,11
RECYCLER,LongPassing,86,11
RECYCLER,LongPassing,87,11
RECYCLER,LongPassing,88,11
RECYCLER,LongPassing,89,11
RECYCLER,LongPassing,90,15
RECYCLER,LongPassing,91,15
RECYCLER,LongPassing,92,15
RECYCLER,LongPassing,93,15
RECYCLER,LongPassing,94,15
RECYCLER,LongPassing,95,18
RECYCLER,LongPassing,96,22
RECYCLER,LongPassing,97,26
RECYCLER,LongPassing,98,30
RECYCLER,LongPassing,99,33
RECYCLER,Curve,40,1
RECYCLER,Curve,41,1
RECYCLER,Curve,42,1
RECYCLER,Curve,43,1
RECYCLER,Curve,44,1
RECYCLER,Curve,45,1
RECYCLER,Curve,46,1
RECYCLER,Curve,47,1
RECYCLER,Curve,48,1
RECYCLER,Curve,49,1
RECYCLER,Curve,50,1
RECYCLER,Curve,51,1
RECYCLER,Curve,52,1
RECYCLER,Curve,53,1
RECYCLER,Curve,54,1
RECYCLER,Curve,55,1
RECYCLER,Curve,56,1
RECYCLER,Curve,57,1
RECYCLER,Curve,58,1
RECYCLER,Curve,59,1
RECYCLER,Curve,60,1
RECYCLER,Curve,61,1
RECYCLER,Curve,62,1
RECYCLER,Curve,63,1
RECYCLER,Curve,64,2
RECYCLER,Curve,65,2
RECYCLER,Curve,66,2
RECYCLER,Curve,67,2
RECYCLER,Curve,68,2
RECYCLER,Curve,69,2
RECYCLER,Curve,70,3
RECYCLER,Curve,71,3
RECYCLER,Curve,72,3
RECYCLER,Curve,73,3
RECYCLER,Curve,74,3
RECYCLER,Curve,75,4
RECYCLER,Curve,76,4
RECYCLER,Curve,77,4
RECYCLER,Curve,78,4
RECYCLER,Curve,79,4
RECYCLER,Curve,80,5
RECYCLER,Curve,81,5
RECYCLER,Curve,82,5
RECYCLER,Curve,83,5
RECYCLER,Curve,84,5
RECYCLER,Curve,85,8
RECYCLER,Curve,86,8
RECYCLER,Curve,87,8
RECYCLER,Curve,88,8
RECYCLER,Curve,89,8
RECYCLER,Curve,90,11
RECYCLER,Curve,91,11
RECYCLER,Curve,92,11
RECYCLER,Curve,93,11
RECYCLER,Curve,94,11
RECYCLER,Curve,95,13
RECYCLER,Curve,96,16
RECYCLER,Curve,97,19
RECYCLER,Curve,98,22
RECYCLER,Curve,99,24
RECYCLER,Agility,40,2
RECYCLER,Agility,41,2
RECYCLER,Agility,42,2
RECYCLER,Agility,43,2
RECYCLER,Agility,44,2
RECYCLER,Agility,45,2
RECYCLER,Agility,46,2
RECYCLER,Agility,47,2
RECYCLER,Agility,48,2
RECYCLER,Agility,49,2
RECYCLER,Agility,50,2
RECYCLER,Agility,51,2
RECYCLER,Agility,52,2
RECYCLER,Agility,53,2
RECYCLER,Agility,54,2
RECYCLER,Agility,55,2
RECYCLER,Agility,56,2
RECYCLER,Agility,57,2
RECYCLER,Agility,58,2
RECYCLER,Agility,59,2
RECYCLER,Agility,60,3
RECYCLER,Agility,61,3
RECYCLER,Agility,62,3
RECYCLER,Agility,63,3
RECYCLER,Agility,64,4
RECYCLER,Agility,65,4
RECYCLER,Agility,66,4
RECYCLER,Agility,67,5
RECYCLER,Agility,68,5
RECYCLER,Agility,69,5
RECYCLER,Agility,70,6
RECYCLER,Agility,71,6
RECYCLER,Agility,72,6
RECYCLER,Agility,73,6
RECYCLER,Agility,74,6
RECYCLER,Agility,75,8
RECYCLER,Agility,76,8
RECYCLER,Agility,77,8
RECYCLER,Agility,78,8
RECYCLER,Agility,79,8
RECYCLER,Agility,80,10
RECYCLER,Agility,81,10
RECYCLER,Agility,82,10
RECYCLER,Agility,83,10
RECYCLER,Agility,84,10
RECYCLER,Agility,85,15
RECYCLER,Agility,86,15
RECYCLER,Agility,87,15
RECYCLER,Agility,88,15
RECYCLER,Agility,89,15
RECYCLER,Agility,90,20
RECYCLER,Agility,91,20
RECYCLER,Agility,92,20
RECYCLER,Agility,93,20
RECYCLER,Agility,94,20
RECYCLER,Agility,95,25
RECYCLER,Agility,96,30
RECYCLER,Agility,97,35
RECYCLER,Agility,98,40
RECYCLER,Agility,99,45
RECYCLER,Balance,40,1
RECYCLER,Balance,41,1
RECYCLER,Balance,42,1
RECYCLER,Balance,43,1
RECYCLER,Balance,44,1
RECYCLER,Balance,45,1
RECYCLER,Balance,46,1
RECYCLER,Balance,47,1
RECYCLER,Balance,48,1
RECYCLER,Balance,49,1
RECYCLER,Balance,50,1
RECYCLER,Balance,51,1
RECYCLER,Balance,52,1
RECYCLER,Balance,53,1
RECYCLER,Balance,54,1
RECYCLER,Balance,55,1
RECYCLER,Balance,56,1
RECYCLER,Balance,57,1
RECYCLER,Balance,58,1
RECYCLER,Balance,59,1
RECYCLER,Balance,60,2
RECYCLER,Balance,61,2
RECYCLER,Balance,62,2
RECYCLER,Balance,63,2
RECYCLER,Balance,64,3
RECYCLER,Balance,65,3
RECYCLER,Balance,66,3
RECYCLER,Balance,67,3
RECYCLER,Balance,68,3
RECYCLER,Balance,69,3
RECYCLER,Balance,70,4
RECYCLER,Balance,71,4
RECYCLER,Balance,72,4
RECYCLER,Balance,73,4
RECYCLER,Balance,74,4
RECYCLER,Balance,75,6
RECYCLER,Balance,76,6
RECYCLER,Balance,77,6
RECYCLER,Balance,78,6
RECYCLER,Balance,79,6
RECYCLER,Balance,80,7
RECYCLER,Balance,81,7
RECYCLER,Balance,82,7
RECYCLER,Balance,83,7
RECYCLER,Balance,84,7
RECYCLER,Balance,85,11
RECYCLER,Balance,86,11
RECYCLER,Balance,87,11
RECYCLER,Balance,88,11
RECYCLER,Balance,89,11
RECYCLER,Balance,90,15
RECYCLER,Balance,91,15
RECYCLER,Balance,92,15
RECYCLER,Balance,93,15
RECYCLER,Balance,94,15
RECYCLER,Balance,95,18
RECYCLER,Balance,96,22
RECYCLER,Balance,97,26
RECYCLER,Balance,98,30
RECYCLER,Balance,99,33
RECYCLER,Reactions,40,1
RECYCLER,Reactions,41,1
RECYCLER,Reactions,42,1
RECYCLER,Reactions,43,1
RECYCLER,Reactions,44,1
RECYCLER,Reactions,45,1
RECYCLER,Reactions,46,1
RECYCLER,Reactions,47,1
RECYCLER,Reactions,48,1
RECYCLER,Reactions,49,1
RECYCLER,Reactions,50,1
RECYCLER,Reactions,51,1
RECYCLER,Reactions,52,1
RECYCLER,Reactions,53,1
RECYCLER,Reactions,54,1
RECYCLER,Reactions,55,1
RECYCLER,Reactions,56,1
RECYCLER,Reactions,57,1
RECYCLER,Reactions,58,1
RECYCLER,Reactions,59,1
RECYCLER,Reactions,60,1
RECYCLER,Reactions,61,1
RECYCLER,Reactions,62,1
RECYCLER,Reactions,63,1
RECYCLER,Reactions,64,2
RECYCLER,Reactions,65,2
RECYCLER,Reactions,66,2
RECYCLER,Reactions,67,2
RECYCLER,Reactions,68,2
RECYCLER,Reactions,69,2
RECYCLER,Reactions,70,3
RECYCLER,Reactions,71,3
RECYCLER,Reactions,72,3
RECYCLER,Reactions,73,3
RECYCLER,Reactions,74,3
RECYCLER,Reactions,75,4
RECYCLER,Reactions,76,4
RECYCLER,Reactions,77,4
RECYCLER,Reactions,78,4
RECYCLER,Reactions,79,4
RECYCLER,Reactions,80,5
RECYCLER,Reactions,81,5
RECYCLER,Reactions,82,5
RECYCLER,Reactions,83,5
RECYCLER,Reactions,84,5
RECYCLER,Reactions,85,8
RECYCLER,Reactions,86,8
RECYCLER,Reactions,87,8
RECYCLER,Reactions,88,8
RECYCLER,Reactions,89,8
RECYCLER,Reactions,90,11
RECYCLER,Reactions,91,11
RECYCLER,Reactions,92,11
RECYCLER,Reactions,93,11
RECYCLER,Reactions,94,11
RECYCLER,Reactions,95,13
RECYCLER,Reactions,96,16
RECYCLER,Reactions,97,19
RECYCLER,Reactions,98,22
RECYCLER,Reactions,99,24
RECYCLER,BallControl,40,1
RECYCLER,BallControl,41,1
RECYCLER,BallControl,42,1
RECYCLER,BallControl,43,1
RECYCLER,BallControl,44,1
RECYCLER,BallControl,45,1
RECYCLER,BallControl,46,1
RECYCLER,BallControl,47,1
RECYCLER,BallControl,48,1
RECYCLER,BallControl,49,1
RECYCLER,BallControl,50,1
RECYCLER,BallControl,51,1
RECYCLER,BallControl,52,1
RECYCLER,BallControl,53,1
RECYCLER,BallControl,54,1
RECYCLER,BallControl,55,1
RECYCLER,BallControl,56,1
RECYCLER,BallControl,57,1
RECYCLER,BallControl,58,1
RECYCLER,BallControl,59,1
RECYCLER,BallControl,60,2
RECYCLER,BallControl,61,2
RECYCLER,BallControl,62,2
RECYCLER,BallControl,63,2
RECYCLER,BallControl,64,3
RECYCLER,BallControl,65,3
RECYCLER,BallControl,66,3
RECYCLER,BallControl,67,3
RECYCLER,BallControl,68,3
RECYCLER,BallControl,69,3
RECYCLER,BallControl,70,4
RECYCLER,BallControl,71,4
RECYCLER,BallControl,72,4
RECYCLER,BallControl,73,4
RECYCLER,BallControl,74,4
RECYCLER,BallControl,75,6
RECYCLER,BallControl,76,6
RECYCLER,BallControl,77,6
RECYCLER,BallControl,78,6
RECYCLER,BallControl,79,6
RECYCLER,BallControl,80,7
RECYCLER,BallControl,81,7
RECYCLER,BallControl,82,7
RECYCLER,BallControl,83,7
RECYCLER,BallControl,84,7
RECYCLER,BallControl,85,11
RECYCLER,BallControl,86,11
RECYCLER,BallControl,87,11
RECYCLER,BallControl,88,11
RECYCLER,BallControl,89,11
RECYCLER,BallControl,90,15
RECYCLER,BallControl,91,15
RECYCLER,BallControl,92,15
RECYCLER,BallControl,93,15
RECYCLER,BallControl,94,15
RECYCLER,BallControl,95,18
RECYCLER,BallControl,96,22
RECYCLER,BallControl,97,26
RECYCLER,BallControl,98,30
RECYCLER,BallControl,99,33
RECYCLER,Dribbling,40,2
RECYCLER,Dribbling,41,2
RECYCLER,Dribbling,42,2
RECYCLER,Dribbling,43,2
RECYCLER,Dribbling,44,2
RECYCLER,Dribbling,45,2
RECYCLER,Dribbling,46,2
RECYCLER,Dribbling,47,2
RECYCLER,Dribbling,48,2
RECYCLER,Dribbling,49,2
RECYCLER,Dribbling,50,2
RECYCLER,Dribbling,51,2
RECYCLER,Dribbling,52,2
RECYCLER,Dribbling,53,2
RECYCLER,Dribbling,54,2
RECYCLER,Dribbling,55,2
RECYCLER,Dribbling,56,2
RECYCLER,Dribbling,57,2
RECYCLER,Dribbling,58,2
RECYCLER,Dribbling,59,2
RECYCLER,Dribbling,60,3
RECYCLER,Dribbling,61,3
RECYCLER,Dribbling,62,3
RECYCLER,Dribbling,63,3
RECYCLER,Dribbling,64,4
RECYCLER,Dribbling,65,4
RECYCLER,Dribbling,66,4
RECYCLER,Dribbling,67,5
RECYCLER,Dribbling,68,5
RECYCLER,Dribbling,69,5
RECYCLER,Dribbling,70,6
RECYCLER,Dribbling,71,6
RECYCLER,Dribbling,72,6
RECYCLER,Dribbling,73,6
RECYCLER,Dribbling,74,6
RECYCLER,Dribbling,75,8
RECYCLER,Dribbling,76,8
RECYCLER,Dribbling,77,8
RECYCLER,Dribbling,78,8
RECYCLER,Dribbling,79,8
RECYCLER,Dribbling,80,10
RECYCLER,Dribbling,81,10
RECYCLER,Dribbling,82,10
RECYCLER,Dribbling,83,10
RECYCLER,Dribbling,84,10
RECYCLER,Dribbling,85,15
RECYCLER,Dribbling,86,15
RECYCLER,Dribbling,87,15
RECYCLER,Dribbling,88,15
RECYCLER,Dribbling,89,15
RECYCLER,Dribbling,90,20
RECYCLER,Dribbling,91,20
RECYCLER,Dribbling,92,20
RECYCLER,Dribbling,93,20
RECYCLER,Dribbling,94,20
RECYCLER,Dribbling,95,25
RECYCLER,Dribbling,96,30
RECYCLER,Dribbling,97,35
RECYCLER,Dribbling,98,40
RECYCLER,Dribbling,99,45
RECYCLER,Composure,40,1
RECYCLER,Composure,41,1
RECYCLER,Composure,42,1
RECYCLER,Composure,43,1
RECYCLER,Composure,44,1
RECYCLER,Composure,45,1
RECYCLER,Composure,46,1
RECYCLER,Composure,47,1
RECYCLER,Composure,48,1
RECYCLER,Composure,49,1
RECYCLER,Composure,50,1
RECYCLER,Composure,51,1
RECYCLER,Composure,52,1
RECYCLER,Composure,53,1
RECYCLER,Composure,54,1
RECYCLER,Composure,55,1
RECYCLER,Composure,56,1
RECYCLER,Composure,57,1
RECYCLER,Composure,58,1
RECYCLER,Composure,59,1
RECYCLER,Composure,60,2
RECYCLER,Composure,61,2
RECYCLER,Composure,62,2
RECYCLER,Composure,63,2
RECYCLER,Composure,64,3
RECYCLER,Composure,65,3
RECYCLER,Composure,66,3
RECYCLER,Composure,67,3
RECYCLER,Composure,68,3
RECYCLER,Composure,69,3
RECYCLER,Composure,70,4
RECYCLER,Composure,71,4
RECYCLER,Composure,72,4
RECYCLER,Composure,73,4
RECYCLER,Composure,74,4
RECYCLER,Composure,75,6
RECYCLER,Composure,76,6
RECYCLER,Composure,77,6
RECYCLER,Composure,78,6
RECYCLER,Composure,79,6
RECYCLER,Composure,80,7
RECYCLER,Composure,81,7
RECYCLER,Composure,82,7
RECYCLER,Composure,83,7
RECYCLER,Composure,84,7
RECYCLER,Composure,85,11
RECYCLER,Composure,86,11
RECYCLER,Composure,87,11
RECYCLER,Composure,88,11
RECYCLER,Composure,89,11
RECYCLER,Composure,90,15
RECYCLER,Composure,91,15
RECYCLER,Composure,92,15
RECYCLER,Composure,93,15
RECYCLER,Composure,94,15
RECYCLER,Composure,95,18
RECYCLER,Composure,96,22
RECYCLER,Composure,97,26
RECYCLER,Composure,98,30
RECYCLER,Composure,99,33
RECYCLER,Interceptions,40,1
RECYCLER,Interceptions,41,1
RECYCLER,Interceptions,42,1
RECYCLER,Interceptions,43,1
RECYCLER,Interceptions,44,1
RECYCLER,Interceptions,45,1
RECYCLER,Interceptions,46,1
RECYCLER,Interceptions,47,1
RECYCLER,Interceptions,48,1
RECYCLER,Interceptions,49,1
RECYCLER,Interceptions,50,1
RECYCLER,Interceptions,51,1
RECYCLER,Interceptions,52,1
RECYCLER,Interceptions,53,1
RECYCLER,Interceptions,54,1
RECYCLER,Interceptions,55,1
RECYCLER,Interceptions,56,1
RECYCLER,Interceptions,57,1
RECYCLER,Interceptions,58,1
RECYCLER,Interceptions,59,1
RECYCLER,Interceptions,60,2
RECYCLER,Interceptions,61,2
RECYCLER,Interceptions,62,2
RECYCLER,Interceptions,63,2
RECYCLER,Interceptions,64,3
RECYCLER,Interceptions,65,3
RECYCLER,Interceptions,66,3
RECYCLER,Interceptions,67,3
RECYCLER,Interceptions,68,3
RECYCLER,Interceptions,69,3
RECYCLER,Interceptions,70,4
RECYCLER,Interceptions,71,4
RECYCLER,Interceptions,72,4
RECYCLER,Interceptions,73,4
RECYCLER,Interceptions,74,4
RECYCLER,Interceptions,75,6
RECYCLER,Interceptions,76,6
RECYCLER,Interceptions,77,6
RECYCLER,Interceptions,78,6
RECYCLER,Interceptions,79,6
RECYCLER,Interceptions,80,7
RECYCLER,Interceptions,81,7
RECYCLER,Interceptions,82,7
RECYCLER,Interceptions,83,7
RECYCLER,Interceptions,84,7
RECYCLER,Interceptions,85,11
RECYCLER,Interceptions,86,11
RECYCLER,Interceptions,87,11
RECYCLER,Interceptions,88,11
RECYCLER,Interceptions,89,11
RECYCLER,Interceptions,90,15
RECYCLER,Interceptions,91,15
RECYCLER,Interceptions,92,15
RECYCLER,Interceptions,93,15
RECYCLER,Interceptions,94,15
RECYCLER,Interceptions,95,18
RECYCLER,Interceptions,96,22
RECYCLER,Interceptions,97,26
RECYCLER,Interceptions,98,30
RECYCLER,Interceptions,99,33
RECYCLER,Heading Accuracy,40,1
RECYCLER,Heading Accuracy,41,1
RECYCLER,Heading Accuracy,42,1
RECYCLER,Heading Accuracy,43,1
RECYCLER,Heading Accuracy,44,1
RECYCLER,Heading Accuracy,45,1
RECYCLER,Heading Accuracy,46,1
RECYCLER,Heading Accuracy,47,1
RECYCLER,Heading Accuracy,48,1
RECYCLER,Heading Accuracy,49,1
RECYCLER,Heading Accuracy,50,1
RECYCLER,Heading Accuracy,51,1
RECYCLER,Heading Accuracy,52,1
RECYCLER,Heading Accuracy,53,1
RECYCLER,Heading Accuracy,54,1
RECYCLER,Heading Accuracy,55,1
RECYCLER,Heading Accuracy,56,1
RECYCLER,Heading Accuracy,57,1
RECYCLER,Heading Accuracy,58,1
RECYCLER,Heading Accuracy,59,1
RECYCLER,Heading Accuracy,60,2
RECYCLER,Heading Accuracy,61,2
RECYCLER,Heading Accuracy,62,2
RECYCLER,Heading Accuracy,63,2
RECYCLER,Heading Accuracy,64,3
RECYCLER,Heading Accuracy,65,3
RECYCLER,Heading Accuracy,66,3
RECYCLER,Heading Accuracy,67,3
RECYCLER,Heading Accuracy,68,3
RECYCLER,Heading Accuracy,69,3
RECYCLER,Heading Accuracy,70,4
RECYCLER,Heading Accuracy,71,4
RECYCLER,Heading Accuracy,72,4
RECYCLER,Heading Accuracy,73,4
RECYCLER,Heading Accuracy,74,4
RECYCLER,Heading Accuracy,75,6
RECYCLER,Heading Accuracy,76,6
RECYCLER,Heading Accuracy,77,6
RECYCLER,Heading Accuracy,78,6
RECYCLER,Heading Accuracy,79,6
RECYCLER,Heading Accuracy,80,7
RECYCLER,Heading Accuracy,81,7
RECYCLER,Heading Accuracy,82,7
RECYCLER,Heading Accuracy,83,7
RECYCLER,Heading Accuracy,84,7
RECYCLER,Heading Accuracy,85,11
RECYCLER,Heading Accuracy,86,11
RECYCLER,Heading Accuracy,87,11
RECYCLER,Heading Accuracy,88,11
RECYCLER,Heading Accuracy,89,11
RECYCLER,Heading Accuracy,90,15
RECYCLER,Heading Accuracy,91,15
RECYCLER,Heading Accuracy,92,15
RECYCLER,Heading Accuracy,93,15
RECYCLER,Heading Accuracy,94,15
RECYCLER,Heading Accuracy,95,18
RECYCLER,Heading Accuracy,96,22
RECYCLER,Heading Accuracy,97,26
RECYCLER,Heading Accuracy,98,30
RECYCLER,Heading Accuracy,99,33
RECYCLER,DefAwareness,40,1
RECYCLER,DefAwareness,41,1
RECYCLER,DefAwareness,42,1
RECYCLER,DefAwareness,43,1
RECYCLER,DefAwareness,44,1
RECYCLER,DefAwareness,45,1
RECYCLER,DefAwareness,46,1
RECYCLER,DefAwareness,47,1
RECYCLER,DefAwareness,48,1
RECYCLER,DefAwareness,49,1
RECYCLER,DefAwareness,50,1
RECYCLER,DefAwareness,51,1
RECYCLER,DefAwareness,52,1
RECYCLER,DefAwareness,53,1
RECYCLER,DefAwareness,54,1
RECYCLER,DefAwareness,55,1
RECYCLER,DefAwareness,56,1
RECYCLER,DefAwareness,57,1
RECYCLER,DefAwareness,58,1
RECYCLER,DefAwareness,59,1
RECYCLER,DefAwareness,60,1
RECYCLER,DefAwareness,61,1
RECYCLER,DefAwareness,62,1
RECYCLER,DefAwareness,63,1
RECYCLER,DefAwareness,64,2
RECYCLER,DefAwareness,65,2
RECYCLER,DefAwareness,66,2
RECYCLER,DefAwareness,67,2
RECYCLER,DefAwareness,68,2
RECYCLER,DefAwareness,69,2
RECYCLER,DefAwareness,70,3
RECYCLER,DefAwareness,71,3
RECYCLER,DefAwareness,72,3
RECYCLER,DefAwareness,73,3
RECYCLER,DefAwareness,74,3
RECYCLER,DefAwareness,75,4
RECYCLER,DefAwareness,76,4
RECYCLER,DefAwareness,77,4
RECYCLER,DefAwareness,78,4
RECYCLER,DefAwareness,79,4
RECYCLER,DefAwareness,80,5
RECYCLER,DefAwareness,81,5
RECYCLER,DefAwareness,82,5
RECYCLER,DefAwareness,83,5
RECYCLER,DefAwareness,84,5
RECYCLER,DefAwareness,85,8
RECYCLER,DefAwareness,86,8
RECYCLER,DefAwareness,87,8
RECYCLER,DefAwareness,88,8
RECYCLER,DefAwareness,89,8
RECYCLER,DefAwareness,90,11
RECYCLER,DefAwareness,91,11
RECYCLER,DefAwareness,92,11
RECYCLER,DefAwareness,93,11
RECYCLER,DefAwareness,94,11
RECYCLER,DefAwareness,95,13
RECYCLER,DefAwareness,96,16
RECYCLER,DefAwareness,97,19
RECYCLER,DefAwareness,98,22
RECYCLER,DefAwareness,99,24
RECYCLER,StandingTackle,40,2
RECYCLER,StandingTackle,41,2
RECYCLER,StandingTackle,42,2
RECYCLER,StandingTackle,43,2
RECYCLER,StandingTackle,44,2
RECYCLER,StandingTackle,45,2
RECYCLER,StandingTackle,46,2
RECYCLER,StandingTackle,47,2
RECYCLER,StandingTackle,48,2
RECYCLER,StandingTackle,49,2
RECYCLER,StandingTackle,50,2
RECYCLER,StandingTackle,51,2
RECYCLER,StandingTackle,52,2
RECYCLER,StandingTackle,53,2
RECYCLER,StandingTackle,54,2
RECYCLER,StandingTackle,55,2
RECYCLER,StandingTackle,56,2
RECYCLER,StandingTackle,57,2
RECYCLER,StandingTackle,58,2
RECYCLER,StandingTackle,59,2
RECYCLER,StandingTackle,60,3
RECYCLER,StandingTackle,61,3
RECYCLER,StandingTackle,62,3
RECYCLER,StandingTackle,63,3
RECYCLER,StandingTackle,64,4
RECYCLER,StandingTackle,65,4
RECYCLER,StandingTackle,66,4
RECYCLER,StandingTackle,67,5
RECYCLER,StandingTackle,68,5
RECYCLER,StandingTackle,69,5
RECYCLER,StandingTackle,70,6
RECYCLER,StandingTackle,71,6
RECYCLER,StandingTackle,72,6
RECYCLER,StandingTackle,73,6
RECYCLER,StandingTackle,74,6
RECYCLER,StandingTackle,75,8
RECYCLER,StandingTackle,76,8
RECYCLER,StandingTackle,77,8
RECYCLER,StandingTackle,78,8
RECYCLER,StandingTackle,79,8
RECYCLER,StandingTackle,80,10
RECYCLER,StandingTackle,81,10
RECYCLER,StandingTackle,82,10
RECYCLER,StandingTackle,83,10
RECYCLER,StandingTackle,84,10
RECYCLER,StandingTackle,85,15
RECYCLER,StandingTackle,86,15
RECYCLER,StandingTackle,87,15
RECYCLER,StandingTackle,88,15
RECYCLER,StandingTackle,89,15
RECYCLER,StandingTackle,90,20
RECYCLER,StandingTackle,91,20
RECYCLER,StandingTackle,92,20
RECYCLER,StandingTackle,93,20
RECYCLER,StandingTackle,94,20
RECYCLER,StandingTackle,95,25
RECYCLER,StandingTackle,96,30
RECYCLER,StandingTackle,97,35
RECYCLER,StandingTackle,98,40
RECYCLER,StandingTackle,99,45
RECYCLER,SlidingTackle,40,1
RECYCLER,SlidingTackle,41,1
RECYCLER,SlidingTackle,42,1
RECYCLER,SlidingTackle,43,1
RECYCLER,SlidingTackle,44,1
RECYCLER,SlidingTackle,45,1
RECYCLER,SlidingTackle,46,1
RECYCLER,SlidingTackle,47,1
RECYCLER,SlidingTackle,48,1
RECYCLER,SlidingTackle,49,1
RECYCLER,SlidingTackle,50,1
RECYCLER,SlidingTackle,51,1
RECYCLER,SlidingTackle,52,1
RECYCLER,SlidingTackle,53,1
RECYCLER,SlidingTackle,54,1
RECYCLER,SlidingTackle,55,1
RECYCLER,SlidingTackle,56,1
RECYCLER,SlidingTackle,57,1
RECYCLER,SlidingTackle,58,1
RECYCLER,SlidingTackle,59,1
RECYCLER,SlidingTackle,60,2
RECYCLER,SlidingTackle,61,2
RECYCLER,SlidingTackle,62,2
RECYCLER,SlidingTackle,63,2
RECYCLER,SlidingTackle,64,3
RECYCLER,SlidingTackle,65,3
RECYCLER,SlidingTackle,66,3
RECYCLER,SlidingTackle,67,3
RECYCLER,SlidingTackle,68,3
RECYCLER,SlidingTackle,69,3
RECYCLER,SlidingTackle,70,4
RECYCLER,SlidingTackle,71,4
RECYCLER,SlidingTackle,72,4
RECYCLER,SlidingTackle,73,4
RECYCLER,SlidingTackle,74,4
RECYCLER,SlidingTackle,75,6
RECYCLER,SlidingTackle,76,6
RECYCLER,SlidingTackle,77,6
RECYCLER,SlidingTackle,78,6
RECYCLER,SlidingTackle,79,6
RECYCLER,SlidingTackle,80,7
RECYCLER,SlidingTackle,81,7
RECYCLER,SlidingTackle,82,7
RECYCLER,SlidingTackle,83,7
RECYCLER,SlidingTackle,84,7
RECYCLER,SlidingTackle,85,11
RECYCLER,SlidingTackle,86,11
RECYCLER,SlidingTackle,87,11
RECYCLER,SlidingTackle,88,11
RECYCLER,SlidingTackle,89,11
RECYCLER,SlidingTackle,90,15
RECYCLER,SlidingTackle,91,15
RECYCLER,SlidingTackle,92,15
RECYCLER,SlidingTackle,93,15
RECYCLER,SlidingTackle,94,15
RECYCLER,SlidingTackle,95,18
RECYCLER,SlidingTackle,96,22
RECYCLER,SlidingTackle,97,26
RECYCLER,SlidingTackle,98,30
RECYCLER,SlidingTackle,99,33
RECYCLER,Jumping,40,1
RECYCLER,Jumping,41,1
RECYCLER,Jumping,42,1
RECYCLER,Jumping,43,1
RECYCLER,Jumping,44,1
RECYCLER,Jumping,45,1
RECYCLER,Jumping,46,1
RECYCLER,Jumping,47,1
RECYCLER,Jumping,48,1
RECYCLER,Jumping,49,1
RECYCLER,Jumping,50,1
RECYCLER,Jumping,51,1
RECYCLER,Jumping,52,1
RECYCLER,Jumping,53,1
RECYCLER,Jumping,54,1
RECYCLER,Jumping,55,1
RECYCLER,Jumping,56,1
RECYCLER,Jumping,57,1
RECYCLER,Jumping,58,1
RECYCLER,Jumping,59,1
RECYCLER,Jumping,60,1
RECYCLER,Jumping,61,1
RECYCLER,Jumping,62,1
RECYCLER,Jumping,63,1
RECYCLER,Jumping,64,2
RECYCLER,Jumping,65,2
RECYCLER,Jumping,66,2
RECYCLER,Jumping,67,2
RECYCLER,Jumping,68,2
RECYCLER,Jumping,69,2
RECYCLER,Jumping,70,3
RECYCLER,Jumping,71,3
RECYCLER,Jumping,72,3
RECYCLER,Jumping,73,3
RECYCLER,Jumping,74,3
RECYCLER,Jumping,75,4
RECYCLER,Jumping,76,4
RECYCLER,Jumping,77,4
RECYCLER,Jumping,78,4
RECYCLER,Jumping,79,4
RECYCLER,Jumping,80,5
RECYCLER,Jumping,81,5
RECYCLER,Jumping,82,5
RECYCLER,Jumping,83,5
RECYCLER,Jumping,84,5
RECYCLER,Jumping,85,8
RECYCLER,Jumping,86,8
RECYCLER,Jumping,87,8
RECYCLER,Jumping,88,8
RECYCLER,Jumping,89,8
RECYCLER,Jumping,90,11
RECYCLER,Jumping,91,11
RECYCLER,Jumping,92,11
RECYCLER,Jumping,93,11
RECYCLER,Jumping,94,11
RECYCLER,Jumping,95,13
RECYCLER,Jumping,96,16
RECYCLER,Jumping,97,19
RECYCLER,Jumping,98,22
RECYCLER,Jumping,99,24
RECYCLER,Stamina,40,1
RECYCLER,Stamina,41,1
RECYCLER,Stamina,42,1
RECYCLER,Stamina,43,1
RECYCLER,Stamina,44,1
RECYCLER,Stamina,45,1
RECYCLER,Stamina,46,1
RECYCLER,Stamina,47,1
RECYCLER,Stamina,48,1
RECYCLER,Stamina,49,1
RECYCLER,Stamina,50,1
RECYCLER,Stamina,51,1
RECYCLER,Stamina,52,1
RECYCLER,Stamina,53,1
RECYCLER,Stamina,54,1
RECYCLER,Stamina,55,1
RECYCLER,Stamina,56,1
RECYCLER,Stamina,57,1
RECYCLER,Stamina,58,1
RECYCLER,Stamina,59,1
RECYCLER,Stamina,60,1
RECYCLER,Stamina,61,1
RECYCLER,Stamina,62,1
RECYCLER,Stamina,63,1
RECYCLER,Stamina,64,2
RECYCLER,Stamina,65,2
RECYCLER,Stamina,66,2
RECYCLER,Stamina,67,2
RECYCLER,Stamina,68,2
RECYCLER,Stamina,69,2
RECYCLER,Stamina,70,3
RECYCLER,Stamina,71,3
RECYCLER,Stamina,72,3
RECYCLER,Stamina,73,3
RECYCLER,Stamina,74,3
RECYCLER,Stamina,75,4
RECYCLER,Stamina,76,4
RECYCLER,Stamina,77,4
RECYCLER,Stamina,78,4
RECYCLER,Stamina,79,4
RECYCLER,Stamina,80,5
RECYCLER,Stamina,81,5
RECYCLER,Stamina,82,5
RECYCLER,Stamina,83,5
RECYCLER,Stamina,84,5
RECYCLER,Stamina,85,8
RECYCLER,Stamina,86,8
RECYCLER,Stamina,87,8
RECYCLER,Stamina,88,8
RECYCLER,Stamina,89,8
RECYCLER,Stamina,90,11
RECYCLER,Stamina,91,11
RECYCLER,Stamina,92,11
RECYCLER,Stamina,93,11
RECYCLER,Stamina,94,11
RECYCLER,Stamina,95,13
RECYCLER,Stamina,96,16
RECYCLER,Stamina,97,19
RECYCLER,Stamina,98,22
RECYCLER,Stamina,99,24
RECYCLER,Strength,40,1
RECYCLER,Strength,41,1
RECYCLER,Strength,42,1
RECYCLER,Strength,43,1
RECYCLER,Strength,44,1
RECYCLER,Strength,45,1
RECYCLER,Strength,46,1
RECYCLER,Strength,47,1
RECYCLER,Strength,48,1
RECYCLER,Strength,49,1
RECYCLER,Strength,50,1
RECYCLER,Strength,51,1
RECYCLER,Strength,52,1
RECYCLER,Strength,53,1
RECYCLER,Strength,54,1
RECYCLER,Strength,55,1
RECYCLER,Strength,56,1
RECYCLER,Strength,57,1
RECYCLER,Strength,58,1
RECYCLER,Strength,59,1
RECYCLER,Strength,60,1
RECYCLER,Strength,61,1
RECYCLER,Strength,62,1
RECYCLER,Strength,63,1
RECYCLER,Strength,64,2
RECYCLER,Strength,65,2
RECYCLER,Strength,66,2
RECYCLER,Strength,67,2
RECYCLER,Strength,68,2
RECYCLER,Strength,69,2
RECYCLER,Strength,70,3
RECYCLER,Strength,71,3
RECYCLER,Strength,72,3
RECYCLER,Strength,73,3
RECYCLER,Strength,74,3
RECYCLER,Strength,75,4
RECYCLER,Strength,76,4
RECYCLER,Strength,77,4
RECYCLER,Strength,78,4
RECYCLER,Strength,79,4
RECYCLER,Strength,80,5
RECYCLER,Strength,81,5
RECYCLER,Strength,82,5
RECYCLER,Strength,83,5
RECYCLER,Strength,84,5
RECYCLER,Strength,85,8
RECYCLER,Strength,86,8
RECYCLER,Strength,87,8
RECYCLER,Strength,88,8
RECYCLER,Strength,89,8
RECYCLER,Strength,90,11
RECYCLER,Strength,91,11
RECYCLER,Strength,92,11
RECYCLER,Strength,93,11
RECYCLER,Strength,94,11
RECYCLER,Strength,95,13
RECYCLER,Strength,96,16
RECYCLER,Strength,97,19
RECYCLER,Strength,98,22
RECYCLER,Strength,99,24
RECYCLER,Aggression,40,1
RECYCLER,Aggression,41,1
RECYCLER,Aggression,42,1
RECYCLER,Aggression,43,1
RECYCLER,Aggression,44,1
RECYCLER,Aggression,45,1
RECYCLER,Aggression,46,1
RECYCLER,Aggression,47,1
RECYCLER,Aggression,48,1
RECYCLER,Aggression,49,1
RECYCLER,Aggression,50,1
RECYCLER,Aggression,51,1
RECYCLER,Aggression,52,1
RECYCLER,Aggression,53,1
RECYCLER,Aggression,54,1
RECYCLER,Aggression,55,1
RECYCLER,Aggression,56,1
RECYCLER,Aggression,57,1
RECYCLER,Aggression,58,1
RECYCLER,Aggression,59,1
RECYCLER,Aggression,60,1
RECYCLER,Aggression,61,1
RECYCLER,Aggression,62,1
RECYCLER,Aggression,63,1
RECYCLER,Aggression,64,2
RECYCLER,Aggression,65,2
RECYCLER,Aggression,66,2
RECYCLER,Aggression,67,2
RECYCLER,Aggression,68,2
RECYCLER,Aggression,69,2
RECYCLER,Aggression,70,3
RECYCLER,Aggression,71,3
RECYCLER,Aggression,72,3
RECYCLER,Aggression,73,3
RECYCLER,Aggression,74,3
RECYCLER,Aggression,75,4
RECYCLER,Aggression,76,4
RECYCLER,Aggression,77,4
RECYCLER,Aggression,78,4
RECYCLER,Aggression,79,4
RECYCLER,Aggression,80,5
RECYCLER,Aggression,81,5
RECYCLER,Aggression,82,5
RECYCLER,Aggression,83,5
RECYCLER,Aggression,84,5
RECYCLER,Aggression,85,8
RECYCLER,Aggression,86,8
RECYCLER,Aggression,87,8
RECYCLER,Aggression,88,8
RECYCLER,Aggression,89,8
RECYCLER,Aggression,90,11
RECYCLER,Aggression,91,11
RECYCLER,Aggression,92,11
RECYCLER,Aggression,93,11
RECYCLER,Aggression,94,11
RECYCLER,Aggression,95,13
RECYCLER,Aggression,96,16
RECYCLER,Aggression,97,19
RECYCLER,Aggression,98,22
RECYCLER,Aggression,99,24
MAESTRO,Acceleration,40,2
MAESTRO,Acceleration,41,2
MAESTRO,Acceleration,42,2
MAESTRO,Acceleration,43,2
MAESTRO,Acceleration,44,2
MAESTRO,Acceleration,45,2
MAESTRO,Acceleration,46,2
MAESTRO,Acceleration,47,2
MAESTRO,Acceleration,48,2
MAESTRO,Acceleration,49,2
MAESTRO,Acceleration,50,2
MAESTRO,Acceleration,51,2
MAESTRO,Acceleration,52,2
MAESTRO,Acceleration,53,2
MAESTRO,Acceleration,54,2
MAESTRO,Acceleration,55,2
MAESTRO,Acceleration,56,2
MAESTRO,Acceleration,57,2
MAESTRO,Acceleration,58,2
MAESTRO,Acceleration,59,2
MAESTRO,Acceleration,60,3
MAESTRO,Acceleration,61,3
MAESTRO,Acceleration,62,3
MAESTRO,Acceleration,63,3
MAESTRO,Acceleration,64,4
MAESTRO,Acceleration,65,4
MAESTRO,Acceleration,66,4
MAESTRO,Acceleration,67,5
MAESTRO,Acceleration,68,5
MAESTRO,Acceleration,69,5
MAESTRO,Acceleration,70,6
MAESTRO,Acceleration,71,6
MAESTRO,Acceleration,72,6
MAESTRO,Acceleration,73,6
MAESTRO,Acceleration,74,6
MAESTRO,Acceleration,75,8
MAESTRO,Acceleration,76,8
MAESTRO,Acceleration,77,8
MAESTRO,Acceleration,78,8
MAESTRO,Acceleration,79,8
MAESTRO,Acceleration,80,10
MAESTRO,Acceleration,81,10
MAESTRO,Acceleration,82,10
MAESTRO,Acceleration,83,10
MAESTRO,Acceleration,84,10
MAESTRO,Acceleration,85,15
MAESTRO,Acceleration,86,15
MAESTRO,Acceleration,87,15
MAESTRO,Acceleration,88,15
MAESTRO,Acceleration,89,15
MAESTRO,Acceleration,90,20
MAESTRO,Acceleration,91,20
MAESTRO,Acceleration,92,20
MAESTRO,Acceleration,93,20
MAESTRO,Acceleration,94,20
MAESTRO,Acceleration,95,25
MAESTRO,Acceleration,96,30
MAESTRO,Acceleration,97,35
MAESTRO,Acceleration,98,40
MAESTRO,Acceleration,99,45
MAESTRO,SprintSpeed,40,2
MAESTRO,SprintSpeed,41,2
MAESTRO,SprintSpeed,42,2
MAESTRO,SprintSpeed,43,2
MAESTRO,SprintSpeed,44,2
MAESTRO,SprintSpeed,45,2
MAESTRO,SprintSpeed,46,2
MAESTRO,SprintSpeed,47,2
MAESTRO,SprintSpeed,48,2
MAESTRO,SprintSpeed,49,2
MAESTRO,SprintSpeed,50,2
MAESTRO,SprintSpeed,51,2
MAESTRO,SprintSpeed,52,2
MAESTRO,SprintSpeed,53,2
MAESTRO,SprintSpeed,54,2
MAESTRO,SprintSpeed,55,2
MAESTRO,SprintSpeed,56,2
MAESTRO,SprintSpeed,57,2
MAESTRO,SprintSpeed,58,2
MAESTRO,SprintSpeed,59,2
MAESTRO,SprintSpeed,60,3
MAESTRO,SprintSpeed,61,3
MAESTRO,SprintSpeed,62,3
MAESTRO,SprintSpeed,63,3
MAESTRO,SprintSpeed,64,4
MAESTRO,SprintSpeed,65,4
MAESTRO,SprintSpeed,66,4
MAESTRO,SprintSpeed,67,5
MAESTRO,SprintSpeed,68,5
MAESTRO,SprintSpeed,69,5
MAESTRO,SprintSpeed,70,6
MAESTRO,SprintSpeed,71,6
MAESTRO,SprintSpeed,72,6
MAESTRO,SprintSpeed,73,6
MAESTRO,SprintSpeed,74,6
MAESTRO,SprintSpeed,75,8
MAESTRO,SprintSpeed,76,8
MAESTRO,SprintSpeed,77,8
MAESTRO,SprintSpeed,78,8
MAESTRO,SprintSpeed,79,8
MAESTRO,SprintSpeed,80,10
MAESTRO,SprintSpeed,81,10
MAESTRO,SprintSpeed,82,10
MAESTRO,SprintSpeed,83,10
MAESTRO,SprintSpeed,84,10
MAESTRO,SprintSpeed,85,15
MAESTRO,SprintSpeed,86,15
MAESTRO,SprintSpeed,87,15
MAESTRO,SprintSpeed,88,15
MAESTRO,SprintSpeed,89,15
MAESTRO,SprintSpeed,90,20
MAESTRO,SprintSpeed,91,20
MAESTRO,SprintSpeed,92,20
MAESTRO,SprintSpeed,93,20
MAESTRO,SprintSpeed,94,20
MAESTRO,SprintSpeed,95,25
MAESTRO,SprintSpeed,96,30
MAESTRO,SprintSpeed,97,35
MAESTRO,SprintSpeed,98,40
MAESTRO,SprintSpeed,99,45
MAESTRO,AttackPositioning,40,1
MAESTRO,AttackPositioning,41,1
MAESTRO,AttackPositioning,42,1
MAESTRO,AttackPositioning,43,1
MAESTRO,AttackPositioning,44,1
MAESTRO,AttackPositioning,45,1
MAESTRO,AttackPositioning,46,1
MAESTRO,AttackPositioning,47,1
MAESTRO,AttackPositioning,48,1
MAESTRO,AttackPositioning,49,1
MAESTRO,AttackPositioning,50,1
MAESTRO,AttackPositioning,51,1
MAESTRO,AttackPositioning,52,1
MAESTRO,AttackPositioning,53,1
MAESTRO,AttackPositioning,54,1
MAESTRO,AttackPositioning,55,1
MAESTRO,AttackPositioning,56,1
MAESTRO,AttackPositioning,57,1
MAESTRO,AttackPositioning,58,1
MAESTRO,AttackPositioning,59,1
MAESTRO,AttackPositioning,60,1
MAESTRO,AttackPositioning,61,1
MAESTRO,AttackPositioning,62,1
MAESTRO,AttackPositioning,63,1
MAESTRO,AttackPositioning,64,2
MAESTRO,AttackPositioning,65,2
MAESTRO,AttackPositioning,66,2
MAESTRO,AttackPositioning,67,2
MAESTRO,AttackPositioning,68,2
MAESTRO,AttackPositioning,69,2
MAESTRO,AttackPositioning,70,3
MAESTRO,AttackPositioning,71,3
MAESTRO,AttackPositioning,72,3
MAESTRO,AttackPositioning,73,3
MAESTRO,AttackPositioning,74,3
MAESTRO,AttackPositioning,75,4
MAESTRO,AttackPositioning,76,4
MAESTRO,AttackPositioning,77,4
MAESTRO,AttackPositioning,78,4
MAESTRO,AttackPositioning,79,4
MAESTRO,AttackPositioning,80,5
MAESTRO,AttackPositioning,81,5
MAESTRO,AttackPositioning,82,5
MAESTRO,AttackPositioning,83,5
MAESTRO,AttackPositioning,84,5
MAESTRO,AttackPositioning,85,8
MAESTRO,AttackPositioning,86,8
MAESTRO,AttackPositioning,87,8
MAESTRO,AttackPositioning,88,8
MAESTRO,AttackPositioning,89,8
MAESTRO,AttackPositioning,90,11
MAESTRO,AttackPositioning,91,11
MAESTRO,AttackPositioning,92,11
MAESTRO,AttackPositioning,93,11
MAESTRO,AttackPositioning,94,11
MAESTRO,AttackPositioning,95,13
MAESTRO,AttackPositioning,96,16
MAESTRO,AttackPositioning,97,19
MAESTRO,AttackPositioning,98,22
MAESTRO,AttackPositioning,99,24
MAESTRO,Finishing,40,2
MAESTRO,Finishing,41,2
MAESTRO,Finishing,42,2
MAESTRO,Finishing,43,2
MAESTRO,Finishing,44,2
MAESTRO,Finishing,45,2
MAESTRO,Finishing,46,2
MAESTRO,Finishing,47,2
MAESTRO,Finishing,48,2
MAESTRO,Finishing,49,2
MAESTRO,Finishing,50,2
MAESTRO,Finishing,51,2
MAESTRO,Finishing,52,2
MAESTRO,Finishing,53,2
MAESTRO,Finishing,54,2
MAESTRO,Finishing,55,2
MAESTRO,Finishing,56,2
MAESTRO,Finishing,57,2
MAESTRO,Finishing,58,2
MAESTRO,Finishing,59,2
MAESTRO,Finishing,60,3
MAESTRO,Finishing,61,3
MAESTRO,Finishing,62,3
MAESTRO,Finishing,63,3
MAESTRO,Finishing,64,4
MAESTRO,Finishing,65,4
MAESTRO,Finishing,66,4
MAESTRO,Finishing,67,5
MAESTRO,Finishing,68,5
MAESTRO,Finishing,69,5
MAESTRO,Finishing,70,6
MAESTRO,Finishing,71,6
MAESTRO,Finishing,72,6
MAESTRO,Finishing,73,6
MAESTRO,Finishing,74,6
MAESTRO,Finishing,75,8
MAESTRO,Finishing,76,8
MAESTRO,Finishing,77,8
MAESTRO,Finishing,78,8
MAESTRO,Finishing,79,8
MAESTRO,Finishing,80,10
MAESTRO,Finishing,81,10
MAESTRO,Finishing,82,10
MAESTRO,Finishing,83,10
MAESTRO,Finishing,84,10
MAESTRO,Finishing,85,15
MAESTRO,Finishing,86,15
MAESTRO,Finishing,87,15
MAESTRO,Finishing,88,15
MAESTRO,Finishing,89,15
MAESTRO,Finishing,90,20
MAESTRO,Finishing,91,20
MAESTRO,Finishing,92,20
MAESTRO,Finishing,93,20
MAESTRO,Finishing,94,20
MAESTRO,Finishing,95,25
MAESTRO,Finishing,96,30
MAESTRO,Finishing,97,35
MAESTRO,Finishing,98,40
MAESTRO,Finishing,99,45
MAESTRO,ShotPower,40,1
MAESTRO,ShotPower,41,1
MAESTRO,ShotPower,42,1
MAESTRO,ShotPower,43,1
MAESTRO,ShotPower,44,1
MAESTRO,ShotPower,45,1
MAESTRO,ShotPower,46,1
MAESTRO,ShotPower,47,1
MAESTRO,ShotPower,48,1
MAESTRO,ShotPower,49,1
MAESTRO,ShotPower,50,1
MAESTRO,ShotPower,51,1
MAESTRO,ShotPower,52,1
MAESTRO,ShotPower,53,1
MAESTRO,ShotPower,54,1
MAESTRO,ShotPower,55,1
MAESTRO,ShotPower,56,1
MAESTRO,ShotPower,57,1
MAESTRO,ShotPower,58,1
MAESTRO,ShotPower,59,1
MAESTRO,ShotPower,60,2
MAESTRO,ShotPower,61,2
MAESTRO,ShotPower,62,2
MAESTRO,ShotPower,63,2
MAESTRO,ShotPower,64,3
MAESTRO,ShotPower,65,3
MAESTRO,ShotPower,66,3
MAESTRO,ShotPower,67,3
MAESTRO,ShotPower,68,3
MAESTRO,ShotPower,69,3
MAESTRO,ShotPower,70,4
MAESTRO,ShotPower,71,4
MAESTRO,ShotPower,72,4
MAESTRO,ShotPower,73,4
MAESTRO,ShotPower,74,4
MAESTRO,ShotPower,75,6
MAESTRO,ShotPower,76,6
MAESTRO,ShotPower,77,6
MAESTRO,ShotPower,78,6
MAESTRO,ShotPower,79,6
MAESTRO,ShotPower,80,7
MAESTRO,ShotPower,81,7
MAESTRO,ShotPower,82,7
MAESTRO,ShotPower,83,7
MAESTRO,ShotPower,84,7
MAESTRO,ShotPower,85,11
MAESTRO,ShotPower,86,11
MAESTRO,ShotPower,87,11
MAESTRO,ShotPower,88,11
MAESTRO,ShotPower,89,11
MAESTRO,ShotPower,90,15
MAESTRO,ShotPower,91,15
MAESTRO,ShotPower,92,15
MAESTRO,ShotPower,93,15
MAESTRO,ShotPower,94,15
MAESTRO,ShotPower,95,18
MAESTRO,ShotPower,96,22
MAESTRO,ShotPower,97,26
MAESTRO,ShotPower,98,30
MAESTRO,ShotPower,99,33
MAESTRO,LongShots,40,1
MAESTRO,LongShots,41,1
MAESTRO,LongShots,42,1
MAESTRO,LongShots,43,1
MAESTRO,LongShots,44,1
MAESTRO,LongShots,45,1
MAESTRO,LongShots,46,1
MAESTRO,LongShots,47,1
MAESTRO,LongShots,48,1
MAESTRO,LongShots,49,1
MAESTRO,LongShots,50,1
MAESTRO,LongShots,51,1
MAESTRO,LongShots,52,1
MAESTRO,LongShots,53,1
MAESTRO,LongShots,54,1
MAESTRO,LongShots,55,1
MAESTRO,LongShots,56,1
MAESTRO,LongShots,57,1
MAESTRO,LongShots,58,1
MAESTRO,LongShots,59,1
MAESTRO,LongShots,60,2
MAESTRO,LongShots,61,2
MAESTRO,LongShots,62,2
MAESTRO,LongShots,63,2
MAESTRO,LongShots,64,3
MAESTRO,LongShots,65,3
MAESTRO,LongShots,66,3
MAESTRO,LongShots,67,3
MAESTRO,LongShots,68,3
MAESTRO,LongShots,69,3
MAESTRO,LongShots,70,4
MAESTRO,LongShots,71,4
MAESTRO,LongShots,72,4
MAESTRO,LongShots,73,4
MAESTRO,LongShots,74,4
MAESTRO,LongShots,75,6
MAESTRO,LongShots,76,6
MAESTRO,LongShots,77,6
MAESTRO,LongShots,78,6
MAESTRO,LongShots,79,6
MAESTRO,LongShots,80,7
MAESTRO,LongShots,81,7
MAESTRO,LongShots,82,7
MAESTRO,LongShots,83,7
MAESTRO,LongShots,84,7
MAESTRO,LongShots,85,11
MAESTRO,LongShots,86,11
MAESTRO,LongShots,87,11
MAESTRO,LongShots,88,11
MAESTRO,LongShots,89,11
MAESTRO,LongShots,90,15
MAESTRO,LongShots,91,15
MAESTRO,LongShots,92,15
MAESTRO,LongShots,93,15
MAESTRO,LongShots,94,15
MAESTRO,LongShots,95,18
MAESTRO,LongShots,96,22
MAESTRO,LongShots,97,26
MAESTRO,LongShots,98,30
MAESTRO,LongShots,99,33
MAESTRO,Volleys,40,1
MAESTRO,Volleys,41,1
MAESTRO,Volleys,42,1
MAESTRO,Volleys,43,1
MAESTRO,Volleys,44,1
MAESTRO,Volleys,45,1
MAESTRO,Volleys,46,1
MAESTRO,Volleys,47,1
MAESTRO,Volleys,48,1
MAESTRO,Volleys,49,1
MAESTRO,Volleys,50,1
MAESTRO,Volleys,51,1
MAESTRO,Volleys,52,1
MAESTRO,Volleys,53,1
MAESTRO,Volleys,54,1
MAESTRO,Volleys,55,1
MAESTRO,Volleys,56,1
MAESTRO,Volleys,57,1
MAESTRO,Volleys,58,1
MAESTRO,Volleys,59,1
MAESTRO,Volleys,60,1
MAESTRO,Volleys,61,1
MAESTRO,Volleys,62,1
MAESTRO,Volleys,63,1
MAESTRO,Volleys,64,2
MAESTRO,Volleys,65,2
MAESTRO,Volleys,66,2
MAESTRO,Volleys,67,2
MAESTRO,Volleys,68,2
MAESTRO,Volleys,69,2
MAESTRO,Volleys,70,3
MAESTRO,Volleys,71,3
MAESTRO,Volleys,72,3
MAESTRO,Volleys,73,3
MAESTRO,Volleys,74,3
MAESTRO,Volleys,75,4
MAESTRO,Volleys,76,4
MAESTRO,Volleys,77,4
MAESTRO,Volleys,78,4
MAESTRO,Volleys,79,4
MAESTRO,Volleys,80,5
MAESTRO,Volleys,81,5
MAESTRO,Volleys,82,5
MAESTRO,Volleys,83,5
MAESTRO,Volleys,84,5
MAESTRO,Volleys,85,8
MAESTRO,Volleys,86,8
MAESTRO,Volleys,87,8
MAESTRO,Volleys,88,8
MAESTRO,Volleys,89,8
MAESTRO,Volleys,90,11
MAESTRO,Volleys,91,11
MAESTRO,Volleys,92,11
MAESTRO,Volleys,93,11
MAESTRO,Volleys,94,11
MAESTRO,Volleys,95,13
MAESTRO,Volleys,96,16
MAESTRO,Volleys,97,19
MAESTRO,Volleys,98,22
MAESTRO,Volleys,99,24
MAESTRO,Penalties,40,1
MAESTRO,Penalties,41,1
MAESTRO,Penalties,42,1
MAESTRO,Penalties,43,1
MAESTRO,Penalties,44,1
MAESTRO,Penalties,45,1
MAESTRO,Penalties,46,1
MAESTRO,Penalties,47,1
MAESTRO,Penalties,48,1
MAESTRO,Penalties,49,1
MAESTRO,Penalties,50,1
MAESTRO,Penalties,51,1
MAESTRO,Penalties,52,1
MAESTRO,Penalties,53,1
MAESTRO,Penalties,54,1
MAESTRO,Penalties,55,1
MAESTRO,Penalties,56,1
MAESTRO,Penalties,57,1
MAESTRO,Penalties,58,1
MAESTRO,Penalties,59,1
MAESTRO,Penalties,60,1
MAESTRO,Penalties,61,1
MAESTRO,Penalties,62,1
MAESTRO,Penalties,63,1
MAESTRO,Penalties,64,2
MAESTRO,Penalties,65,2
MAESTRO,Penalties,66,2
MAESTRO,Penalties,67,2
MAESTRO,Penalties,68,2
MAESTRO,Penalties,69,2
MAESTRO,Penalties,70,3
MAESTRO,Penalties,71,3
MAESTRO,Penalties,72,3
MAESTRO,Penalties,73,3
MAESTRO,Penalties,74,3
MAESTRO,Penalties,75,4
MAESTRO,Penalties,76,4
MAESTRO,Penalties,77,4
MAESTRO,Penalties,78,4
MAESTRO,Penalties,79,4
MAESTRO,Penalties,80,5
MAESTRO,Penalties,81,5
MAESTRO,Penalties,82,5
MAESTRO,Penalties,83,5
MAESTRO,Penalties,84,5
MAESTRO,Penalties,85,8
MAESTRO,Penalties,86,8
MAESTRO,Penalties,87,8
MAESTRO,Penalties,88,8
MAESTRO,Penalties,89,8
MAESTRO,Penalties,90,11
MAESTRO,Penalties,91,11
MAESTRO,Penalties,92,11
MAESTRO,Penalties,93,11
MAESTRO,Penalties,94,11
MAESTRO,Penalties,95,13
MAESTRO,Penalties,96,16
MAESTRO,Penalties,97,19
MAESTRO,Penalties,98,22
MAESTRO,Penalties,99,24
MAESTRO,Vision,40,1
MAESTRO,Vision,41,1
MAESTRO,Vision,42,1
MAESTRO,Vision,43,1
MAESTRO,Vision,44,1
MAESTRO,Vision,45,1
MAESTRO,Vision,46,1
MAESTRO,Vision,47,1
MAESTRO,Vision,48,1
MAESTRO,Vision,49,1
MAESTRO,Vision,50,1
MAESTRO,Vision,51,1
MAESTRO,Vision,52,1
MAESTRO,Vision,53,1
MAESTRO,Vision,54,1
MAESTRO,Vision,55,1
MAESTRO,Vision,56,1
MAESTRO,Vision,57,1
MAESTRO,Vision,58,1
MAESTRO,Vision,59,1
MAESTRO,Vision,60,1
MAESTRO,Vision,61,1
MAESTRO,Vision,62,1
MAESTRO,Vision,63,1
MAESTRO,Vision,64,2
MAESTRO,Vision,65,2
MAESTRO,Vision,66,2
MAESTRO,Vision,67,2
MAESTRO,Vision,68,2
MAESTRO,Vision,69,2
MAESTRO,Vision,70,3
MAESTRO,Vision,71,3
MAESTRO,Vision,72,3
MAESTRO,Vision,73,3
MAESTRO,Vision,74,3
MAESTRO,Vision,75,4
MAESTRO,Vision,76,4
MAESTRO,Vision,77,4
MAESTRO,Vision,78,4
MAESTRO,Vision,79,4
MAESTRO,Vision,80,5
MAESTRO,Vision,81,5
MAESTRO,Vision,82,5
MAESTRO,Vision,83,5
MAESTRO,Vision,84,5
MAESTRO,Vision,85,8
MAESTRO,Vision,86,8
MAESTRO,Vision,87,8
MAESTRO,Vision,88,8
MAESTRO,Vision,89,8
MAESTRO,Vision,90,11
MAESTRO,Vision,91,11
MAESTRO,Vision,92,11
MAESTRO,Vision,93,11
MAESTRO,Vision,94,11
MAESTRO,Vision,95,13
MAESTRO,Vision,96,16
MAESTRO,Vision,97,19
MAESTRO,Vision,98,22
MAESTRO,Vision,99,24
MAESTRO,Crossing,40,1
MAESTRO,Crossing,41,1
MAESTRO,Crossing,42,1
MAESTRO,Crossing,43,1
MAESTRO,Crossing,44,1
MAESTRO,Crossing,45,1
MAESTRO,Crossing,46,1
MAESTRO,Crossing,47,1
MAESTRO,Crossing,48,1
MAESTRO,Crossing,49,1
MAESTRO,Crossing,50,1
MAESTRO,Crossing,51,1
MAESTRO,Crossing,52,1
MAESTRO,Crossing,53,1
MAESTRO,Crossing,54,1
MAESTRO,Crossing,55,1
MAESTRO,Crossing,56,1
MAESTRO,Crossing,57,1
MAESTRO,Crossing,58,1
MAESTRO,Crossing,59,1
MAESTRO,Crossing,60,2
MAESTRO,Crossing,61,2
MAESTRO,Crossing,62,2
MAESTRO,Crossing,63,2
MAESTRO,Crossing,64,3
MAESTRO,Crossing,65,3
MAESTRO,Crossing,66,3
MAESTRO,Crossing,67,3
MAESTRO,Crossing,68,3
MAESTRO,Crossing,69,3
MAESTRO,Crossing,70,4
MAESTRO,Crossing,71,4
MAESTRO,Crossing,72,4
MAESTRO,Crossing,73,4
MAESTRO,Crossing,74,4
MAESTRO,Crossing,75,6
MAESTRO,Crossing,76,6
MAESTRO,Crossing,77,6
MAESTRO,Crossing,78,6
MAESTRO,Crossing,79,6
MAESTRO,Crossing,80,7
MAESTRO,Crossing,81,7
MAESTRO,Crossing,82,7
MAESTRO,Crossing,83,7
MAESTRO,Crossing,84,7
MAESTRO,Crossing,85,11
MAESTRO,Crossing,86,11
MAESTRO,Crossing,87,11
MAESTRO,Crossing,88,11
MAESTRO,Crossing,89,11
MAESTRO,Crossing,90,15
MAESTRO,Crossing,91,15
MAESTRO,Crossing,92,15
MAESTRO,Crossing,93,15
MAESTRO,Crossing,94,15
MAESTRO,Crossing,95,18
MAESTRO,Crossing,96,22
MAESTRO,Crossing,97,26
MAESTRO,Crossing,98,30
MAESTRO,Crossing,99,33
MAESTRO,FKAccuracy,40,1
MAESTRO,FKAccuracy,41,1
MAESTRO,FKAccuracy,42,1
MAESTRO,FKAccuracy,43,1
MAESTRO,FKAccuracy,44,1
MAESTRO,FKAccuracy,45,1
MAESTRO,FKAccuracy,46,1
MAESTRO,FKAccuracy,47,1
MAESTRO,FKAccuracy,48,1
MAESTRO,FKAccuracy,49,1
MAESTRO,FKAccuracy,50,1
MAESTRO,FKAccuracy,51,1
MAESTRO,FKAccuracy,52,1
MAESTRO,FKAccuracy,53,1
MAESTRO,FKAccuracy,54,1
MAESTRO,FKAccuracy,55,1
MAESTRO,FKAccuracy,56,1
MAESTRO,FKAccuracy,57,1
MAESTRO,FKAccuracy,58,1
MAESTRO,FKAccuracy,59,1
MAESTRO,FKAccuracy,60,1
MAESTRO,FKAccuracy,61,1
MAESTRO,FKAccuracy,62,1
MAESTRO,FKAccuracy,63,1
MAESTRO,FKAccuracy,64,2
MAESTRO,FKAccuracy,65,2
MAESTRO,FKAccuracy,66,2
MAESTRO,FKAccuracy,67,2
MAESTRO,FKAccuracy,68,2
MAESTRO,FKAccuracy,69,2
MAESTRO,FKAccuracy,70,3
MAESTRO,FKAccuracy,71,3
MAESTRO,FKAccuracy,72,3
MAESTRO,FKAccuracy,73,3
MAESTRO,FKAccuracy,74,3
MAESTRO,FKAccuracy,75,4
MAESTRO,FKAccuracy,76,4
MAESTRO,FKAccuracy,77,4
MAESTRO,FKAccuracy,78,4
MAESTRO,FKAccuracy,79,4
MAESTRO,FKAccuracy,80,5
MAESTRO,FKAccuracy,81,5
MAESTRO,FKAccuracy,82,5
MAESTRO,FKAccuracy,83,5
MAESTRO,FKAccuracy,84,5
MAESTRO,FKAccuracy,85,8
MAESTRO,FKAccuracy,86,8
MAESTRO,FKAccuracy,87,8
MAESTRO,FKAccuracy,88,8
MAESTRO,FKAccuracy,89,8
MAESTRO,FKAccuracy,90,11
MAESTRO,FKAccuracy,91,11
MAESTRO,FKAccuracy,92,11
MAESTRO,FKAccuracy,93,11
MAESTRO,FKAccuracy,94,11
MAESTRO,FKAccuracy,95,13
MAESTRO,FKAccuracy,96,16
MAESTRO,FKAccuracy,97,19
MAESTRO,FKAccuracy,98,22
MAESTRO,FKAccuracy,99,24
MAESTRO,ShortPassing,40,2
MAESTRO,ShortPassing,41,2
MAESTRO,ShortPassing,42,2
MAESTRO,ShortPassing,43,2
MAESTRO,ShortPassing,44,2
MAESTRO,ShortPassing,45,2
MAESTRO,ShortPassing,46,2
MAESTRO,ShortPassing,47,2
MAESTRO,ShortPassing,48,2
MAESTRO,ShortPassing,49,2
MAESTRO,ShortPassing,50,2
MAESTRO,ShortPassing,51,2
MAESTRO,ShortPassing,52,2
MAESTRO,ShortPassing,53,2
MAESTRO,ShortPassing,54,2
MAESTRO,ShortPassing,55,2
MAESTRO,ShortPassing,56,2
MAESTRO,ShortPassing,57,2
MAESTRO,ShortPassing,58,2
MAESTRO,ShortPassing,59,2
MAESTRO,ShortPassing,60,3
MAESTRO,ShortPassing,61,3
MAESTRO,ShortPassing,62,3
MAESTRO,ShortPassing,63,3
MAESTRO,ShortPassing,64,4
MAESTRO,ShortPassing,65,4
MAESTRO,ShortPassing,66,4
MAESTRO,ShortPassing,67,5
MAESTRO,ShortPassing,68,5
MAESTRO,ShortPassing,69,5
MAESTRO,ShortPassing,70,6
MAESTRO,ShortPassing,71,6
MAESTRO,ShortPassing,72,6
MAESTRO,ShortPassing,73,6
MAESTRO,ShortPassing,74,6
MAESTRO,ShortPassing,75,8
MAESTRO,ShortPassing,76,8
MAESTRO,ShortPassing,77,8
MAESTRO,ShortPassing,78,8
MAESTRO,ShortPassing,79,8
MAESTRO,ShortPassing,80,10
MAESTRO,ShortPassing,81,10
MAESTRO,ShortPassing,82,10
MAESTRO,ShortPassing,83,10
MAESTRO,ShortPassing,84,10
MAESTRO,ShortPassing,85,15
MAESTRO,ShortPassing,86,15
MAESTRO,ShortPassing,87,15
MAESTRO,ShortPassing,88,15
MAESTRO,ShortPassing,89,15
MAESTRO,ShortPassing,90,20
MAESTRO,ShortPassing,91,20
MAESTRO,ShortPassing,92,20
MAESTRO,ShortPassing,93,20
MAESTRO,ShortPassing,94,20
MAESTRO,ShortPassing,95,25
MAESTRO,ShortPassing,96,30
MAESTRO,ShortPassing,97,35
MAESTRO,ShortPassing,98,40
MAESTRO,ShortPassing,99,45
MAESTRO,LongPassing,40,1
MAESTRO,LongPassing,41,1
MAESTRO,LongPassing,42,1
MAESTRO,LongPassing,43,1
MAESTRO,LongPassing,44,1
MAESTRO,LongPassing,45,1
MAESTRO,LongPassing,46,1
MAESTRO,LongPassing,47,1
MAESTRO,LongPassing,48,1
MAESTRO,LongPassing,49,1
MAESTRO,LongPassing,50,1
MAESTRO,LongPassing,51,1
MAESTRO,LongPassing,52,1
MAESTRO,LongPassing,53,1
MAESTRO,LongPassing,54,1
MAESTRO,LongPassing,55,1
MAESTRO,LongPassing,56,1
MAESTRO,LongPassing,57,1
MAESTRO,LongPassing,58,1
MAESTRO,LongPassing,59,1
MAESTRO,LongPassing,60,1
MAESTRO,LongPassing,61,1
MAESTRO,LongPassing,62,1
MAESTRO,LongPassing,63,1
MAESTRO,LongPassing,64,2
MAESTRO,LongPassing,65,2
MAESTRO,LongPassing,66,2
MAESTRO,LongPassing,67,2
MAESTRO,LongPassing,68,2
MAESTRO,LongPassing,69,2
MAESTRO,LongPassing,70,3
MAESTRO,LongPassing,71,3
MAESTRO,LongPassing,72,3
MAESTRO,LongPassing,73,3
MAESTRO,LongPassing,74,3
MAESTRO,LongPassing,75,4
MAESTRO,LongPassing,76,4
MAESTRO,LongPassing,77,4
MAESTRO,LongPassing,78,4
MAESTRO,LongPassing,79,4
MAESTRO,LongPassing,80,5
MAESTRO,LongPassing,81,5
MAESTRO,LongPassing,82,5
MAESTRO,LongPassing,83,5
MAESTRO,LongPassing,84,5
MAESTRO,LongPassing,85,8
MAESTRO,LongPassing,86,8
MAESTRO,LongPassing,87,8
MAESTRO,LongPassing,88,8
MAESTRO,LongPassing,89,8
MAESTRO,LongPassing,90,11
MAESTRO,LongPassing,91,11
MAESTRO,LongPassing,92,11
MAESTRO,LongPassing,93,11
MAESTRO,LongPassing,94,11
MAESTRO,LongPassing,95,13
MAESTRO,LongPassing,96,16
MAESTRO,LongPassing,97,19
MAESTRO,LongPassing,98,22
MAESTRO,LongPassing,99,24
MAESTRO,Curve,40,1
MAESTRO,Curve,41,1
MAESTRO,Curve,42,1
MAESTRO,Curve,43,1
MAESTRO,Curve,44,1
MAESTRO,Curve,45,1
MAESTRO,Curve,46,1
MAESTRO,Curve,47,1
MAESTRO,Curve,48,1
MAESTRO,Curve,49,1
MAESTRO,Curve,50,1
MAESTRO,Curve,51,1
MAESTRO,Curve,52,1
MAESTRO,Curve,53,1
MAESTRO,Curve,54,1
MAESTRO,Curve,55,1
MAESTRO,Curve,56,1
MAESTRO,Curve,57,1
MAESTRO,Curve,58,1
MAESTRO,Curve,59,1
MAESTRO,Curve,60,1
MAESTRO,Curve,61,1
MAESTRO,Curve,62,1
MAESTRO,Curve,63,1
MAESTRO,Curve,64,2
MAESTRO,Curve,65,2
MAESTRO,Curve,66,2
MAESTRO,Curve,67,2
MAESTRO,Curve,68,2
MAESTRO,Curve,69,2
MAESTRO,Curve,70,3
MAESTRO,Curve,71,3
MAESTRO,Curve,72,3
MAESTRO,Curve,73,3
MAESTRO,Curve,74,3
MAESTRO,Curve,75,4
MAESTRO,Curve,76,4
MAESTRO,Curve,77,4
MAESTRO,Curve,78,4
MAESTRO,Curve,79,4
MAESTRO,Curve,80,5
MAESTRO,Curve,81,5
MAESTRO,Curve,82,5
MAESTRO,Curve,83,5
MAESTRO,Curve,84,5
MAESTRO,Curve,85,8
MAESTRO,Curve,86,8
MAESTRO,Curve,87,8
MAESTRO,Curve,88,8
MAESTRO,Curve,89,8
MAESTRO,Curve,90,11
MAESTRO,Curve,91,11
MAESTRO,Curve,92,11
MAESTRO,Curve,93,11
MAESTRO,Curve,94,11
MAESTRO,Curve,95,13
MAESTRO,Curve,96,16
MAESTRO,Curve,97,19
MAESTRO,Curve,98,22
MAESTRO,Curve,99,24
MAESTRO,Agility,40,2
MAESTRO,Agility,41,2
MAESTRO,Agility,42,2
MAESTRO,Agility,43,2
MAESTRO,Agility,44,2
MAESTRO,Agility,45,2
MAESTRO,Agility,46,2
MAESTRO,Agility,47,2
MAESTRO,Agility,48,2
MAESTRO,Agility,49,2
MAESTRO,Agility,50,2
MAESTRO,Agility,51,2
MAESTRO,Agility,52,2
MAESTRO,Agility,53,2
MAESTRO,Agility,54,2
MAESTRO,Agility,55,2
MAESTRO,Agility,56,2
MAESTRO,Agility,57,2
MAESTRO,Agility,58,2
MAESTRO,Agility,59,2
MAESTRO,Agility,60,3
MAESTRO,Agility,61,3
MAESTRO,Agility,62,3
MAESTRO,Agility,63,3
MAESTRO,Agility,64,4
MAESTRO,Agility,65,4
MAESTRO,Agility,66,4
MAESTRO,Agility,67,5
MAESTRO,Agility,68,5
MAESTRO,Agility,69,5
MAESTRO,Agility,70,6
MAESTRO,Agility,71,6
MAESTRO,Agility,72,6
MAESTRO,Agility,73,6
MAESTRO,Agility,74,6
MAESTRO,Agility,75,8
MAESTRO,Agility,76,8
MAESTRO,Agility,77,8
MAESTRO,Agility,78,8
MAESTRO,Agility,79,8
MAESTRO,Agility,80,10
MAESTRO,Agility,81,10
MAESTRO,Agility,82,10
MAESTRO,Agility,83,10
MAESTRO,Agility,84,10
MAESTRO,Agility,85,15
MAESTRO,Agility,86,15
MAESTRO,Agility,87,15
MAESTRO,Agility,88,15
MAESTRO,Agility,89,15
MAESTRO,Agility,90,20
MAESTRO,Agility,91,20
MAESTRO,Agility,92,20
MAESTRO,Agility,93,20
MAESTRO,Agility,94,20
MAESTRO,Agility,95,25
MAESTRO,Agility,96,30
MAESTRO,Agility,97,35
MAESTRO,Agility,98,40
MAESTRO,Agility,99,45
MAESTRO,Balance,40,1
MAESTRO,Balance,41,1
MAESTRO,Balance,42,1
MAESTRO,Balance,43,1
MAESTRO,Balance,44,1
MAESTRO,Balance,45,1
MAESTRO,Balance,46,1
MAESTRO,Balance,47,1
MAESTRO,Balance,48,1
MAESTRO,Balance,49,1
MAESTRO,Balance,50,1
MAESTRO,Balance,51,1
MAESTRO,Balance,52,1
MAESTRO,Balance,53,1
MAESTRO,Balance,54,1
MAESTRO,Balance,55,1
MAESTRO,Balance,56,1
MAESTRO,Balance,57,1
MAESTRO,Balance,58,1
MAESTRO,Balance,59,1
MAESTRO,Balance,60,2
MAESTRO,Balance,61,2
MAESTRO,Balance,62,2
MAESTRO,Balance,63,2
MAESTRO,Balance,64,3
MAESTRO,Balance,65,3
MAESTRO,Balance,66,3
MAESTRO,Balance,67,3
MAESTRO,Balance,68,3
MAESTRO,Balance,69,3
MAESTRO,Balance,70,4
MAESTRO,Balance,71,4
MAESTRO,Balance,72,4
MAESTRO,Balance,73,4
MAESTRO,Balance,74,4
MAESTRO,Balance,75,6
MAESTRO,Balance,76,6
MAESTRO,Balance,77,6
MAESTRO,Balance,78,6
MAESTRO,Balance,79,6
MAESTRO,Balance,80,7
MAESTRO,Balance,81,7
MAESTRO,Balance,82,7
MAESTRO,Balance,83,7
MAESTRO,Balance,84,7
MAESTRO,Balance,85,11
MAESTRO,Balance,86,11
MAESTRO,Balance,87,11
MAESTRO,Balance,88,11
MAESTRO,Balance,89,11
MAESTRO,Balance,90,15
MAESTRO,Balance,91,15
MAESTRO,Balance,92,15
MAESTRO,Balance,93,15
MAESTRO,Balance,94,15
MAESTRO,Balance,95,18
MAESTRO,Balance,96,22
MAESTRO,Balance,97,26
MAESTRO,Balance,98,30
MAESTRO,Balance,99,33
MAESTRO,Reactions,40,1
MAESTRO,Reactions,41,1
MAESTRO,Reactions,42,1
MAESTRO,Reactions,43,1
MAESTRO,Reactions,44,1
MAESTRO,Reactions,45,1
MAESTRO,Reactions,46,1
MAESTRO,Reactions,47,1
MAESTRO,Reactions,48,1
MAESTRO,Reactions,49,1
MAESTRO,Reactions,50,1
MAESTRO,Reactions,51,1
MAESTRO,Reactions,52,1
MAESTRO,Reactions,53,1
MAESTRO,Reactions,54,1
MAESTRO,Reactions,55,1
MAESTRO,Reactions,56,1
MAESTRO,Reactions,57,1
MAESTRO,Reactions,58,1
MAESTRO,Reactions,59,1
MAESTRO,Reactions,60,1
MAESTRO,Reactions,61,1
MAESTRO,Reactions,62,1
MAESTRO,Reactions,63,1
MAESTRO,Reactions,64,2
MAESTRO,Reactions,65,2
MAESTRO,Reactions,66,2
MAESTRO,Reactions,67,2
MAESTRO,Reactions,68,2
MAESTRO,Reactions,69,2
MAESTRO,Reactions,70,3
MAESTRO,Reactions,71,3
MAESTRO,Reactions,72,3
MAESTRO,Reactions,73,3
MAESTRO,Reactions,74,3
MAESTRO,Reactions,75,4
MAESTRO,Reactions,76,4
MAESTRO,Reactions,77,4
MAESTRO,Reactions,78,4
MAESTRO,Reactions,79,4
MAESTRO,Reactions,80,5
MAESTRO,Reactions,81,5
MAESTRO,Reactions,82,5
MAESTRO,Reactions,83,5
MAESTRO,Reactions,84,5
MAESTRO,Reactions,85,8
MAESTRO,Reactions,86,8
MAESTRO,Reactions,87,8
MAESTRO,Reactions,88,8
MAESTRO,Reactions,89,8
MAESTRO,Reactions,90,11
MAESTRO,Reactions,91,11
MAESTRO,Reactions,92,11
MAESTRO,Reactions,93,11
MAESTRO,Reactions,94,11
MAESTRO,Reactions,95,13
MAESTRO,Reactions,96,16
MAESTRO,Reactions,97,19
MAESTRO,Reactions,98,22
MAESTRO,Reactions,99,24
MAESTRO,BallControl,40,1
MAESTRO,BallControl,41,1
MAESTRO,BallControl,42,1
MAESTRO,BallControl,43,1
MAESTRO,BallControl,44,1
MAESTRO,BallControl,45,1
MAESTRO,BallControl,46,1
MAESTRO,BallControl,47,1
MAESTRO,BallControl,48,1
MAESTRO,BallControl,49,1
MAESTRO,BallControl,50,1
MAESTRO,BallControl,51,1
MAESTRO,BallControl,52,1
MAESTRO,BallControl,53,1
MAESTRO,BallControl,54,1
MAESTRO,BallControl,55,1
MAESTRO,BallControl,56,1
MAESTRO,BallControl,57,1
MAESTRO,BallControl,58,1
MAESTRO,BallControl,59,1
MAESTRO,BallControl,60,1
MAESTRO,BallControl,61,1
MAESTRO,BallControl,62,1
MAESTRO,BallControl,63,1
MAESTRO,BallControl,64,2
MAESTRO,BallControl,65,2
MAESTRO,BallControl,66,2
MAESTRO,BallControl,67,2
MAESTRO,BallControl,68,2
MAESTRO,BallControl,69,2
MAESTRO,BallControl,70,3
MAESTRO,BallControl,71,3
MAESTRO,BallControl,72,3
MAESTRO,BallControl,73,3
MAESTRO,BallControl,74,3
MAESTRO,BallControl,75,4
MAESTRO,BallControl,76,4
MAESTRO,BallControl,77,4
MAESTRO,BallControl,78,4
MAESTRO,BallControl,79,4
MAESTRO,BallControl,80,5
MAESTRO,BallControl,81,5
MAESTRO,BallControl,82,5
MAESTRO,BallControl,83,5
MAESTRO,BallControl,84,5
MAESTRO,BallControl,85,8
MAESTRO,BallControl,86,8
MAESTRO,BallControl,87,8
MAESTRO,BallControl,88,8
MAESTRO,BallControl,89,8
MAESTRO,BallControl,90,11
MAESTRO,BallControl,91,11
MAESTRO,BallControl,92,11
MAESTRO,BallControl,93,11
MAESTRO,BallControl,94,11
MAESTRO,BallControl,95,13
MAESTRO,BallControl,96,16
MAESTRO,BallControl,97,19
MAESTRO,BallControl,98,22
MAESTRO,BallControl,99,24
MAESTRO,Dribbling,40,2
MAESTRO,Dribbling,41,2
MAESTRO,Dribbling,42,2
MAESTRO,Dribbling,43,2
MAESTRO,Dribbling,44,2
MAESTRO,Dribbling,45,2
MAESTRO,Dribbling,46,2
MAESTRO,Dribbling,47,2
MAESTRO,Dribbling,48,2
MAESTRO,Dribbling,49,2
MAESTRO,Dribbling,50,2
MAESTRO,Dribbling,51,2
MAESTRO,Dribbling,52,2
MAESTRO,Dribbling,53,2
MAESTRO,Dribbling,54,2
MAESTRO,Dribbling,55,2
MAESTRO,Dribbling,56,2
MAESTRO,Dribbling,57,2
MAESTRO,Dribbling,58,2
MAESTRO,Dribbling,59,2
MAESTRO,Dribbling,60,3
MAESTRO,Dribbling,61,3
MAESTRO,Dribbling,62,3
MAESTRO,Dribbling,63,3
MAESTRO,Dribbling,64,4
MAESTRO,Dribbling,65,4
MAESTRO,Dribbling,66,4
MAESTRO,Dribbling,67,5
MAESTRO,Dribbling,68,5
MAESTRO,Dribbling,69,5
MAESTRO,Dribbling,70,6
MAESTRO,Dribbling,71,6
MAESTRO,Dribbling,72,6
MAESTRO,Dribbling,73,6
MAESTRO,Dribbling,74,6
MAESTRO,Dribbling,75,8
MAESTRO,Dribbling,76,8
MAESTRO,Dribbling,77,8
MAESTRO,Dribbling,78,8
MAESTRO,Dribbling,79,8
MAESTRO,Dribbling,80,10
MAESTRO,Dribbling,81,10
MAESTRO,Dribbling,82,10
MAESTRO,Dribbling,83,10
MAESTRO,Dribbling,84,10
MAESTRO,Dribbling,85,15
MAESTRO,Dribbling,86,15
MAESTRO,Dribbling,87,15
MAESTRO,Dribbling,88,15
MAESTRO,Dribbling,89,15
MAESTRO,Dribbling,90,20
MAESTRO,Dribbling,91,20
MAESTRO,Dribbling,92,20
MAESTRO,Dribbling,93,20
MAESTRO,Dribbling,94,20
MAESTRO,Dribbling,95,25
MAESTRO,Dribbling,96,30
MAESTRO,Dribbling,97,35
MAESTRO,Dribbling,98,40
MAESTRO,Dribbling,99,45
MAESTRO,Composure,40,1
MAESTRO,Composure,41,1
MAESTRO,Composure,42,1
MAESTRO,Composure,43,1
MAESTRO,Composure,44,1
MAESTRO,Composure,45,1
MAESTRO,Composure,46,1
MAESTRO,Composure,47,1
MAESTRO,Composure,48,1
MAESTRO,Composure,49,1
MAESTRO,Composure,50,1
MAESTRO,Composure,51,1
MAESTRO,Composure,52,1
MAESTRO,Composure,53,1
MAESTRO,Composure,54,1
MAESTRO,Composure,55,1
MAESTRO,Composure,56,1
MAESTRO,Composure,57,1
MAESTRO,Composure,58,1
MAESTRO,Composure,59,1
MAESTRO,Composure,60,1
MAESTRO,Composure,61,1
MAESTRO,Composure,62,1
MAESTRO,Composure,63,1
MAESTRO,Composure,64,2
MAESTRO,Composure,65,2
MAESTRO,Composure,66,2
MAESTRO,Composure,67,2
MAESTRO,Composure,68,2
MAESTRO,Composure,69,2
MAESTRO,Composure,70,3
MAESTRO,Composure,71,3
MAESTRO,Composure,72,3
MAESTRO,Composure,73,3
MAESTRO,Composure,74,3
MAESTRO,Composure,75,4
MAESTRO,Composure,76,4
MAESTRO,Composure,77,4
MAESTRO,Composure,78,4
MAESTRO,Composure,79,4
MAESTRO,Composure,80,5
MAESTRO,Composure,81,5
MAESTRO,Composure,82,5
MAESTRO,Composure,83,5
MAESTRO,Composure,84,5
MAESTRO,Composure,85,8
MAESTRO,Composure,86,8
MAESTRO,Composure,87,8
MAESTRO,Composure,88,8
MAESTRO,Composure,89,8
MAESTRO,Composure,90,11
MAESTRO,Composure,91,11
MAESTRO,Composure,92,11
MAESTRO,Composure,93,11
MAESTRO,Composure,94,11
MAESTRO,Composure,95,13
MAESTRO,Composure,96,16
MAESTRO,Composure,97,19
MAESTRO,Composure,98,22
MAESTRO,Composure,99,24
MAESTRO,Interceptions,40,2
MAESTRO,Interceptions,41,2
MAESTRO,Interceptions,42,2
MAESTRO,Interceptions,43,2
MAESTRO,Interceptions,44,2
MAESTRO,Interceptions,45,2
MAESTRO,Interceptions,46,2
MAESTRO,Interceptions,47,2
MAESTRO,Interceptions,48,2
MAESTRO,Interceptions,49,2
MAESTRO,Interceptions,50,2
MAESTRO,Interceptions,51,2
MAESTRO,Interceptions,52,2
MAESTRO,Interceptions,53,2
MAESTRO,Interceptions,54,2
MAESTRO,Interceptions,55,2
MAESTRO,Interceptions,56,2
MAESTRO,Interceptions,57,2
MAESTRO,Interceptions,58,2
MAESTRO,Interceptions,59,2
MAESTRO,Interceptions,60,3
MAESTRO,Interceptions,61,3
MAESTRO,Interceptions,62,3
MAESTRO,Interceptions,63,3
MAESTRO,Interceptions,64,4
MAESTRO,Interceptions,65,4
MAESTRO,Interceptions,66,4
MAESTRO,Interceptions,67,5
MAESTRO,Interceptions,68,5
MAESTRO,Interceptions,69,5
MAESTRO,Interceptions,70,6
MAESTRO,Interceptions,71,6
MAESTRO,Interceptions,72,6
MAESTRO,Interceptions,73,6
MAESTRO,Interceptions,74,6
MAESTRO,Interceptions,75,8
MAESTRO,Interceptions,76,8
MAESTRO,Interceptions,77,8
MAESTRO,Interceptions,78,8
MAESTRO,Interceptions,79,8
MAESTRO,Interceptions,80,10
MAESTRO,Interceptions,81,10
MAESTRO,Interceptions,82,10
MAESTRO,Interceptions,83,10
MAESTRO,Interceptions,84,10
MAESTRO,Interceptions,85,15
MAESTRO,Interceptions,86,15
MAESTRO,Interceptions,87,15
MAESTRO,Interceptions,88,15
MAESTRO,Interceptions,89,15
MAESTRO,Interceptions,90,20
MAESTRO,Interceptions,91,20
MAESTRO,Interceptions,92,20
MAESTRO,Interceptions,93,20
MAESTRO,Interceptions,94,20
MAESTRO,Interceptions,95,25
MAESTRO,Interceptions,96,30
MAESTRO,Interceptions,97,35
MAESTRO,Interceptions,98,40
MAESTRO,Interceptions,99,45
MAESTRO,Heading Accuracy,40,1
MAESTRO,Heading Accuracy,41,1
MAESTRO,Heading Accuracy,42,1
MAESTRO,Heading Accuracy,43,1
MAESTRO,Heading Accuracy,44,1
MAESTRO,Heading Accuracy,45,1
MAESTRO,Heading Accuracy,46,1
MAESTRO,Heading Accuracy,47,1
MAESTRO,Heading Accuracy,48,1
MAESTRO,Heading Accuracy,49,1
MAESTRO,Heading Accuracy,50,1
MAESTRO,Heading Accuracy,51,1
MAESTRO,Heading Accuracy,52,1
MAESTRO,Heading Accuracy,53,1
MAESTRO,Heading Accuracy,54,1
MAESTRO,Heading Accuracy,55,1
MAESTRO,Heading Accuracy,56,1
MAESTRO,Heading Accuracy,57,1
MAESTRO,Heading Accuracy,58,1
MAESTRO,Heading Accuracy,59,1
MAESTRO,Heading Accuracy,60,2
MAESTRO,Heading Accuracy,61,2
MAESTRO,Heading Accuracy,62,2
MAESTRO,Heading Accuracy,63,2
MAESTRO,Heading Accuracy,64,3
MAESTRO,Heading Accuracy,65,3
MAESTRO,Heading Accuracy,66,3
MAESTRO,Heading Accuracy,67,3
MAESTRO,Heading Accuracy,68,3
MAESTRO,Heading Accuracy,69,3
MAESTRO,Heading Accuracy,70,4
MAESTRO,Heading Accuracy,71,4
MAESTRO,Heading Accuracy,72,4
MAESTRO,Heading Accuracy,73,4
MAESTRO,Heading Accuracy,74,4
MAESTRO,Heading Accuracy,75,6
MAESTRO,Heading Accuracy,76,6
MAESTRO,Heading Accuracy,77,6
MAESTRO,Heading Accuracy,78,6
MAESTRO,Heading Accuracy,79,6
MAESTRO,Heading Accuracy,80,7
MAESTRO,Heading Accuracy,81,7
MAESTRO,Heading Accuracy,82,7
MAESTRO,Heading Accuracy,83,7
MAESTRO,Heading Accuracy,84,7
MAESTRO,Heading Accuracy,85,11
MAESTRO,Heading Accuracy,86,11
MAESTRO,Heading Accuracy,87,11
MAESTRO,Heading Accuracy,88,11
MAESTRO,Heading Accuracy,89,11
MAESTRO,Heading Accuracy,90,15
MAESTRO,Heading Accuracy,91,15
MAESTRO,Heading Accuracy,92,15
MAESTRO,Heading Accuracy,93,15
MAESTRO,Heading Accuracy,94,15
MAESTRO,Heading Accuracy,95,18
MAESTRO,Heading Accuracy,96,22
MAESTRO,Heading Accuracy,97,26
MAESTRO,Heading Accuracy,98,30
MAESTRO,Heading Accuracy,99,33
MAESTRO,DefAwareness,40,1
MAESTRO,DefAwareness,41,1
MAESTRO,DefAwareness,42,1
MAESTRO,DefAwareness,43,1
MAESTRO,DefAwareness,44,1
MAESTRO,DefAwareness,45,1
MAESTRO,DefAwareness,46,1
MAESTRO,DefAwareness,47,1
MAESTRO,DefAwareness,48,1
MAESTRO,DefAwareness,49,1
MAESTRO,DefAwareness,50,1
MAESTRO,DefAwareness,51,1
MAESTRO,DefAwareness,52,1
MAESTRO,DefAwareness,53,1
MAESTRO,DefAwareness,54,1
MAESTRO,DefAwareness,55,1
MAESTRO,DefAwareness,56,1
MAESTRO,DefAwareness,57,1
MAESTRO,DefAwareness,58,1
MAESTRO,DefAwareness,59,1
MAESTRO,DefAwareness,60,2
MAESTRO,DefAwareness,61,2
MAESTRO,DefAwareness,62,2
MAESTRO,DefAwareness,63,2
MAESTRO,DefAwareness,64,3
MAESTRO,DefAwareness,65,3
MAESTRO,DefAwareness,66,3
MAESTRO,DefAwareness,67,3
MAESTRO,DefAwareness,68,3
MAESTRO,DefAwareness,69,3
MAESTRO,DefAwareness,70,4
MAESTRO,DefAwareness,71,4
MAESTRO,DefAwareness,72,4
MAESTRO,DefAwareness,73,4
MAESTRO,DefAwareness,74,4
MAESTRO,DefAwareness,75,6
MAESTRO,DefAwareness,76,6
MAESTRO,DefAwareness,77,6
MAESTRO,DefAwareness,78,6
MAESTRO,DefAwareness,79,6
MAESTRO,DefAwareness,80,7
MAESTRO,DefAwareness,81,7
MAESTRO,DefAwareness,82,7
MAESTRO,DefAwareness,83,7
MAESTRO,DefAwareness,84,7
MAESTRO,DefAwareness,85,11
MAESTRO,DefAwareness,86,11
MAESTRO,DefAwareness,87,11
MAESTRO,DefAwareness,88,11
MAESTRO,DefAwareness,89,11
MAESTRO,DefAwareness,90,15
MAESTRO,DefAwareness,91,15
MAESTRO,DefAwareness,92,15
MAESTRO,DefAwareness,93,15
MAESTRO,DefAwareness,94,15
MAESTRO,DefAwareness,95,18
MAESTRO,DefAwareness,96,22
MAESTRO,DefAwareness,97,26
MAESTRO,DefAwareness,98,30
MAESTRO,DefAwareness,99,33
MAESTRO,StandingTackle,40,2
MAESTRO,StandingTackle,41,2
MAESTRO,StandingTackle,42,2
MAESTRO,StandingTackle,43,2
MAESTRO,StandingTackle,44,2
MAESTRO,StandingTackle,45,2
MAESTRO,StandingTackle,46,2
MAESTRO,StandingTackle,47,2
MAESTRO,StandingTackle,48,2
MAESTRO,StandingTackle,49,2
MAESTRO,StandingTackle,50,2
MAESTRO,StandingTackle,51,2
MAESTRO,StandingTackle,52,2
MAESTRO,StandingTackle,53,2
MAESTRO,StandingTackle,54,2
MAESTRO,StandingTackle,55,2
MAESTRO,StandingTackle,56,2
MAESTRO,StandingTackle,57,2
MAESTRO,StandingTackle,58,2
MAESTRO,StandingTackle,59,2
MAESTRO,StandingTackle,60,3
MAESTRO,StandingTackle,61,3
MAESTRO,StandingTackle,62,3
MAESTRO,StandingTackle,63,3
MAESTRO,StandingTackle,64,4
MAESTRO,StandingTackle,65,4
MAESTRO,StandingTackle,66,4
MAESTRO,StandingTackle,67,5
MAESTRO,StandingTackle,68,5
MAESTRO,StandingTackle,69,5
MAESTRO,StandingTackle,70,6
MAESTRO,StandingTackle,71,6
MAESTRO,StandingTackle,72,6
MAESTRO,StandingTackle,73,6
MAESTRO,StandingTackle,74,6
MAESTRO,StandingTackle,75,8
MAESTRO,StandingTackle,76,8
MAESTRO,StandingTackle,77,8
MAESTRO,StandingTackle,78,8
MAESTRO,StandingTackle,79,8
MAESTRO,StandingTackle,80,10
MAESTRO,StandingTackle,81,10
MAESTRO,StandingTackle,82,10
MAESTRO,StandingTackle,83,10
MAESTRO,StandingTackle,84,10
MAESTRO,StandingTackle,85,15
MAESTRO,StandingTackle,86,15
MAESTRO,StandingTackle,87,15
MAESTRO,StandingTackle,88,15
MAESTRO,StandingTackle,89,15
MAESTRO,StandingTackle,90,20
MAESTRO,StandingTackle,91,20
MAESTRO,StandingTackle,92,20
MAESTRO,StandingTackle,93,20
MAESTRO,StandingTackle,94,20
MAESTRO,StandingTackle,95,25
MAESTRO,StandingTackle,96,30
MAESTRO,StandingTackle,97,35
MAESTRO,StandingTackle,98,40
MAESTRO,StandingTackle,99,45
MAESTRO,SlidingTackle,40,1
MAESTRO,SlidingTackle,41,1
MAESTRO,SlidingTackle,42,1
MAESTRO,SlidingTackle,43,1
MAESTRO,SlidingTackle,44,1
MAESTRO,SlidingTackle,45,1
MAESTRO,SlidingTackle,46,1
MAESTRO,SlidingTackle,47,1
MAESTRO,SlidingTackle,48,1
MAESTRO,SlidingTackle,49,1
MAESTRO,SlidingTackle,50,1
MAESTRO,SlidingTackle,51,1
MAESTRO,SlidingTackle,52,1
MAESTRO,SlidingTackle,53,1
MAESTRO,SlidingTackle,54,1
MAESTRO,SlidingTackle,55,1
MAESTRO,SlidingTackle,56,1
MAESTRO,SlidingTackle,57,1
MAESTRO,SlidingTackle,58,1
MAESTRO,SlidingTackle,59,1
MAESTRO,SlidingTackle,60,2
MAESTRO,SlidingTackle,61,2
MAESTRO,SlidingTackle,62,2
MAESTRO,SlidingTackle,63,2
MAESTRO,SlidingTackle,64,3
MAESTRO,SlidingTackle,65,3
MAESTRO,SlidingTackle,66,3
MAESTRO,SlidingTackle,67,3
MAESTRO,SlidingTackle,68,3
MAESTRO,SlidingTackle,69,3
MAESTRO,SlidingTackle,70,4
MAESTRO,SlidingTackle,71,4
MAESTRO,SlidingTackle,72,4
MAESTRO,SlidingTackle,73,4
MAESTRO,SlidingTackle,74,4
MAESTRO,SlidingTackle,75,6
MAESTRO,SlidingTackle,76,6
MAESTRO,SlidingTackle,77,6
MAESTRO,SlidingTackle,78,6
MAESTRO,SlidingTackle,79,6
MAESTRO,SlidingTackle,80,7
MAESTRO,SlidingTackle,81,7
MAESTRO,SlidingTackle,82,7
MAESTRO,SlidingTackle,83,7
MAESTRO,SlidingTackle,84,7
MAESTRO,SlidingTackle,85,11
MAESTRO,SlidingTackle,86,11
MAESTRO,SlidingTackle,87,11
MAESTRO,SlidingTackle,88,11
MAESTRO,SlidingTackle,89,11
MAESTRO,SlidingTackle,90,15
MAESTRO,SlidingTackle,91,15
MAESTRO,SlidingTackle,92,15
MAESTRO,SlidingTackle,93,15
MAESTRO,SlidingTackle,94,15
MAESTRO,SlidingTackle,95,18
MAESTRO,SlidingTackle,96,22
MAESTRO,SlidingTackle,97,26
MAESTRO,SlidingTackle,98,30
MAESTRO,SlidingTackle,99,33
MAESTRO,Jumping,40,1
MAESTRO,Jumping,41,1
MAESTRO,Jumping,42,1
MAESTRO,Jumping,43,1
MAESTRO,Jumping,44,1
MAESTRO,Jumping,45,1
MAESTRO,Jumping,46,1
MAESTRO,Jumping,47,1
MAESTRO,Jumping,48,1
MAESTRO,Jumping,49,1
MAESTRO,Jumping,50,1
MAESTRO,Jumping,51,1
MAESTRO,Jumping,52,1
MAESTRO,Jumping,53,1
MAESTRO,Jumping,54,1
MAESTRO,Jumping,55,1
MAESTRO,Jumping,56,1
MAESTRO,Jumping,57,1
MAESTRO,Jumping,58,1
MAESTRO,Jumping,59,1
MAESTRO,Jumping,60,1
MAESTRO,Jumping,61,1
MAESTRO,Jumping,62,1
MAESTRO,Jumping,63,1
MAESTRO,Jumping,64,2
MAESTRO,Jumping,65,2
MAESTRO,Jumping,66,2
MAESTRO,Jumping,67,2
MAESTRO,Jumping,68,2
MAESTRO,Jumping,69,2
MAESTRO,Jumping,70,3
MAESTRO,Jumping,71,3
MAESTRO,Jumping,72,3
MAESTRO,Jumping,73,3
MAESTRO,Jumping,74,3
MAESTRO,Jumping,75,4
MAESTRO,Jumping,76,4
MAESTRO,Jumping,77,4
MAESTRO,Jumping,78,4
MAESTRO,Jumping,79,4
MAESTRO,Jumping,80,5
MAESTRO,Jumping,81,5
MAESTRO,Jumping,82,5
MAESTRO,Jumping,83,5
MAESTRO,Jumping,84,5
MAESTRO,Jumping,85,8
MAESTRO,Jumping,86,8
MAESTRO,Jumping,87,8
MAESTRO,Jumping,88,8
MAESTRO,Jumping,89,8
MAESTRO,Jumping,90,11
MAESTRO,Jumping,91,11
MAESTRO,Jumping,92,11
MAESTRO,Jumping,93,11
MAESTRO,Jumping,94,11
MAESTRO,Jumping,95,13
MAESTRO,Jumping,96,16
MAESTRO,Jumping,97,19
MAESTRO,Jumping,98,22
MAESTRO,Jumping,99,24
MAESTRO,Stamina,40,1
MAESTRO,Stamina,41,1
MAESTRO,Stamina,42,1
MAESTRO,Stamina,43,1
MAESTRO,Stamina,44,1
MAESTRO,Stamina,45,1
MAESTRO,Stamina,46,1
MAESTRO,Stamina,47,1
MAESTRO,Stamina,48,1
MAESTRO,Stamina,49,1
MAESTRO,Stamina,50,1
MAESTRO,Stamina,51,1
MAESTRO,Stamina,52,1
MAESTRO,Stamina,53,1
MAESTRO,Stamina,54,1
MAESTRO,Stamina,55,1
MAESTRO,Stamina,56,1
MAESTRO,Stamina,57,1
MAESTRO,Stamina,58,1
MAESTRO,Stamina,59,1
MAESTRO,Stamina,60,1
MAESTRO,Stamina,61,1
MAESTRO,Stamina,62,1
MAESTRO,Stamina,63,1
MAESTRO,Stamina,64,2
MAESTRO,Stamina,65,2
MAESTRO,Stamina,66,2
MAESTRO,Stamina,67,2
MAESTRO,Stamina,68,2
MAESTRO,Stamina,69,2
MAESTRO,Stamina,70,3
MAESTRO,Stamina,71,3
MAESTRO,Stamina,72,3
MAESTRO,Stamina,73,3
MAESTRO,Stamina,74,3
MAESTRO,Stamina,75,4
MAESTRO,Stamina,76,4
MAESTRO,Stamina,77,4
MAESTRO,Stamina,78,4
MAESTRO,Stamina,79,4
MAESTRO,Stamina,80,5
MAESTRO,Stamina,81,5
MAESTRO,Stamina,82,5
MAESTRO,Stamina,83,5
MAESTRO,Stamina,84,5
MAESTRO,Stamina,85,8
MAESTRO,Stamina,86,8
MAESTRO,Stamina,87,8
MAESTRO,Stamina,88,8
MAESTRO,Stamina,89,8
MAESTRO,Stamina,90,11
MAESTRO,Stamina,91,11
MAESTRO,Stamina,92,11
MAESTRO,Stamina,93,11
MAESTRO,Stamina,94,11
MAESTRO,Stamina,95,13
MAESTRO,Stamina,96,16
MAESTRO,Stamina,97,19
MAESTRO,Stamina,98,22
MAESTRO,Stamina,99,24
MAESTRO,Strength,40,1
MAESTRO,Strength,41,1
MAESTRO,Strength,42,1
MAESTRO,Strength,43,1
MAESTRO,Strength,44,1
MAESTRO,Strength,45,1
MAESTRO,Strength,46,1
MAESTRO,Strength,47,1
MAESTRO,Strength,48,1
MAESTRO,Strength,49,1
MAESTRO,Strength,50,1
MAESTRO,Strength,51,1
MAESTRO,Strength,52,1
MAESTRO,Strength,53,1
MAESTRO,Strength,54,1
MAESTRO,Strength,55,1
MAESTRO,Strength,56,1
MAESTRO,Strength,57,1
MAESTRO,Strength,58,1
MAESTRO,Strength,59,1
MAESTRO,Strength,60,2
MAESTRO,Strength,61,2
MAESTRO,Strength,62,2
MAESTRO,Strength,63,2
MAESTRO,Strength,64,3
MAESTRO,Strength,65,3
MAESTRO,Strength,66,3
MAESTRO,Strength,67,3
MAESTRO,Strength,68,3
MAESTRO,Strength,69,3
MAESTRO,Strength,70,4
MAESTRO,Strength,71,4
MAESTRO,Strength,72,4
MAESTRO,Strength,73,4
MAESTRO,Strength,74,4
MAESTRO,Strength,75,6
MAESTRO,Strength,76,6
MAESTRO,Strength,77,6
MAESTRO,Strength,78,6
MAESTRO,Strength,79,6
MAESTRO,Strength,80,7
MAESTRO,Strength,81,7
MAESTRO,Strength,82,7
MAESTRO,Strength,83,7
MAESTRO,Strength,84,7
MAESTRO,Strength,85,11
MAESTRO,Strength,86,11
MAESTRO,Strength,87,11
MAESTRO,Strength,88,11
MAESTRO,Strength,89,11
MAESTRO,Strength,90,15
MAESTRO,Strength,91,15
MAESTRO,Strength,92,15
MAESTRO,Strength,93,15
MAESTRO,Strength,94,15
MAESTRO,Strength,95,18
MAESTRO,Strength,96,22
MAESTRO,Strength,97,26
MAESTRO,Strength,98,30
MAESTRO,Strength,99,33
MAESTRO,Aggression,40,1
MAESTRO,Aggression,41,1
MAESTRO,Aggression,42,1
MAESTRO,Aggression,43,1
MAESTRO,Aggression,44,1
MAESTRO,Aggression,45,1
MAESTRO,Aggression,46,1
MAESTRO,Aggression,47,1
MAESTRO,Aggression,48,1
MAESTRO,Aggression,49,1
MAESTRO,Aggression,50,1
MAESTRO,Aggression,51,1
MAESTRO,Aggression,52,1
MAESTRO,Aggression,53,1
MAESTRO,Aggression,54,1
MAESTRO,Aggression,55,1
MAESTRO,Aggression,56,1
MAESTRO,Aggression,57,1
MAESTRO,Aggression,58,1
MAESTRO,Aggression,59,1
MAESTRO,Aggression,60,1
MAESTRO,Aggression,61,1
MAESTRO,Aggression,62,1
MAESTRO,Aggression,63,1
MAESTRO,Aggression,64,2
MAESTRO,Aggression,65,2
MAESTRO,Aggression,66,2
MAESTRO,Aggression,67,2
MAESTRO,Aggression,68,2
MAESTRO,Aggression,69,2
MAESTRO,Aggression,70,3
MAESTRO,Aggression,71,3
MAESTRO,Aggression,72,3
MAESTRO,Aggression,73,3
MAESTRO,Aggression,74,3
MAESTRO,Aggression,75,4
MAESTRO,Aggression,76,4
MAESTRO,Aggression,77,4
MAESTRO,Aggression,78,4
MAESTRO,Aggression,79,4
MAESTRO,Aggression,80,5
MAESTRO,Aggression,81,5
MAESTRO,Aggression,82,5
MAESTRO,Aggression,83,5
MAESTRO,Aggression,84,5
MAESTRO,Aggression,85,8
MAESTRO,Aggression,86,8
MAESTRO,Aggression,87,8
MAESTRO,Aggression,88,8
MAESTRO,Aggression,89,8
MAESTRO,Aggression,90,11
MAESTRO,Aggression,91,11
MAESTRO,Aggression,92,11
MAESTRO,Aggression,93,11
MAESTRO,Aggression,94,11
MAESTRO,Aggression,95,13
MAESTRO,Aggression,96,16
MAESTRO,Aggression,97,19
MAESTRO,Aggression,98,22
MAESTRO,Aggression,99,24
CREATOR,Acceleration,40,2
CREATOR,Acceleration,41,2
CREATOR,Acceleration,42,2
CREATOR,Acceleration,43,2
CREATOR,Acceleration,44,2
CREATOR,Acceleration,45,2
CREATOR,Acceleration,46,2
CREATOR,Acceleration,47,2
CREATOR,Acceleration,48,2
CREATOR,Acceleration,49,2
CREATOR,Acceleration,50,2
CREATOR,Acceleration,51,2
CREATOR,Acceleration,52,2
CREATOR,Acceleration,53,2
CREATOR,Acceleration,54,2
CREATOR,Acceleration,55,2
CREATOR,Acceleration,56,2
CREATOR,Acceleration,57,2
CREATOR,Acceleration,58,2
CREATOR,Acceleration,59,2
CREATOR,Acceleration,60,3
CREATOR,Acceleration,61,3
CREATOR,Acceleration,62,3
CREATOR,Acceleration,63,3
CREATOR,Acceleration,64,4
CREATOR,Acceleration,65,4
CREATOR,Acceleration,66,4
CREATOR,Acceleration,67,5
CREATOR,Acceleration,68,5
CREATOR,Acceleration,69,5
CREATOR,Acceleration,70,6
CREATOR,Acceleration,71,6
CREATOR,Acceleration,72,6
CREATOR,Acceleration,73,6
CREATOR,Acceleration,74,6
CREATOR,Acceleration,75,8
CREATOR,Acceleration,76,8
CREATOR,Acceleration,77,8
CREATOR,Acceleration,78,8
CREATOR,Acceleration,79,8
CREATOR,Acceleration,80,10
CREATOR,Acceleration,81,10
CREATOR,Acceleration,82,10
CREATOR,Acceleration,83,10
CREATOR,Acceleration,84,10
CREATOR,Acceleration,85,15
CREATOR,Acceleration,86,15
CREATOR,Acceleration,87,15
CREATOR,Acceleration,88,15
CREATOR,Acceleration,89,15
CREATOR,Acceleration,90,20
CREATOR,Acceleration,91,20
CREATOR,Acceleration,92,20
CREATOR,Acceleration,93,20
CREATOR,Acceleration,94,20
CREATOR,Acceleration,95,25
CREATOR,Acceleration,96,30
CREATOR,Acceleration,97,35
CREATOR,Acceleration,98,40
CREATOR,Acceleration,99,45
CREATOR,SprintSpeed,40,2
CREATOR,SprintSpeed,41,2
CREATOR,SprintSpeed,42,2
CREATOR,SprintSpeed,43,2
CREATOR,SprintSpeed,44,2
CREATOR,SprintSpeed,45,2
CREATOR,SprintSpeed,46,2
CREATOR,SprintSpeed,47,2
CREATOR,SprintSpeed,48,2
CREATOR,SprintSpeed,49,2
CREATOR,SprintSpeed,50,2
CREATOR,SprintSpeed,51,2
CREATOR,SprintSpeed,52,2
CREATOR,SprintSpeed,53,2
CREATOR,SprintSpeed,54,2
CREATOR,SprintSpeed,55,2
CREATOR,SprintSpeed,56,2
CREATOR,SprintSpeed,57,2
CREATOR,SprintSpeed,58,2
CREATOR,SprintSpeed,59,2
CREATOR,SprintSpeed,60,3
CREATOR,SprintSpeed,61,3
CREATOR,SprintSpeed,62,3
CREATOR,SprintSpeed,63,3
CREATOR,SprintSpeed,64,4
CREATOR,SprintSpeed,65,4
CREATOR,SprintSpeed,66,4
CREATOR,SprintSpeed,67,5
CREATOR,SprintSpeed,68,5
CREATOR,SprintSpeed,69,5
CREATOR,SprintSpeed,70,6
CREATOR,SprintSpeed,71,6
CREATOR,SprintSpeed,72,6
CREATOR,SprintSpeed,73,6
CREATOR,SprintSpeed,74,6
CREATOR,SprintSpeed,75,8
CREATOR,SprintSpeed,76,8
CREATOR,SprintSpeed,77,8
CREATOR,SprintSpeed,78,8
CREATOR,SprintSpeed,79,8
CREATOR,SprintSpeed,80,10
CREATOR,SprintSpeed,81,10
CREATOR,SprintSpeed,82,10
CREATOR,SprintSpeed,83,10
CREATOR,SprintSpeed,84,10
CREATOR,SprintSpeed,85,15
CREATOR,SprintSpeed,86,15
CREATOR,SprintSpeed,87,15
CREATOR,SprintSpeed,88,15
CREATOR,SprintSpeed,89,15
CREATOR,SprintSpeed,90,20
CREATOR,SprintSpeed,91,20
CREATOR,SprintSpeed,92,20
CREATOR,SprintSpeed,93,20
CREATOR,SprintSpeed,94,20
CREATOR,SprintSpeed,95,25
CREATOR,SprintSpeed,96,30
CREATOR,SprintSpeed,97,35
CREATOR,SprintSpeed,98,40
CREATOR,SprintSpeed,99,45
CREATOR,AttackPositioning,40,1
CREATOR,AttackPositioning,41,1
CREATOR,AttackPositioning,42,1
CREATOR,AttackPositioning,43,1
CREATOR,AttackPositioning,44,1
CREATOR,AttackPositioning,45,1
CREATOR,AttackPositioning,46,1
CREATOR,AttackPositioning,47,1
CREATOR,AttackPositioning,48,1
CREATOR,AttackPositioning,49,1
CREATOR,AttackPositioning,50,1
CREATOR,AttackPositioning,51,1
CREATOR,AttackPositioning,52,1
CREATOR,AttackPositioning,53,1
CREATOR,AttackPositioning,54,1
CREATOR,AttackPositioning,55,1
CREATOR,AttackPositioning,56,1
CREATOR,AttackPositioning,57,1
CREATOR,AttackPositioning,58,1
CREATOR,AttackPositioning,59,1
CREATOR,AttackPositioning,60,1
CREATOR,AttackPositioning,61,1
CREATOR,AttackPositioning,62,1
CREATOR,AttackPositioning,63,1
CREATOR,AttackPositioning,64,2
CREATOR,AttackPositioning,65,2
CREATOR,AttackPositioning,66,2
CREATOR,AttackPositioning,67,2
CREATOR,AttackPositioning,68,2
CREATOR,AttackPositioning,69,2
CREATOR,AttackPositioning,70,3
CREATOR,AttackPositioning,71,3
CREATOR,AttackPositioning,72,3
CREATOR,AttackPositioning,73,3
CREATOR,AttackPositioning,74,3
CREATOR,AttackPositioning,75,4
CREATOR,AttackPositioning,76,4
CREATOR,AttackPositioning,77,4
CREATOR,AttackPositioning,78,4
CREATOR,AttackPositioning,79,4
CREATOR,AttackPositioning,80,5
CREATOR,AttackPositioning,81,5
CREATOR,AttackPositioning,82,5
CREATOR,AttackPositioning,83,5
CREATOR,AttackPositioning,84,5
CREATOR,AttackPositioning,85,8
CREATOR,AttackPositioning,86,8
CREATOR,AttackPositioning,87,8
CREATOR,AttackPositioning,88,8
CREATOR,AttackPositioning,89,8
CREATOR,AttackPositioning,90,11
CREATOR,AttackPositioning,91,11
CREATOR,AttackPositioning,92,11
CREATOR,AttackPositioning,93,11
CREATOR,AttackPositioning,94,11
CREATOR,AttackPositioning,95,13
CREATOR,AttackPositioning,96,16
CREATOR,AttackPositioning,97,19
CREATOR,AttackPositioning,98,22
CREATOR,AttackPositioning,99,24
CREATOR,Finishing,40,2
CREATOR,Finishing,41,2
CREATOR,Finishing,42,2
CREATOR,Finishing,43,2
CREATOR,Finishing,44,2
CREATOR,Finishing,45,2
CREATOR,Finishing,46,2
CREATOR,Finishing,47,2
CREATOR,Finishing,48,2
CREATOR,Finishing,49,2
CREATOR,Finishing,50,2
CREATOR,Finishing,51,2
CREATOR,Finishing,52,2
CREATOR,Finishing,53,2
CREATOR,Finishing,54,2
CREATOR,Finishing,55,2
CREATOR,Finishing,56,2
CREATOR,Finishing,57,2
CREATOR,Finishing,58,2
CREATOR,Finishing,59,2
CREATOR,Finishing,60,3
CREATOR,Finishing,61,3
CREATOR,Finishing,62,3
CREATOR,Finishing,63,3
CREATOR,Finishing,64,4
CREATOR,Finishing,65,4
CREATOR,Finishing,66,4
CREATOR,Finishing,67,5
CREATOR,Finishing,68,5
CREATOR,Finishing,69,5
CREATOR,Finishing,70,6
CREATOR,Finishing,71,6
CREATOR,Finishing,72,6
CREATOR,Finishing,73,6
CREATOR,Finishing,74,6
CREATOR,Finishing,75,8
CREATOR,Finishing,76,8
CREATOR,Finishing,77,8
CREATOR,Finishing,78,8
CREATOR,Finishing,79,8
CREATOR,Finishing,80,10
CREATOR,Finishing,81,10
CREATOR,Finishing,82,10
CREATOR,Finishing,83,10
CREATOR,Finishing,84,10
CREATOR,Finishing,85,15
CREATOR,Finishing,86,15
CREATOR,Finishing,87,15
CREATOR,Finishing,88,15
CREATOR,Finishing,89,15
CREATOR,Finishing,90,20
CREATOR,Finishing,91,20
CREATOR,Finishing,92,20
CREATOR,Finishing,93,20
CREATOR,Finishing,94,20
CREATOR,Finishing,95,25
CREATOR,Finishing,96,30
CREATOR,Finishing,97,35
CREATOR,Finishing,98,40
CREATOR,Finishing,99,45
CREATOR,ShotPower,40,1
CREATOR,ShotPower,41,1
CREATOR,ShotPower,42,1
CREATOR,ShotPower,43,1
CREATOR,ShotPower,44,1
CREATOR,ShotPower,45,1
CREATOR,ShotPower,46,1
CREATOR,ShotPower,47,1
CREATOR,ShotPower,48,1
CREATOR,ShotPower,49,1
CREATOR,ShotPower,50,1
CREATOR,ShotPower,51,1
CREATOR,ShotPower,52,1
CREATOR,ShotPower,53,1
CREATOR,ShotPower,54,1
CREATOR,ShotPower,55,1
CREATOR,ShotPower,56,1
CREATOR,ShotPower,57,1
CREATOR,ShotPower,58,1
CREATOR,ShotPower,59,1
CREATOR,ShotPower,60,2
CREATOR,ShotPower,61,2
CREATOR,ShotPower,62,2
CREATOR,ShotPower,63,2
CREATOR,ShotPower,64,3
CREATOR,ShotPower,65,3
CREATOR,ShotPower,66,3
CREATOR,ShotPower,67,3
CREATOR,ShotPower,68,3
CREATOR,ShotPower,69,3
CREATOR,ShotPower,70,4
CREATOR,ShotPower,71,4
CREATOR,ShotPower,72,4
CREATOR,ShotPower,73,4
CREATOR,ShotPower,74,4
CREATOR,ShotPower,75,6
CREATOR,ShotPower,76,6
CREATOR,ShotPower,77,6
CREATOR,ShotPower,78,6
CREATOR,ShotPower,79,6
CREATOR,ShotPower,80,7
CREATOR,ShotPower,81,7
CREATOR,ShotPower,82,7
CREATOR,ShotPower,83,7
CREATOR,ShotPower,84,7
CREATOR,ShotPower,85,11
CREATOR,ShotPower,86,11
CREATOR,ShotPower,87,11
CREATOR,ShotPower,88,11
CREATOR,ShotPower,89,11
CREATOR,ShotPower,90,15
CREATOR,ShotPower,91,15
CREATOR,ShotPower,92,15
CREATOR,ShotPower,93,15
CREATOR,ShotPower,94,15
CREATOR,ShotPower,95,18
CREATOR,ShotPower,96,22
CREATOR,ShotPower,97,26
CREATOR,ShotPower,98,30
CREATOR,ShotPower,99,33
CREATOR,LongShots,40,1
CREATOR,LongShots,41,1
CREATOR,LongShots,42,1
CREATOR,LongShots,43,1
CREATOR,LongShots,44,1
CREATOR,LongShots,45,1
CREATOR,LongShots,46,1
CREATOR,LongShots,47,1
CREATOR,LongShots,48,1
CREATOR,LongShots,49,1
CREATOR,LongShots,50,1
CREATOR,LongShots,51,1
CREATOR,LongShots,52,1
CREATOR,LongShots,53,1
CREATOR,LongShots,54,1
CREATOR,LongShots,55,1
CREATOR,LongShots,56,1
CREATOR,LongShots,57,1
CREATOR,LongShots,58,1
CREATOR,LongShots,59,1
CREATOR,LongShots,60,1
CREATOR,LongShots,61,1
CREATOR,LongShots,62,1
CREATOR,LongShots,63,1
CREATOR,LongShots,64,2
CREATOR,LongShots,65,2
CREATOR,LongShots,66,2
CREATOR,LongShots,67,2
CREATOR,LongShots,68,2
CREATOR,LongShots,69,2
CREATOR,LongShots,70,3
CREATOR,LongShots,71,3
CREATOR,LongShots,72,3
CREATOR,LongShots,73,3
CREATOR,LongShots,74,3
CREATOR,LongShots,75,4
CREATOR,LongShots,76,4
CREATOR,LongShots,77,4
CREATOR,LongShots,78,4
CREATOR,LongShots,79,4
CREATOR,LongShots,80,5
CREATOR,LongShots,81,5
CREATOR,LongShots,82,5
CREATOR,LongShots,83,5
CREATOR,LongShots,84,5
CREATOR,LongShots,85,8
CREATOR,LongShots,86,8
CREATOR,LongShots,87,8
CREATOR,LongShots,88,8
CREATOR,LongShots,89,8
CREATOR,LongShots,90,11
CREATOR,LongShots,91,11
CREATOR,LongShots,92,11
CREATOR,LongShots,93,11
CREATOR,LongShots,94,11
CREATOR,LongShots,95,13
CREATOR,LongShots,96,16
CREATOR,LongShots,97,19
CREATOR,LongShots,98,22
CREATOR,LongShots,99,24
CREATOR,Volleys,40,1
CREATOR,Volleys,41,1
CREATOR,Volleys,42,1
CREATOR,Volleys,43,1
CREATOR,Volleys,44,1
CREATOR,Volleys,45,1
CREATOR,Volleys,46,1
CREATOR,Volleys,47,1
CREATOR,Volleys,48,1
CREATOR,Volleys,49,1
CREATOR,Volleys,50,1
CREATOR,Volleys,51,1
CREATOR,Volleys,52,1
CREATOR,Volleys,53,1
CREATOR,Volleys,54,1
CREATOR,Volleys,55,1
CREATOR,Volleys,56,1
CREATOR,Volleys,57,1
CREATOR,Volleys,58,1
CREATOR,Volleys,59,1
CREATOR,Volleys,60,1
CREATOR,Volleys,61,1
CREATOR,Volleys,62,1
CREATOR,Volleys,63,1
CREATOR,Volleys,64,2
CREATOR,Volleys,65,2
CREATOR,Volleys,66,2
CREATOR,Volleys,67,2
CREATOR,Volleys,68,2
CREATOR,Volleys,69,2
CREATOR,Volleys,70,3
CREATOR,Volleys,71,3
CREATOR,Volleys,72,3
CREATOR,Volleys,73,3
CREATOR,Volleys,74,3
CREATOR,Volleys,75,4
CREATOR,Volleys,76,4
CREATOR,Volleys,77,4
CREATOR,Volleys,78,4
CREATOR,Volleys,79,4
CREATOR,Volleys,80,5
CREATOR,Volleys,81,5
CREATOR,Volleys,82,5
CREATOR,Volleys,83,5
CREATOR,Volleys,84,5
CREATOR,Volleys,85,8
CREATOR,Volleys,86,8
CREATOR,Volleys,87,8
CREATOR,Volleys,88,8
CREATOR,Volleys,89,8
CREATOR,Volleys,90,11
CREATOR,Volleys,91,11
CREATOR,Volleys,92,11
CREATOR,Volleys,93,11
CREATOR,Volleys,94,11
CREATOR,Volleys,95,13
CREATOR,Volleys,96,16
CREATOR,Volleys,97,19
CREATOR,Volleys,98,22
CREATOR,Volleys,99,24
CREATOR,Penalties,40,1
CREATOR,Penalties,41,1
CREATOR,Penalties,42,1
CREATOR,Penalties,43,1
CREATOR,Penalties,44,1
CREATOR,Penalties,45,1
CREATOR,Penalties,46,1
CREATOR,Penalties,47,1
CREATOR,Penalties,48,1
CREATOR,Penalties,49,1
CREATOR,Penalties,50,1
CREATOR,Penalties,51,1
CREATOR,Penalties,52,1
CREATOR,Penalties,53,1
CREATOR,Penalties,54,1
CREATOR,Penalties,55,1
CREATOR,Penalties,56,1
CREATOR,Penalties,57,1
CREATOR,Penalties,58,1
CREATOR,Penalties,59,1
CREATOR,Penalties,60,1
CREATOR,Penalties,61,1
CREATOR,Penalties,62,1
CREATOR,Penalties,63,1
CREATOR,Penalties,64,2
CREATOR,Penalties,65,2
CREATOR,Penalties,66,2
CREATOR,Penalties,67,2
CREATOR,Penalties,68,2
CREATOR,Penalties,69,2
CREATOR,Penalties,70,3
CREATOR,Penalties,71,3
CREATOR,Penalties,72,3
CREATOR,Penalties,73,3
CREATOR,Penalties,74,3
CREATOR,Penalties,75,4
CREATOR,Penalties,76,4
CREATOR,Penalties,77,4
CREATOR,Penalties,78,4
CREATOR,Penalties,79,4
CREATOR,Penalties,80,5
CREATOR,Penalties,81,5
CREATOR,Penalties,82,5
CREATOR,Penalties,83,5
CREATOR,Penalties,84,5
CREATOR,Penalties,85,8
CREATOR,Penalties,86,8
CREATOR,Penalties,87,8
CREATOR,Penalties,88,8
CREATOR,Penalties,89,8
CREATOR,Penalties,90,11
CREATOR,Penalties,91,11
CREATOR,Penalties,92,11
CREATOR,Penalties,93,11
CREATOR,Penalties,94,11
CREATOR,Penalties,95,13
CREATOR,Penalties,96,16
CREATOR,Penalties,97,19
CREATOR,Penalties,98,22
CREATOR,Penalties,99,24
CREATOR,Vision,40,1
CREATOR,Vision,41,1
CREATOR,Vision,42,1
CREATOR,Vision,43,1
CREATOR,Vision,44,1
CREATOR,Vision,45,1
CREATOR,Vision,46,1
CREATOR,Vision,47,1
CREATOR,Vision,48,1
CREATOR,Vision,49,1
CREATOR,Vision,50,1
CREATOR,Vision,51,1
CREATOR,Vision,52,1
CREATOR,Vision,53,1
CREATOR,Vision,54,1
CREATOR,Vision,55,1
CREATOR,Vision,56,1
CREATOR,Vision,57,1
CREATOR,Vision,58,1
CREATOR,Vision,59,1
CREATOR,Vision,60,1
CREATOR,Vision,61,1
CREATOR,Vision,62,1
CREATOR,Vision,63,1
CREATOR,Vision,64,2
CREATOR,Vision,65,2
CREATOR,Vision,66,2
CREATOR,Vision,67,2
CREATOR,Vision,68,2
CREATOR,Vision,69,2
CREATOR,Vision,70,3
CREATOR,Vision,71,3
CREATOR,Vision,72,3
CREATOR,Vision,73,3
CREATOR,Vision,74,3
CREATOR,Vision,75,4
CREATOR,Vision,76,4
CREATOR,Vision,77,4
CREATOR,Vision,78,4
CREATOR,Vision,79,4
CREATOR,Vision,80,5
CREATOR,Vision,81,5
CREATOR,Vision,82,5
CREATOR,Vision,83,5
CREATOR,Vision,84,5
CREATOR,Vision,85,8
CREATOR,Vision,86,8
CREATOR,Vision,87,8
CREATOR,Vision,88,8
CREATOR,Vision,89,8
CREATOR,Vision,90,11
CREATOR,Vision,91,11
CREATOR,Vision,92,11
CREATOR,Vision,93,11
CREATOR,Vision,94,11
CREATOR,Vision,95,13
CREATOR,Vision,96,16
CREATOR,Vision,97,19
CREATOR,Vision,98,22
CREATOR,Vision,99,24
CREATOR,Crossing,40,1
CREATOR,Crossing,41,1
CREATOR,Crossing,42,1
CREATOR,Crossing,43,1
CREATOR,Crossing,44,1
CREATOR,Crossing,45,1
CREATOR,Crossing,46,1
CREATOR,Crossing,47,1
CREATOR,Crossing,48,1
CREATOR,Crossing,49,1
CREATOR,Crossing,50,1
CREATOR,Crossing,51,1
CREATOR,Crossing,52,1
CREATOR,Crossing,53,1
CREATOR,Crossing,54,1
CREATOR,Crossing,55,1
CREATOR,Crossing,56,1
CREATOR,Crossing,57,1
CREATOR,Crossing,58,1
CREATOR,Crossing,59,1
CREATOR,Crossing,60,2
CREATOR,Crossing,61,2
CREATOR,Crossing,62,2
CREATOR,Crossing,63,2
CREATOR,Crossing,64,3
CREATOR,Crossing,65,3
CREATOR,Crossing,66,3
CREATOR,Crossing,67,3
CREATOR,Crossing,68,3
CREATOR,Crossing,69,3
CREATOR,Crossing,70,4
CREATOR,Crossing,71,4
CREATOR,Crossing,72,4
CREATOR,Crossing,73,4
CREATOR,Crossing,74,4
CREATOR,Crossing,75,6
CREATOR,Crossing,76,6
CREATOR,Crossing,77,6
CREATOR,Crossing,78,6
CREATOR,Crossing,79,6
CREATOR,Crossing,80,7
CREATOR,Crossing,81,7
CREATOR,Crossing,82,7
CREATOR,Crossing,83,7
CREATOR,Crossing,84,7
CREATOR,Crossing,85,11
CREATOR,Crossing,86,11
CREATOR,Crossing,87,11
CREATOR,Crossing,88,11
CREATOR,Crossing,89,11
CREATOR,Crossing,90,15
CREATOR,Crossing,91,15
CREATOR,Crossing,92,15
CREATOR,Crossing,93,15
CREATOR,Crossing,94,15
CREATOR,Crossing,95,18
CREATOR,Crossing,96,22
CREATOR,Crossing,97,26
CREATOR,Crossing,98,30
CREATOR,Crossing,99,33
CREATOR,FKAccuracy,40,1
CREATOR,FKAccuracy,41,1
CREATOR,FKAccuracy,42,1
CREATOR,FKAccuracy,43,1
CREATOR,FKAccuracy,44,1
CREATOR,FKAccuracy,45,1
CREATOR,FKAccuracy,46,1
CREATOR,FKAccuracy,47,1
CREATOR,FKAccuracy,48,1
CREATOR,FKAccuracy,49,1
CREATOR,FKAccuracy,50,1
CREATOR,FKAccuracy,51,1
CREATOR,FKAccuracy,52,1
CREATOR,FKAccuracy,53,1
CREATOR,FKAccuracy,54,1
CREATOR,FKAccuracy,55,1
CREATOR,FKAccuracy,56,1
CREATOR,FKAccuracy,57,1
CREATOR,FKAccuracy,58,1
CREATOR,FKAccuracy,59,1
CREATOR,FKAccuracy,60,1
CREATOR,FKAccuracy,61,1
CREATOR,FKAccuracy,62,1
CREATOR,FKAccuracy,63,1
CREATOR,FKAccuracy,64,2
CREATOR,FKAccuracy,65,2
CREATOR,FKAccuracy,66,2
CREATOR,FKAccuracy,67,2
CREATOR,FKAccuracy,68,2
CREATOR,FKAccuracy,69,2
CREATOR,FKAccuracy,70,3
CREATOR,FKAccuracy,71,3
CREATOR,FKAccuracy,72,3
CREATOR,FKAccuracy,73,3
CREATOR,FKAccuracy,74,3
CREATOR,FKAccuracy,75,4
CREATOR,FKAccuracy,76,4
CREATOR,FKAccuracy,77,4
CREATOR,FKAccuracy,78,4
CREATOR,FKAccuracy,79,4
CREATOR,FKAccuracy,80,5
CREATOR,FKAccuracy,81,5
CREATOR,FKAccuracy,82,5
CREATOR,FKAccuracy,83,5
CREATOR,FKAccuracy,84,5
CREATOR,FKAccuracy,85,8
CREATOR,FKAccuracy,86,8
CREATOR,FKAccuracy,87,8
CREATOR,FKAccuracy,88,8
CREATOR,FKAccuracy,89,8
CREATOR,FKAccuracy,90,11
CREATOR,FKAccuracy,91,11
CREATOR,FKAccuracy,92,11
CREATOR,FKAccuracy,93,11
CREATOR,FKAccuracy,94,11
CREATOR,FKAccuracy,95,13
CREATOR,FKAccuracy,96,16
CREATOR,FKAccuracy,97,19
CREATOR,FKAccuracy,98,22
CREATOR,FKAccuracy,99,24
CREATOR,ShortPassing,40,1
CREATOR,ShortPassing,41,1
CREATOR,ShortPassing,42,1
CREATOR,ShortPassing,43,1
CREATOR,ShortPassing,44,1
CREATOR,ShortPassing,45,1
CREATOR,ShortPassing,46,1
CREATOR,ShortPassing,47,1
CREATOR,ShortPassing,48,1
CREATOR,ShortPassing,49,1
CREATOR,ShortPassing,50,1
CREATOR,ShortPassing,51,1
CREATOR,ShortPassing,52,1
CREATOR,ShortPassing,53,1
CREATOR,ShortPassing,54,1
CREATOR,ShortPassing,55,1
CREATOR,ShortPassing,56,1
CREATOR,ShortPassing,57,1
CREATOR,ShortPassing,58,1
CREATOR,ShortPassing,59,1
CREATOR,ShortPassing,60,2
CREATOR,ShortPassing,61,2
CREATOR,ShortPassing,62,2
CREATOR,ShortPassing,63,2
CREATOR,ShortPassing,64,3
CREATOR,ShortPassing,65,3
CREATOR,ShortPassing,66,3
CREATOR,ShortPassing,67,3
CREATOR,ShortPassing,68,3
CREATOR,ShortPassing,69,3
CREATOR,ShortPassing,70,4
CREATOR,ShortPassing,71,4
CREATOR,ShortPassing,72,4
CREATOR,ShortPassing,73,4
CREATOR,ShortPassing,74,4
CREATOR,ShortPassing,75,6
CREATOR,ShortPassing,76,6
CREATOR,ShortPassing,77,6
CREATOR,ShortPassing,78,6
CREATOR,ShortPassing,79,6
CREATOR,ShortPassing,80,7
CREATOR,ShortPassing,81,7
CREATOR,ShortPassing,82,7
CREATOR,ShortPassing,83,7
CREATOR,ShortPassing,84,7
CREATOR,ShortPassing,85,11
CREATOR,ShortPassing,86,11
CREATOR,ShortPassing,87,11
CREATOR,ShortPassing,88,11
CREATOR,ShortPassing,89,11
CREATOR,ShortPassing,90,15
CREATOR,ShortPassing,91,15
CREATOR,ShortPassing,92,15
CREATOR,ShortPassing,93,15
CREATOR,ShortPassing,94,15
CREATOR,ShortPassing,95,18
CREATOR,ShortPassing,96,22
CREATOR,ShortPassing,97,26
CREATOR,ShortPassing,98,30
CREATOR,ShortPassing,99,33
CREATOR,LongPassing,40,1
CREATOR,LongPassing,41,1
CREATOR,LongPassing,42,1
CREATOR,LongPassing,43,1
CREATOR,LongPassing,44,1
CREATOR,LongPassing,45,1
CREATOR,LongPassing,46,1
CREATOR,LongPassing,47,1
CREATOR,LongPassing,48,1
CREATOR,LongPassing,49,1
CREATOR,LongPassing,50,1
CREATOR,LongPassing,51,1
CREATOR,LongPassing,52,1
CREATOR,LongPassing,53,1
CREATOR,LongPassing,54,1
CREATOR,LongPassing,55,1
CREATOR,LongPassing,56,1
CREATOR,LongPassing,57,1
CREATOR,LongPassing,58,1
CREATOR,LongPassing,59,1
CREATOR,LongPassing,60,2
CREATOR,LongPassing,61,2
CREATOR,LongPassing,62,2
CREATOR,LongPassing,63,2
CREATOR,LongPassing,64,3
CREATOR,LongPassing,65,3
CREATOR,LongPassing,66,3
CREATOR,LongPassing,67,3
CREATOR,LongPassing,68,3
CREATOR,LongPassing,69,3
CREATOR,LongPassing,70,4
CREATOR,LongPassing,71,4
CREATOR,LongPassing,72,4
CREATOR,LongPassing,73,4
CREATOR,LongPassing,74,4
CREATOR,LongPassing,75,6
CREATOR,LongPassing,76,6
CREATOR,LongPassing,77,6
CREATOR,LongPassing,78,6
CREATOR,LongPassing,79,6
CREATOR,LongPassing,80,7
CREATOR,LongPassing,81,7
CREATOR,LongPassing,82,7
CREATOR,LongPassing,83,7
CREATOR,LongPassing,84,7
CREATOR,LongPassing,85,11
CREATOR,LongPassing,86,11
CREATOR,LongPassing,87,11
CREATOR,LongPassing,88,11
CREATOR,LongPassing,89,11
CREATOR,LongPassing,90,15
CREATOR,LongPassing,91,15
CREATOR,LongPassing,92,15
CREATOR,LongPassing,93,15
CREATOR,LongPassing,94,15
CREATOR,LongPassing,95,18
CREATOR,LongPassing,96,22
CREATOR,LongPassing,97,26
CREATOR,LongPassing,98,30
CREATOR,LongPassing,99,33
CREATOR,Curve,40,1
CREATOR,Curve,41,1
CREATOR,Curve,42,1
CREATOR,Curve,43,1
CREATOR,Curve,44,1
CREATOR,Curve,45,1
CREATOR,Curve,46,1
CREATOR,Curve,47,1
CREATOR,Curve,48,1
CREATOR,Curve,49,1
CREATOR,Curve,50,1
CREATOR,Curve,51,1
CREATOR,Curve,52,1
CREATOR,Curve,53,1
CREATOR,Curve,54,1
CREATOR,Curve,55,1
CREATOR,Curve,56,1
CREATOR,Curve,57,1
CREATOR,Curve,58,1
CREATOR,Curve,59,1
CREATOR,Curve,60,1
CREATOR,Curve,61,1
CREATOR,Curve,62,1
CREATOR,Curve,63,1
CREATOR,Curve,64,1
CREATOR,Curve,65,1
CREATOR,Curve,66,1
CREATOR,Curve,67,2
CREATOR,Curve,68,2
CREATOR,Curve,69,2
CREATOR,Curve,70,2
CREATOR,Curve,71,2
CREATOR,Curve,72,2
CREATOR,Curve,73,2
CREATOR,Curve,74,2
CREATOR,Curve,75,3
CREATOR,Curve,76,3
CREATOR,Curve,77,3
CREATOR,Curve,78,3
CREATOR,Curve,79,3
CREATOR,Curve,80,3
CREATOR,Curve,81,3
CREATOR,Curve,82,3
CREATOR,Curve,83,3
CREATOR,Curve,84,3
CREATOR,Curve,85,6
CREATOR,Curve,86,6
CREATOR,Curve,87,6
CREATOR,Curve,88,6
CREATOR,Curve,89,6
CREATOR,Curve,90,8
CREATOR,Curve,91,8
CREATOR,Curve,92,8
CREATOR,Curve,93,8
CREATOR,Curve,94,8
CREATOR,Curve,95,9
CREATOR,Curve,96,12
CREATOR,Curve,97,14
CREATOR,Curve,98,16
CREATOR,Curve,99,18
CREATOR,Agility,40,2
CREATOR,Agility,41,2
CREATOR,Agility,42,2
CREATOR,Agility,43,2
CREATOR,Agility,44,2
CREATOR,Agility,45,2
CREATOR,Agility,46,2
CREATOR,Agility,47,2
CREATOR,Agility,48,2
CREATOR,Agility,49,2
CREATOR,Agility,50,2
CREATOR,Agility,51,2
CREATOR,Agility,52,2
CREATOR,Agility,53,2
CREATOR,Agility,54,2
CREATOR,Agility,55,2
CREATOR,Agility,56,2
CREATOR,Agility,57,2
CREATOR,Agility,58,2
CREATOR,Agility,59,2
CREATOR,Agility,60,3
CREATOR,Agility,61,3
CREATOR,Agility,62,3
CREATOR,Agility,63,3
CREATOR,Agility,64,4
CREATOR,Agility,65,4
CREATOR,Agility,66,4
CREATOR,Agility,67,5
CREATOR,Agility,68,5
CREATOR,Agility,69,5
CREATOR,Agility,70,6
CREATOR,Agility,71,6
CREATOR,Agility,72,6
CREATOR,Agility,73,6
CREATOR,Agility,74,6
CREATOR,Agility,75,8
CREATOR,Agility,76,8
CREATOR,Agility,77,8
CREATOR,Agility,78,8
CREATOR,Agility,79,8
CREATOR,Agility,80,10
CREATOR,Agility,81,10
CREATOR,Agility,82,10
CREATOR,Agility,83,10
CREATOR,Agility,84,10
CREATOR,Agility,85,15
CREATOR,Agility,86,15
CREATOR,Agility,87,15
CREATOR,Agility,88,15
CREATOR,Agility,89,15
CREATOR,Agility,90,20
CREATOR,Agility,91,20
CREATOR,Agility,92,20
CREATOR,Agility,93,20
CREATOR,Agility,94,20
CREATOR,Agility,95,25
CREATOR,Agility,96,30
CREATOR,Agility,97,35
CREATOR,Agility,98,40
CREATOR,Agility,99,45
CREATOR,Balance,40,1
CREATOR,Balance,41,1
CREATOR,Balance,42,1
CREATOR,Balance,43,1
CREATOR,Balance,44,1
CREATOR,Balance,45,1
CREATOR,Balance,46,1
CREATOR,Balance,47,1
CREATOR,Balance,48,1
CREATOR,Balance,49,1
CREATOR,Balance,50,1
CREATOR,Balance,51,1
CREATOR,Balance,52,1
CREATOR,Balance,53,1
CREATOR,Balance,54,1
CREATOR,Balance,55,1
CREATOR,Balance,56,1
CREATOR,Balance,57,1
CREATOR,Balance,58,1
CREATOR,Balance,59,1
CREATOR,Balance,60,2
CREATOR,Balance,61,2
CREATOR,Balance,62,2
CREATOR,Balance,63,2
CREATOR,Balance,64,3
CREATOR,Balance,65,3
CREATOR,Balance,66,3
CREATOR,Balance,67,3
CREATOR,Balance,68,3
CREATOR,Balance,69,3
CREATOR,Balance,70,4
CREATOR,Balance,71,4
CREATOR,Balance,72,4
CREATOR,Balance,73,4
CREATOR,Balance,74,4
CREATOR,Balance,75,6
CREATOR,Balance,76,6
CREATOR,Balance,77,6
CREATOR,Balance,78,6
CREATOR,Balance,79,6
CREATOR,Balance,80,7
CREATOR,Balance,81,7
CREATOR,Balance,82,7
CREATOR,Balance,83,7
CREATOR,Balance,84,7
CREATOR,Balance,85,11
CREATOR,Balance,86,11
CREATOR,Balance,87,11
CREATOR,Balance,88,11
CREATOR,Balance,89,11
CREATOR,Balance,90,15
CREATOR,Balance,91,15
CREATOR,Balance,92,15
CREATOR,Balance,93,15
CREATOR,Balance,94,15
CREATOR,Balance,95,18
CREATOR,Balance,96,22
CREATOR,Balance,97,26
CREATOR,Balance,98,30
CREATOR,Balance,99,33
CREATOR,Reactions,40,1
CREATOR,Reactions,41,1
CREATOR,Reactions,42,1
CREATOR,Reactions,43,1
CREATOR,Reactions,44,1
CREATOR,Reactions,45,1
CREATOR,Reactions,46,1
CREATOR,Reactions,47,1
CREATOR,Reactions,48,1
CREATOR,Reactions,49,1
CREATOR,Reactions,50,1
CREATOR,Reactions,51,1
CREATOR,Reactions,52,1
CREATOR,Reactions,53,1
CREATOR,Reactions,54,1
CREATOR,Reactions,55,1
CREATOR,Reactions,56,1
CREATOR,Reactions,57,1
CREATOR,Reactions,58,1
CREATOR,Reactions,59,1
CREATOR,Reactions,60,1
CREATOR,Reactions,61,1
CREATOR,Reactions,62,1
CREATOR,Reactions,63,1
CREATOR,Reactions,64,2
CREATOR,Reactions,65,2
CREATOR,Reactions,66,2
CREATOR,Reactions,67,2
CREATOR,Reactions,68,2
CREATOR,Reactions,69,2
CREATOR,Reactions,70,3
CREATOR,Reactions,71,3
CREATOR,Reactions,72,3
CREATOR,Reactions,73,3
CREATOR,Reactions,74,3
CREATOR,Reactions,75,4
CREATOR,Reactions,76,4
CREATOR,Reactions,77,4
CREATOR,Reactions,78,4
CREATOR,Reactions,79,4
CREATOR,Reactions,80,5
CREATOR,Reactions,81,5
CREATOR,Reactions,82,5
CREATOR,Reactions,83,5
CREATOR,Reactions,84,5
CREATOR,Reactions,85,8
CREATOR,Reactions,86,8
CREATOR,Reactions,87,8
CREATOR,Reactions,88,8
CREATOR,Reactions,89,8
CREATOR,Reactions,90,11
CREATOR,Reactions,91,11
CREATOR,Reactions,92,11
CREATOR,Reactions,93,11
CREATOR,Reactions,94,11
CREATOR,Reactions,95,13
CREATOR,Reactions,96,16
CREATOR,Reactions,97,19
CREATOR,Reactions,98,22
CREATOR,Reactions,99,24
CREATOR,BallControl,40,1
CREATOR,BallControl,41,1
CREATOR,BallControl,42,1
CREATOR,BallControl,43,1
CREATOR,BallControl,44,1
CREATOR,BallControl,45,1
CREATOR,BallControl,46,1
CREATOR,BallControl,47,1
CREATOR,BallControl,48,1
CREATOR,BallControl,49,1
CREATOR,BallControl,50,1
CREATOR,BallControl,51,1
CREATOR,BallControl,52,1
CREATOR,BallControl,53,1
CREATOR,BallControl,54,1
CREATOR,BallControl,55,1
CREATOR,BallControl,56,1
CREATOR,BallControl,57,1
CREATOR,BallControl,58,1
CREATOR,BallControl,59,1
CREATOR,BallControl,60,2
CREATOR,BallControl,61,2
CREATOR,BallControl,62,2
CREATOR,BallControl,63,2
CREATOR,BallControl,64,3
CREATOR,BallControl,65,3
CREATOR,BallControl,66,3
CREATOR,BallControl,67,3
CREATOR,BallControl,68,3
CREATOR,BallControl,69,3
CREATOR,BallControl,70,4
CREATOR,BallControl,71,4
CREATOR,BallControl,72,4
CREATOR,BallControl,73,4
CREATOR,BallControl,74,4
CREATOR,BallControl,75,6
CREATOR,BallControl,76,6
CREATOR,BallControl,77,6
CREATOR,BallControl,78,6
CREATOR,BallControl,79,6
CREATOR,BallControl,80,7
CREATOR,BallControl,81,7
CREATOR,BallControl,82,7
CREATOR,BallControl,83,7
CREATOR,BallControl,84,7
CREATOR,BallControl,85,11
CREATOR,BallControl,86,11
CREATOR,BallControl,87,11
CREATOR,BallControl,88,11
CREATOR,BallControl,89,11
CREATOR,BallControl,90,15
CREATOR,BallControl,91,15
CREATOR,BallControl,92,15
CREATOR,BallControl,93,15
CREATOR,BallControl,94,15
CREATOR,BallControl,95,18
CREATOR,BallControl,96,22
CREATOR,BallControl,97,26
CREATOR,BallControl,98,30
CREATOR,BallControl,99,33
CREATOR,Dribbling,40,2
CREATOR,Dribbling,41,2
CREATOR,Dribbling,42,2
CREATOR,Dribbling,43,2
CREATOR,Dribbling,44,2
CREATOR,Dribbling,45,2
CREATOR,Dribbling,46,2
CREATOR,Dribbling,47,2
CREATOR,Dribbling,48,2
CREATOR,Dribbling,49,2
CREATOR,Dribbling,50,2
CREATOR,Dribbling,51,2
CREATOR,Dribbling,52,2
CREATOR,Dribbling,53,2
CREATOR,Dribbling,54,2
CREATOR,Dribbling,55,2
CREATOR,Dribbling,56,2
CREATOR,Dribbling,57,2
CREATOR,Dribbling,58,2
CREATOR,Dribbling,59,2
CREATOR,Dribbling,60,3
CREATOR,Dribbling,61,3
CREATOR,Dribbling,62,3
CREATOR,Dribbling,63,3
CREATOR,Dribbling,64,4
CREATOR,Dribbling,65,4
CREATOR,Dribbling,66,4
CREATOR,Dribbling,67,5
CREATOR,Dribbling,68,5
CREATOR,Dribbling,69,5
CREATOR,Dribbling,70,6
CREATOR,Dribbling,71,6
CREATOR,Dribbling,72,6
CREATOR,Dribbling,73,6
CREATOR,Dribbling,74,6
CREATOR,Dribbling,75,8
CREATOR,Dribbling,76,8
CREATOR,Dribbling,77,8
CREATOR,Dribbling,78,8
CREATOR,Dribbling,79,8
CREATOR,Dribbling,80,10
CREATOR,Dribbling,81,10
CREATOR,Dribbling,82,10
CREATOR,Dribbling,83,10
CREATOR,Dribbling,84,10
CREATOR,Dribbling,85,15
CREATOR,Dribbling,86,15
CREATOR,Dribbling,87,15
CREATOR,Dribbling,88,15
CREATOR,Dribbling,89,15
CREATOR,Dribbling,90,20
CREATOR,Dribbling,91,20
CREATOR,Dribbling,92,20
CREATOR,Dribbling,93,20
CREATOR,Dribbling,94,20
CREATOR,Dribbling,95,25
CREATOR,Dribbling,96,30
CREATOR,Dribbling,97,35
CREATOR,Dribbling,98,40
CREATOR,Dribbling,99,45
CREATOR,Composure,40,1
CREATOR,Composure,41,1
CREATOR,Composure,42,1
CREATOR,Composure,43,1
CREATOR,Composure,44,1
CREATOR,Composure,45,1
CREATOR,Composure,46,1
CREATOR,Composure,47,1
CREATOR,Composure,48,1
CREATOR,Composure,49,1
CREATOR,Composure,50,1
CREATOR,Composure,51,1
CREATOR,Composure,52,1
CREATOR,Composure,53,1
CREATOR,Composure,54,1
CREATOR,Composure,55,1
CREATOR,Composure,56,1
CREATOR,Composure,57,1
CREATOR,Composure,58,1
CREATOR,Composure,59,1
CREATOR,Composure,60,2
CREATOR,Composure,61,2
CREATOR,Composure,62,2
CREATOR,Composure,63,2
CREATOR,Composure,64,3
CREATOR,Composure,65,3
CREATOR,Composure,66,3
CREATOR,Composure,67,3
CREATOR,Composure,68,3
CREATOR,Composure,69,3
CREATOR,Composure,70,4
CREATOR,Composure,71,4
CREATOR,Composure,72,4
CREATOR,Composure,73,4
CREATOR,Composure,74,4
CREATOR,Composure,75,6
CREATOR,Composure,76,6
CREATOR,Composure,77,6
CREATOR,Composure,78,6
CREATOR,Composure,79,6
CREATOR,Composure,80,7
CREATOR,Composure,81,7
CREATOR,Composure,82,7
CREATOR,Composure,83,7
CREATOR,Composure,84,7
CREATOR,Composure,85,11
CREATOR,Composure,86,11
CREATOR,Composure,87,11
CREATOR,Composure,88,11
CREATOR,Composure,89,11
CREATOR,Composure,90,15
CREATOR,Composure,91,15
CREATOR,Composure,92,15
CREATOR,Composure,93,15
CREATOR,Composure,94,15
CREATOR,Composure,95,18
CREATOR,Composure,96,22
CREATOR,Composure,97,26
CREATOR,Composure,98,30
CREATOR,Composure,99,33
CREATOR,Interceptions,40,2
CREATOR,Interceptions,41,2
CREATOR,Interceptions,42,2
CREATOR,Interceptions,43,2
CREATOR,Interceptions,44,2
CREATOR,Interceptions,45,2
CREATOR,Interceptions,46,2
CREATOR,Interceptions,47,2
CREATOR,Interceptions,48,2
CREATOR,Interceptions,49,2
CREATOR,Interceptions,50,2
CREATOR,Interceptions,51,2
CREATOR,Interceptions,52,2
CREATOR,Interceptions,53,2
CREATOR,Interceptions,54,2
CREATOR,Interceptions,55,2
CREATOR,Interceptions,56,2
CREATOR,Interceptions,57,2
CREATOR,Interceptions,58,2
CREATOR,Interceptions,59,2
CREATOR,Interceptions,60,3
CREATOR,Interceptions,61,3
CREATOR,Interceptions,62,3
CREATOR,Interceptions,63,3
CREATOR,Interceptions,64,4
CREATOR,Interceptions,65,4
CREATOR,Interceptions,66,4
CREATOR,Interceptions,67,5
CREATOR,Interceptions,68,5
CREATOR,Interceptions,69,5
CREATOR,Interceptions,70,6
CREATOR,Interceptions,71,6
CREATOR,Interceptions,72,6
CREATOR,Interceptions,73,6
CREATOR,Interceptions,74,6
CREATOR,Interceptions,75,8
CREATOR,Interceptions,76,8
CREATOR,Interceptions,77,8
CREATOR,Interceptions,78,8
CREATOR,Interceptions,79,8
CREATOR,Interceptions,80,10
CREATOR,Interceptions,81,10
CREATOR,Interceptions,82,10
CREATOR,Interceptions,83,10
CREATOR,Interceptions,84,10
CREATOR,Interceptions,85,15
CREATOR,Interceptions,86,15
CREATOR,Interceptions,87,15
CREATOR,Interceptions,88,15
CREATOR,Interceptions,89,15
CREATOR,Interceptions,90,20
CREATOR,Interceptions,91,20
CREATOR,Interceptions,92,20
CREATOR,Interceptions,93,20
CREATOR,Interceptions,94,20
CREATOR,Interceptions,95,25
CREATOR,Interceptions,96,30
CREATOR,Interceptions,97,35
CREATOR,Interceptions,98,40
CREATOR,Interceptions,99,45
CREATOR,Heading Accuracy,40,1
CREATOR,Heading Accuracy,41,1
CREATOR,Heading Accuracy,42,1
CREATOR,Heading Accuracy,43,1
CREATOR,Heading Accuracy,44,1
CREATOR,Heading Accuracy,45,1
CREATOR,Heading Accuracy,46,1
CREATOR,Heading Accuracy,47,1
CREATOR,Heading Accuracy,48,1
CREATOR,Heading Accuracy,49,1
CREATOR,Heading Accuracy,50,1
CREATOR,Heading Accuracy,51,1
CREATOR,Heading Accuracy,52,1
CREATOR,Heading Accuracy,53,1
CREATOR,Heading Accuracy,54,1
CREATOR,Heading Accuracy,55,1
CREATOR,Heading Accuracy,56,1
CREATOR,Heading Accuracy,57,1
CREATOR,Heading Accuracy,58,1
CREATOR,Heading Accuracy,59,1
CREATOR,Heading Accuracy,60,2
CREATOR,Heading Accuracy,61,2
CREATOR,Heading Accuracy,62,2
CREATOR,Heading Accuracy,63,2
CREATOR,Heading Accuracy,64,3
CREATOR,Heading Accuracy,65,3
CREATOR,Heading Accuracy,66,3
CREATOR,Heading Accuracy,67,3
CREATOR,Heading Accuracy,68,3
CREATOR,Heading Accuracy,69,3
CREATOR,Heading Accuracy,70,4
CREATOR,Heading Accuracy,71,4
CREATOR,Heading Accuracy,72,4
CREATOR,Heading Accuracy,73,4
CREATOR,Heading Accuracy,74,4
CREATOR,Heading Accuracy,75,6
CREATOR,Heading Accuracy,76,6
CREATOR,Heading Accuracy,77,6
CREATOR,Heading Accuracy,78,6
CREATOR,Heading Accuracy,79,6
CREATOR,Heading Accuracy,80,7
CREATOR,Heading Accuracy,81,7
CREATOR,Heading Accuracy,82,7
CREATOR,Heading Accuracy,83,7
CREATOR,Heading Accuracy,84,7
CREATOR,Heading Accuracy,85,11
CREATOR,Heading Accuracy,86,11
CREATOR,Heading Accuracy,87,11
CREATOR,Heading Accuracy,88,11
CREATOR,Heading Accuracy,89,11
CREATOR,Heading Accuracy,90,15
CREATOR,Heading Accuracy,91,15
CREATOR,Heading Accuracy,92,15
CREATOR,Heading Accuracy,93,15
CREATOR,Heading Accuracy,94,15
CREATOR,Heading Accuracy,95,18
CREATOR,Heading Accuracy,96,22
CREATOR,Heading Accuracy,97,26
CREATOR,Heading Accuracy,98,30
CREATOR,Heading Accuracy,99,33
CREATOR,DefAwareness,40,1
CREATOR,DefAwareness,41,1
CREATOR,DefAwareness,42,1
CREATOR,DefAwareness,43,1
CREATOR,DefAwareness,44,1
CREATOR,DefAwareness,45,1
CREATOR,DefAwareness,46,1
CREATOR,DefAwareness,47,1
CREATOR,DefAwareness,48,1
CREATOR,DefAwareness,49,1
CREATOR,DefAwareness,50,1
CREATOR,DefAwareness,51,1
CREATOR,DefAwareness,52,1
CREATOR,DefAwareness,53,1
CREATOR,DefAwareness,54,1
CREATOR,DefAwareness,55,1
CREATOR,DefAwareness,56,1
CREATOR,DefAwareness,57,1
CREATOR,DefAwareness,58,1
CREATOR,DefAwareness,59,1
CREATOR,DefAwareness,60,2
CREATOR,DefAwareness,61,2
CREATOR,DefAwareness,62,2
CREATOR,DefAwareness,63,2
CREATOR,DefAwareness,64,3
CREATOR,DefAwareness,65,3
CREATOR,DefAwareness,66,3
CREATOR,DefAwareness,67,3
CREATOR,DefAwareness,68,3
CREATOR,DefAwareness,69,3
CREATOR,DefAwareness,70,4
CREATOR,DefAwareness,71,4
CREATOR,DefAwareness,72,4
CREATOR,DefAwareness,73,4
CREATOR,DefAwareness,74,4
CREATOR,DefAwareness,75,6
CREATOR,DefAwareness,76,6
CREATOR,DefAwareness,77,6
CREATOR,DefAwareness,78,6
CREATOR,DefAwareness,79,6
CREATOR,DefAwareness,80,7
CREATOR,DefAwareness,81,7
CREATOR,DefAwareness,82,7
CREATOR,DefAwareness,83,7
CREATOR,DefAwareness,84,7
CREATOR,DefAwareness,85,11
CREATOR,DefAwareness,86,11
CREATOR,DefAwareness,87,11
CREATOR,DefAwareness,88,11
CREATOR,DefAwareness,89,11
CREATOR,DefAwareness,90,15
CREATOR,DefAwareness,91,15
CREATOR,DefAwareness,92,15
CREATOR,DefAwareness,93,15
CREATOR,DefAwareness,94,15
CREATOR,DefAwareness,95,18
CREATOR,DefAwareness,96,22
CREATOR,DefAwareness,97,26
CREATOR,DefAwareness,98,30
CREATOR,DefAwareness,99,33
CREATOR,StandingTackle,40,2
CREATOR,StandingTackle,41,2
CREATOR,StandingTackle,42,2
CREATOR,StandingTackle,43,2
CREATOR,StandingTackle,44,2
CREATOR,StandingTackle,45,2
CREATOR,StandingTackle,46,2
CREATOR,StandingTackle,47,2
CREATOR,StandingTackle,48,2
CREATOR,StandingTackle,49,2
CREATOR,StandingTackle,50,2
CREATOR,StandingTackle,51,2
CREATOR,StandingTackle,52,2
CREATOR,StandingTackle,53,2
CREATOR,StandingTackle,54,2
CREATOR,StandingTackle,55,2
CREATOR,StandingTackle,56,2
CREATOR,StandingTackle,57,2
CREATOR,StandingTackle,58,2
CREATOR,StandingTackle,59,2
CREATOR,StandingTackle,60,3
CREATOR,StandingTackle,61,3
CREATOR,StandingTackle,62,3
CREATOR,StandingTackle,63,3
CREATOR,StandingTackle,64,4
CREATOR,StandingTackle,65,4
CREATOR,StandingTackle,66,4
CREATOR,StandingTackle,67,5
CREATOR,StandingTackle,68,5
CREATOR,StandingTackle,69,5
CREATOR,StandingTackle,70,6
CREATOR,StandingTackle,71,6
CREATOR,StandingTackle,72,6
CREATOR,StandingTackle,73,6
CREATOR,StandingTackle,74,6
CREATOR,StandingTackle,75,8
CREATOR,StandingTackle,76,8
CREATOR,StandingTackle,77,8
CREATOR,StandingTackle,78,8
CREATOR,StandingTackle,79,8
CREATOR,StandingTackle,80,10
CREATOR,StandingTackle,81,10
CREATOR,StandingTackle,82,10
CREATOR,StandingTackle,83,10
CREATOR,StandingTackle,84,10
CREATOR,StandingTackle,85,15
CREATOR,StandingTackle,86,15
CREATOR,StandingTackle,87,15
CREATOR,StandingTackle,88,15
CREATOR,StandingTackle,89,15
CREATOR,StandingTackle,90,20
CREATOR,StandingTackle,91,20
CREATOR,StandingTackle,92,20
CREATOR,StandingTackle,93,20
CREATOR,StandingTackle,94,20
CREATOR,StandingTackle,95,25
CREATOR,StandingTackle,96,30
CREATOR,StandingTackle,97,35
CREATOR,StandingTackle,98,40
CREATOR,StandingTackle,99,45
CREATOR,SlidingTackle,40,1
CREATOR,SlidingTackle,41,1
CREATOR,SlidingTackle,42,1
CREATOR,SlidingTackle,43,1
CREATOR,SlidingTackle,44,1
CREATOR,SlidingTackle,45,1
CREATOR,SlidingTackle,46,1
CREATOR,SlidingTackle,47,1
CREATOR,SlidingTackle,48,1
CREATOR,SlidingTackle,49,1
CREATOR,SlidingTackle,50,1
CREATOR,SlidingTackle,51,1
CREATOR,SlidingTackle,52,1
CREATOR,SlidingTackle,53,1
CREATOR,SlidingTackle,54,1
CREATOR,SlidingTackle,55,1
CREATOR,SlidingTackle,56,1
CREATOR,SlidingTackle,57,1
CREATOR,SlidingTackle,58,1
CREATOR,SlidingTackle,59,1
CREATOR,SlidingTackle,60,2
CREATOR,SlidingTackle,61,2
CREATOR,SlidingTackle,62,2
CREATOR,SlidingTackle,63,2
CREATOR,SlidingTackle,64,3
CREATOR,SlidingTackle,65,3
CREATOR,SlidingTackle,66,3
CREATOR,SlidingTackle,67,3
CREATOR,SlidingTackle,68,3
CREATOR,SlidingTackle,69,3
CREATOR,SlidingTackle,70,4
CREATOR,SlidingTackle,71,4
CREATOR,SlidingTackle,72,4
CREATOR,SlidingTackle,73,4
CREATOR,SlidingTackle,74,4
CREATOR,SlidingTackle,75,6
CREATOR,SlidingTackle,76,6
CREATOR,SlidingTackle,77,6
CREATOR,SlidingTackle,78,6
CREATOR,SlidingTackle,79,6
CREATOR,SlidingTackle,80,7
CREATOR,SlidingTackle,81,7
CREATOR,SlidingTackle,82,7
CREATOR,SlidingTackle,83,7
CREATOR,SlidingTackle,84,7
CREATOR,SlidingTackle,85,11
CREATOR,SlidingTackle,86,11
CREATOR,SlidingTackle,87,11
CREATOR,SlidingTackle,88,11
CREATOR,SlidingTackle,89,11
CREATOR,SlidingTackle,90,15
CREATOR,SlidingTackle,91,15
CREATOR,SlidingTackle,92,15
CREATOR,SlidingTackle,93,15
CREATOR,SlidingTackle,94,15
CREATOR,SlidingTackle,95,18
CREATOR,SlidingTackle,96,22
CREATOR,SlidingTackle,97,26
CREATOR,SlidingTackle,98,30
CREATOR,SlidingTackle,99,33
CREATOR,Jumping,40,1
CREATOR,Jumping,41,1
CREATOR,Jumping,42,1
CREATOR,Jumping,43,1
CREATOR,Jumping,44,1
CREATOR,Jumping,45,1
CREATOR,Jumping,46,1
CREATOR,Jumping,47,1
CREATOR,Jumping,48,1
CREATOR,Jumping,49,1
CREATOR,Jumping,50,1
CREATOR,Jumping,51,1
CREATOR,Jumping,52,1
CREATOR,Jumping,53,1
CREATOR,Jumping,54,1
CREATOR,Jumping,55,1
CREATOR,Jumping,56,1
CREATOR,Jumping,57,1
CREATOR,Jumping,58,1
CREATOR,Jumping,59,1
CREATOR,Jumping,60,1
CREATOR,Jumping,61,1
CREATOR,Jumping,62,1
CREATOR,Jumping,63,1
CREATOR,Jumping,64,2
CREATOR,Jumping,65,2
CREATOR,Jumping,66,2
CREATOR,Jumping,67,2
CREATOR,Jumping,68,2
CREATOR,Jumping,69,2
CREATOR,Jumping,70,3
CREATOR,Jumping,71,3
CREATOR,Jumping,72,3
CREATOR,Jumping,73,3
CREATOR,Jumping,74,3
CREATOR,Jumping,75,4
CREATOR,Jumping,76,4
CREATOR,Jumping,77,4
CREATOR,Jumping,78,4
CREATOR,Jumping,79,4
CREATOR,Jumping,80,5
CREATOR,Jumping,81,5
CREATOR,Jumping,82,5
CREATOR,Jumping,83,5
CREATOR,Jumping,84,5
CREATOR,Jumping,85,8
CREATOR,Jumping,86,8
CREATOR,Jumping,87,8
CREATOR,Jumping,88,8
CREATOR,Jumping,89,8
CREATOR,Jumping,90,11
CREATOR,Jumping,91,11
CREATOR,Jumping,92,11
CREATOR,Jumping,93,11
CREATOR,Jumping,94,11
CREATOR,Jumping,95,13
CREATOR,Jumping,96,16
CREATOR,Jumping,97,19
CREATOR,Jumping,98,22
CREATOR,Jumping,99,24
CREATOR,Stamina,40,1
CREATOR,Stamina,41,1
CREATOR,Stamina,42,1
CREATOR,Stamina,43,1
CREATOR,Stamina,44,1
CREATOR,Stamina,45,1
CREATOR,Stamina,46,1
CREATOR,Stamina,47,1
CREATOR,Stamina,48,1
CREATOR,Stamina,49,1
CREATOR,Stamina,50,1
CREATOR,Stamina,51,1
CREATOR,Stamina,52,1
CREATOR,Stamina,53,1
CREATOR,Stamina,54,1
CREATOR,Stamina,55,1
CREATOR,Stamina,56,1
CREATOR,Stamina,57,1
CREATOR,Stamina,58,1
CREATOR,Stamina,59,1
CREATOR,Stamina,60,1
CREATOR,Stamina,61,1
CREATOR,Stamina,62,1
CREATOR,Stamina,63,1
CREATOR,Stamina,64,2
CREATOR,Stamina,65,2
CREATOR,Stamina,66,2
CREATOR,Stamina,67,2
CREATOR,Stamina,68,2
CREATOR,Stamina,69,2
CREATOR,Stamina,70,3
CREATOR,Stamina,71,3
CREATOR,Stamina,72,3
CREATOR,Stamina,73,3
CREATOR,Stamina,74,3
CREATOR,Stamina,75,4
CREATOR,Stamina,76,4
CREATOR,Stamina,77,4
CREATOR,Stamina,78,4
CREATOR,Stamina,79,4
CREATOR,Stamina,80,5
CREATOR,Stamina,81,5
CREATOR,Stamina,82,5
CREATOR,Stamina,83,5
CREATOR,Stamina,84,5
CREATOR,Stamina,85,8
CREATOR,Stamina,86,8
CREATOR,Stamina,87,8
CREATOR,Stamina,88,8
CREATOR,Stamina,89,8
CREATOR,Stamina,90,11
CREATOR,Stamina,91,11
CREATOR,Stamina,92,11
CREATOR,Stamina,93,11
CREATOR,Stamina,94,11
CREATOR,Stamina,95,13
CREATOR,Stamina,96,16
CREATOR,Stamina,97,19
CREATOR,Stamina,98,22
CREATOR,Stamina,99,24
CREATOR,Strength,40,1
CREATOR,Strength,41,1
CREATOR,Strength,42,1
CREATOR,Strength,43,1
CREATOR,Strength,44,1
CREATOR,Strength,45,1
CREATOR,Strength,46,1
CREATOR,Strength,47,1
CREATOR,Strength,48,1
CREATOR,Strength,49,1
CREATOR,Strength,50,1
CREATOR,Strength,51,1
CREATOR,Strength,52,1
CREATOR,Strength,53,1
CREATOR,Strength,54,1
CREATOR,Strength,55,1
CREATOR,Strength,56,1
CREATOR,Strength,57,1
CREATOR,Strength,58,1
CREATOR,Strength,59,1
CREATOR,Strength,60,2
CREATOR,Strength,61,2
CREATOR,Strength,62,2
CREATOR,Strength,63,2
CREATOR,Strength,64,3
CREATOR,Strength,65,3
CREATOR,Strength,66,3
CREATOR,Strength,67,3
CREATOR,Strength,68,3
CREATOR,Strength,69,3
CREATOR,Strength,70,4
CREATOR,Strength,71,4
CREATOR,Strength,72,4
CREATOR,Strength,73,4
CREATOR,Strength,74,4
CREATOR,Strength,75,6
CREATOR,Strength,76,6
CREATOR,Strength,77,6
CREATOR,Strength,78,6
CREATOR,Strength,79,6
CREATOR,Strength,80,7
CREATOR,Strength,81,7
CREATOR,Strength,82,7
CREATOR,Strength,83,7
CREATOR,Strength,84,7
CREATOR,Strength,85,11
CREATOR,Strength,86,11
CREATOR,Strength,87,11
CREATOR,Strength,88,11
CREATOR,Strength,89,11
CREATOR,Strength,90,15
CREATOR,Strength,91,15
CREATOR,Strength,92,15
CREATOR,Strength,93,15
CREATOR,Strength,94,15
CREATOR,Strength,95,18
CREATOR,Strength,96,22
CREATOR,Strength,97,26
CREATOR,Strength,98,30
CREATOR,Strength,99,33
CREATOR,Aggression,40,1
CREATOR,Aggression,41,1
CREATOR,Aggression,42,1
CREATOR,Aggression,43,1
CREATOR,Aggression,44,1
CREATOR,Aggression,45,1
CREATOR,Aggression,46,1
CREATOR,Aggression,47,1
CREATOR,Aggression,48,1
CREATOR,Aggression,49,1
CREATOR,Aggression,50,1
CREATOR,Aggression,51,1
CREATOR,Aggression,52,1
CREATOR,Aggression,53,1
CREATOR,Aggression,54,1
CREATOR,Aggression,55,1
CREATOR,Aggression,56,1
CREATOR,Aggression,57,1
CREATOR,Aggression,58,1
CREATOR,Aggression,59,1
CREATOR,Aggression,60,1
CREATOR,Aggression,61,1
CREATOR,Aggression,62,1
CREATOR,Aggression,63,1
CREATOR,Aggression,64,2
CREATOR,Aggression,65,2
CREATOR,Aggression,66,2
CREATOR,Aggression,67,2
CREATOR,Aggression,68,2
CREATOR,Aggression,69,2
CREATOR,Aggression,70,3
CREATOR,Aggression,71,3
CREATOR,Aggression,72,3
CREATOR,Aggression,73,3
CREATOR,Aggression,74,3
CREATOR,Aggression,75,4
CREATOR,Aggression,76,4
CREATOR,Aggression,77,4
CREATOR,Aggression,78,4
CREATOR,Aggression,79,4
CREATOR,Aggression,80,5
CREATOR,Aggression,81,5
CREATOR,Aggression,82,5
CREATOR,Aggression,83,5
CREATOR,Aggression,84,5
CREATOR,Aggression,85,8
CREATOR,Aggression,86,8
CREATOR,Aggression,87,8
CREATOR,Aggression,88,8
CREATOR,Aggression,89,8
CREATOR,Aggression,90,11
CREATOR,Aggression,91,11
CREATOR,Aggression,92,11
CREATOR,Aggression,93,11
CREATOR,Aggression,94,11
CREATOR,Aggression,95,13
CREATOR,Aggression,96,16
CREATOR,Aggression,97,19
CREATOR,Aggression,98,22
CREATOR,Aggression,99,24
SPARK,Acceleration,40,1
SPARK,Acceleration,41,1
SPARK,Acceleration,42,1
SPARK,Acceleration,43,1
SPARK,Acceleration,44,1
SPARK,Acceleration,45,1
SPARK,Acceleration,46,1
SPARK,Acceleration,47,1
SPARK,Acceleration,48,1
SPARK,Acceleration,49,1
SPARK,Acceleration,50,1
SPARK,Acceleration,51,1
SPARK,Acceleration,52,1
SPARK,Acceleration,53,1
SPARK,Acceleration,54,1
SPARK,Acceleration,55,1
SPARK,Acceleration,56,1
SPARK,Acceleration,57,1
SPARK,Acceleration,58,1
SPARK,Acceleration,59,1
SPARK,Acceleration,60,2
SPARK,Acceleration,61,2
SPARK,Acceleration,62,2
SPARK,Acceleration,63,2
SPARK,Acceleration,64,3
SPARK,Acceleration,65,3
SPARK,Acceleration,66,3
SPARK,Acceleration,67,3
SPARK,Acceleration,68,3
SPARK,Acceleration,69,3
SPARK,Acceleration,70,4
SPARK,Acceleration,71,4
SPARK,Acceleration,72,4
SPARK,Acceleration,73,4
SPARK,Acceleration,74,4
SPARK,Acceleration,75,6
SPARK,Acceleration,76,6
SPARK,Acceleration,77,6
SPARK,Acceleration,78,6
SPARK,Acceleration,79,6
SPARK,Acceleration,80,7
SPARK,Acceleration,81,7
SPARK,Acceleration,82,7
SPARK,Acceleration,83,7
SPARK,Acceleration,84,7
SPARK,Acceleration,85,11
SPARK,Acceleration,86,11
SPARK,Acceleration,87,11
SPARK,Acceleration,88,11
SPARK,Acceleration,89,11
SPARK,Acceleration,90,15
SPARK,Acceleration,91,15
SPARK,Acceleration,92,15
SPARK,Acceleration,93,15
SPARK,Acceleration,94,15
SPARK,Acceleration,95,18
SPARK,Acceleration,96,22
SPARK,Acceleration,97,26
SPARK,Acceleration,98,30
SPARK,Acceleration,99,33
SPARK,SprintSpeed,40,2
SPARK,SprintSpeed,41,2
SPARK,SprintSpeed,42,2
SPARK,SprintSpeed,43,2
SPARK,SprintSpeed,44,2
SPARK,SprintSpeed,45,2
SPARK,SprintSpeed,46,2
SPARK,SprintSpeed,47,2
SPARK,SprintSpeed,48,2
SPARK,SprintSpeed,49,2
SPARK,SprintSpeed,50,2
SPARK,SprintSpeed,51,2
SPARK,SprintSpeed,52,2
SPARK,SprintSpeed,53,2
SPARK,SprintSpeed,54,2
SPARK,SprintSpeed,55,2
SPARK,SprintSpeed,56,2
SPARK,SprintSpeed,57,2
SPARK,SprintSpeed,58,2
SPARK,SprintSpeed,59,2
SPARK,SprintSpeed,60,3
SPARK,SprintSpeed,61,3
SPARK,SprintSpeed,62,3
SPARK,SprintSpeed,63,3
SPARK,SprintSpeed,64,4
SPARK,SprintSpeed,65,4
SPARK,SprintSpeed,66,4
SPARK,SprintSpeed,67,5
SPARK,SprintSpeed,68,5
SPARK,SprintSpeed,69,5
SPARK,SprintSpeed,70,6
SPARK,SprintSpeed,71,6
SPARK,SprintSpeed,72,6
SPARK,SprintSpeed,73,6
SPARK,SprintSpeed,74,6
SPARK,SprintSpeed,75,8
SPARK,SprintSpeed,76,8
SPARK,SprintSpeed,77,8
SPARK,SprintSpeed,78,8
SPARK,SprintSpeed,79,8
SPARK,SprintSpeed,80,10
SPARK,SprintSpeed,81,10
SPARK,SprintSpeed,82,10
SPARK,SprintSpeed,83,10
SPARK,SprintSpeed,84,10
SPARK,SprintSpeed,85,15
SPARK,SprintSpeed,86,15
SPARK,SprintSpeed,87,15
SPARK,SprintSpeed,88,15
SPARK,SprintSpeed,89,15
SPARK,SprintSpeed,90,20
SPARK,SprintSpeed,91,20
SPARK,SprintSpeed,92,20
SPARK,SprintSpeed,93,20
SPARK,SprintSpeed,94,20
SPARK,SprintSpeed,95,25
SPARK,SprintSpeed,96,30
SPARK,SprintSpeed,97,35
SPARK,SprintSpeed,98,40
SPARK,SprintSpeed,99,45
SPARK,AttackPositioning,40,1
SPARK,AttackPositioning,41,1
SPARK,AttackPositioning,42,1
SPARK,AttackPositioning,43,1
SPARK,AttackPositioning,44,1
SPARK,AttackPositioning,45,1
SPARK,AttackPositioning,46,1
SPARK,AttackPositioning,47,1
SPARK,AttackPositioning,48,1
SPARK,AttackPositioning,49,1
SPARK,AttackPositioning,50,1
SPARK,AttackPositioning,51,1
SPARK,AttackPositioning,52,1
SPARK,AttackPositioning,53,1
SPARK,AttackPositioning,54,1
SPARK,AttackPositioning,55,1
SPARK,AttackPositioning,56,1
SPARK,AttackPositioning,57,1
SPARK,AttackPositioning,58,1
SPARK,AttackPositioning,59,1
SPARK,AttackPositioning,60,1
SPARK,AttackPositioning,61,1
SPARK,AttackPositioning,62,1
SPARK,AttackPositioning,63,1
SPARK,AttackPositioning,64,2
SPARK,AttackPositioning,65,2
SPARK,AttackPositioning,66,2
SPARK,AttackPositioning,67,2
SPARK,AttackPositioning,68,2
SPARK,AttackPositioning,69,2
SPARK,AttackPositioning,70,3
SPARK,AttackPositioning,71,3
SPARK,AttackPositioning,72,3
SPARK,AttackPositioning,73,3
SPARK,AttackPositioning,74,3
SPARK,AttackPositioning,75,4
SPARK,AttackPositioning,76,4
SPARK,AttackPositioning,77,4
SPARK,AttackPositioning,78,4
SPARK,AttackPositioning,79,4
SPARK,AttackPositioning,80,5
SPARK,AttackPositioning,81,5
SPARK,AttackPositioning,82,5
SPARK,AttackPositioning,83,5
SPARK,AttackPositioning,84,5
SPARK,AttackPositioning,85,8
SPARK,AttackPositioning,86,8
SPARK,AttackPositioning,87,8
SPARK,AttackPositioning,88,8
SPARK,AttackPositioning,89,8
SPARK,AttackPositioning,90,11
SPARK,AttackPositioning,91,11
SPARK,AttackPositioning,92,11
SPARK,AttackPositioning,93,11
SPARK,AttackPositioning,94,11
SPARK,AttackPositioning,95,13
SPARK,AttackPositioning,96,16
SPARK,AttackPositioning,97,19
SPARK,AttackPositioning,98,22
SPARK,AttackPositioning,99,24
SPARK,Finishing,40,2
SPARK,Finishing,41,2
SPARK,Finishing,42,2
SPARK,Finishing,43,2
SPARK,Finishing,44,2
SPARK,Finishing,45,2
SPARK,Finishing,46,2
SPARK,Finishing,47,2
SPARK,Finishing,48,2
SPARK,Finishing,49,2
SPARK,Finishing,50,2
SPARK,Finishing,51,2
SPARK,Finishing,52,2
SPARK,Finishing,53,2
SPARK,Finishing,54,2
SPARK,Finishing,55,2
SPARK,Finishing,56,2
SPARK,Finishing,57,2
SPARK,Finishing,58,2
SPARK,Finishing,59,2
SPARK,Finishing,60,3
SPARK,Finishing,61,3
SPARK,Finishing,62,3
SPARK,Finishing,63,3
SPARK,Finishing,64,4
SPARK,Finishing,65,4
SPARK,Finishing,66,4
SPARK,Finishing,67,5
SPARK,Finishing,68,5
SPARK,Finishing,69,5
SPARK,Finishing,70,6
SPARK,Finishing,71,6
SPARK,Finishing,72,6
SPARK,Finishing,73,6
SPARK,Finishing,74,6
SPARK,Finishing,75,8
SPARK,Finishing,76,8
SPARK,Finishing,77,8
SPARK,Finishing,78,8
SPARK,Finishing,79,8
SPARK,Finishing,80,10
SPARK,Finishing,81,10
SPARK,Finishing,82,10
SPARK,Finishing,83,10
SPARK,Finishing,84,10
SPARK,Finishing,85,15
SPARK,Finishing,86,15
SPARK,Finishing,87,15
SPARK,Finishing,88,15
SPARK,Finishing,89,15
SPARK,Finishing,90,20
SPARK,Finishing,91,20
SPARK,Finishing,92,20
SPARK,Finishing,93,20
SPARK,Finishing,94,20
SPARK,Finishing,95,25
SPARK,Finishing,96,30
SPARK,Finishing,97,35
SPARK,Finishing,98,40
SPARK,Finishing,99,45
SPARK,ShotPower,40,1
SPARK,ShotPower,41,1
SPARK,ShotPower,42,1
SPARK,ShotPower,43,1
SPARK,ShotPower,44,1
SPARK,ShotPower,45,1
SPARK,ShotPower,46,1
SPARK,ShotPower,47,1
SPARK,ShotPower,48,1
SPARK,ShotPower,49,1
SPARK,ShotPower,50,1
SPARK,ShotPower,51,1
SPARK,ShotPower,52,1
SPARK,ShotPower,53,1
SPARK,ShotPower,54,1
SPARK,ShotPower,55,1
SPARK,ShotPower,56,1
SPARK,ShotPower,57,1
SPARK,ShotPower,58,1
SPARK,ShotPower,59,1
SPARK,ShotPower,60,2
SPARK,ShotPower,61,2
SPARK,ShotPower,62,2
SPARK,ShotPower,63,2
SPARK,ShotPower,64,3
SPARK,ShotPower,65,3
SPARK,ShotPower,66,3
SPARK,ShotPower,67,3
SPARK,ShotPower,68,3
SPARK,ShotPower,69,3
SPARK,ShotPower,70,4
SPARK,ShotPower,71,4
SPARK,ShotPower,72,4
SPARK,ShotPower,73,4
SPARK,ShotPower,74,4
SPARK,ShotPower,75,6
SPARK,ShotPower,76,6
SPARK,ShotPower,77,6
SPARK,ShotPower,78,6
SPARK,ShotPower,79,6
SPARK,ShotPower,80,7
SPARK,ShotPower,81,7
SPARK,ShotPower,82,7
SPARK,ShotPower,83,7
SPARK,ShotPower,84,7
SPARK,ShotPower,85,11
SPARK,ShotPower,86,11
SPARK,ShotPower,87,11
SPARK,ShotPower,88,11
SPARK,ShotPower,89,11
SPARK,ShotPower,90,15
SPARK,ShotPower,91,15
SPARK,ShotPower,92,15
SPARK,ShotPower,93,15
SPARK,ShotPower,94,15
SPARK,ShotPower,95,18
SPARK,ShotPower,96,22
SPARK,ShotPower,97,26
SPARK,ShotPower,98,30
SPARK,ShotPower,99,33
SPARK,LongShots,40,1
SPARK,LongShots,41,1
SPARK,LongShots,42,1
SPARK,LongShots,43,1
SPARK,LongShots,44,1
SPARK,LongShots,45,1
SPARK,LongShots,46,1
SPARK,LongShots,47,1
SPARK,LongShots,48,1
SPARK,LongShots,49,1
SPARK,LongShots,50,1
SPARK,LongShots,51,1
SPARK,LongShots,52,1
SPARK,LongShots,53,1
SPARK,LongShots,54,1
SPARK,LongShots,55,1
SPARK,LongShots,56,1
SPARK,LongShots,57,1
SPARK,LongShots,58,1
SPARK,LongShots,59,1
SPARK,LongShots,60,2
SPARK,LongShots,61,2
SPARK,LongShots,62,2
SPARK,LongShots,63,2
SPARK,LongShots,64,3
SPARK,LongShots,65,3
SPARK,LongShots,66,3
SPARK,LongShots,67,3
SPARK,LongShots,68,3
SPARK,LongShots,69,3
SPARK,LongShots,70,4
SPARK,LongShots,71,4
SPARK,LongShots,72,4
SPARK,LongShots,73,4
SPARK,LongShots,74,4
SPARK,LongShots,75,6
SPARK,LongShots,76,6
SPARK,LongShots,77,6
SPARK,LongShots,78,6
SPARK,LongShots,79,6
SPARK,LongShots,80,7
SPARK,LongShots,81,7
SPARK,LongShots,82,7
SPARK,LongShots,83,7
SPARK,LongShots,84,7
SPARK,LongShots,85,11
SPARK,LongShots,86,11
SPARK,LongShots,87,11
SPARK,LongShots,88,11
SPARK,LongShots,89,11
SPARK,LongShots,90,15
SPARK,LongShots,91,15
SPARK,LongShots,92,15
SPARK,LongShots,93,15
SPARK,LongShots,94,15
SPARK,LongShots,95,18
SPARK,LongShots,96,22
SPARK,LongShots,97,26
SPARK,LongShots,98,30
SPARK,LongShots,99,33
SPARK,Volleys,40,1
SPARK,Volleys,41,1
SPARK,Volleys,42,1
SPARK,Volleys,43,1
SPARK,Volleys,44,1
SPARK,Volleys,45,1
SPARK,Volleys,46,1
SPARK,Volleys,47,1
SPARK,Volleys,48,1
SPARK,Volleys,49,1
SPARK,Volleys,50,1
SPARK,Volleys,51,1
SPARK,Volleys,52,1
SPARK,Volleys,53,1
SPARK,Volleys,54,1
SPARK,Volleys,55,1
SPARK,Volleys,56,1
SPARK,Volleys,57,1
SPARK,Volleys,58,1
SPARK,Volleys,59,1
SPARK,Volleys,60,1
SPARK,Volleys,61,1
SPARK,Volleys,62,1
SPARK,Volleys,63,1
SPARK,Volleys,64,2
SPARK,Volleys,65,2
SPARK,Volleys,66,2
SPARK,Volleys,67,2
SPARK,Volleys,68,2
SPARK,Volleys,69,2
SPARK,Volleys,70,3
SPARK,Volleys,71,3
SPARK,Volleys,72,3
SPARK,Volleys,73,3
SPARK,Volleys,74,3
SPARK,Volleys,75,4
SPARK,Volleys,76,4
SPARK,Volleys,77,4
SPARK,Volleys,78,4
SPARK,Volleys,79,4
SPARK,Volleys,80,5
SPARK,Volleys,81,5
SPARK,Volleys,82,5
SPARK,Volleys,83,5
SPARK,Volleys,84,5
SPARK,Volleys,85,8
SPARK,Volleys,86,8
SPARK,Volleys,87,8
SPARK,Volleys,88,8
SPARK,Volleys,89,8
SPARK,Volleys,90,11
SPARK,Volleys,91,11
SPARK,Volleys,92,11
SPARK,Volleys,93,11
SPARK,Volleys,94,11
SPARK,Volleys,95,13
SPARK,Volleys,96,16
SPARK,Volleys,97,19
SPARK,Volleys,98,22
SPARK,Volleys,99,24
SPARK,Penalties,40,1
SPARK,Penalties,41,1
SPARK,Penalties,42,1
SPARK,Penalties,43,1
SPARK,Penalties,44,1
SPARK,Penalties,45,1
SPARK,Penalties,46,1
SPARK,Penalties,47,1
SPARK,Penalties,48,1
SPARK,Penalties,49,1
SPARK,Penalties,50,1
SPARK,Penalties,51,1
SPARK,Penalties,52,1
SPARK,Penalties,53,1
SPARK,Penalties,54,1
SPARK,Penalties,55,1
SPARK,Penalties,56,1
SPARK,Penalties,57,1
SPARK,Penalties,58,1
SPARK,Penalties,59,1
SPARK,Penalties,60,1
SPARK,Penalties,61,1
SPARK,Penalties,62,1
SPARK,Penalties,63,1
SPARK,Penalties,64,2
SPARK,Penalties,65,2
SPARK,Penalties,66,2
SPARK,Penalties,67,2
SPARK,Penalties,68,2
SPARK,Penalties,69,2
SPARK,Penalties,70,3
SPARK,Penalties,71,3
SPARK,Penalties,72,3
SPARK,Penalties,73,3
SPARK,Penalties,74,3
SPARK,Penalties,75,4
SPARK,Penalties,76,4
SPARK,Penalties,77,4
SPARK,Penalties,78,4
SPARK,Penalties,79,4
SPARK,Penalties,80,5
SPARK,Penalties,81,5
SPARK,Penalties,82,5
SPARK,Penalties,83,5
SPARK,Penalties,84,5
SPARK,Penalties,85,8
SPARK,Penalties,86,8
SPARK,Penalties,87,8
SPARK,Penalties,88,8
SPARK,Penalties,89,8
SPARK,Penalties,90,11
SPARK,Penalties,91,11
SPARK,Penalties,92,11
SPARK,Penalties,93,11
SPARK,Penalties,94,11
SPARK,Penalties,95,13
SPARK,Penalties,96,16
SPARK,Penalties,97,19
SPARK,Penalties,98,22
SPARK,Penalties,99,24
SPARK,Vision,40,1
SPARK,Vision,41,1
SPARK,Vision,42,1
SPARK,Vision,43,1
SPARK,Vision,44,1
SPARK,Vision,45,1
SPARK,Vision,46,1
SPARK,Vision,47,1
SPARK,Vision,48,1
SPARK,Vision,49,1
SPARK,Vision,50,1
SPARK,Vision,51,1
SPARK,Vision,52,1
SPARK,Vision,53,1
SPARK,Vision,54,1
SPARK,Vision,55,1
SPARK,Vision,56,1
SPARK,Vision,57,1
SPARK,Vision,58,1
SPARK,Vision,59,1
SPARK,Vision,60,2
SPARK,Vision,61,2
SPARK,Vision,62,2
SPARK,Vision,63,2
SPARK,Vision,64,3
SPARK,Vision,65,3
SPARK,Vision,66,3
SPARK,Vision,67,3
SPARK,Vision,68,3
SPARK,Vision,69,3
SPARK,Vision,70,4
SPARK,Vision,71,4
SPARK,Vision,72,4
SPARK,Vision,73,4
SPARK,Vision,74,4
SPARK,Vision,75,6
SPARK,Vision,76,6
SPARK,Vision,77,6
SPARK,Vision,78,6
SPARK,Vision,79,6
SPARK,Vision,80,7
SPARK,Vision,81,7
SPARK,Vision,82,7
SPARK,Vision,83,7
SPARK,Vision,84,7
SPARK,Vision,85,11
SPARK,Vision,86,11
SPARK,Vision,87,11
SPARK,Vision,88,11
SPARK,Vision,89,11
SPARK,Vision,90,15
SPARK,Vision,91,15
SPARK,Vision,92,15
SPARK,Vision,93,15
SPARK,Vision,94,15
SPARK,Vision,95,18
SPARK,Vision,96,22
SPARK,Vision,97,26
SPARK,Vision,98,30
SPARK,Vision,99,33
SPARK,Crossing,40,1
SPARK,Crossing,41,1
SPARK,Crossing,42,1
SPARK,Crossing,43,1
SPARK,Crossing,44,1
SPARK,Crossing,45,1
SPARK,Crossing,46,1
SPARK,Crossing,47,1
SPARK,Crossing,48,1
SPARK,Crossing,49,1
SPARK,Crossing,50,1
SPARK,Crossing,51,1
SPARK,Crossing,52,1
SPARK,Crossing,53,1
SPARK,Crossing,54,1
SPARK,Crossing,55,1
SPARK,Crossing,56,1
SPARK,Crossing,57,1
SPARK,Crossing,58,1
SPARK,Crossing,59,1
SPARK,Crossing,60,2
SPARK,Crossing,61,2
SPARK,Crossing,62,2
SPARK,Crossing,63,2
SPARK,Crossing,64,3
SPARK,Crossing,65,3
SPARK,Crossing,66,3
SPARK,Crossing,67,3
SPARK,Crossing,68,3
SPARK,Crossing,69,3
SPARK,Crossing,70,4
SPARK,Crossing,71,4
SPARK,Crossing,72,4
SPARK,Crossing,73,4
SPARK,Crossing,74,4
SPARK,Crossing,75,6
SPARK,Crossing,76,6
SPARK,Crossing,77,6
SPARK,Crossing,78,6
SPARK,Crossing,79,6
SPARK,Crossing,80,7
SPARK,Crossing,81,7
SPARK,Crossing,82,7
SPARK,Crossing,83,7
SPARK,Crossing,84,7
SPARK,Crossing,85,11
SPARK,Crossing,86,11
SPARK,Crossing,87,11
SPARK,Crossing,88,11
SPARK,Crossing,89,11
SPARK,Crossing,90,15
SPARK,Crossing,91,15
SPARK,Crossing,92,15
SPARK,Crossing,93,15
SPARK,Crossing,94,15
SPARK,Crossing,95,18
SPARK,Crossing,96,22
SPARK,Crossing,97,26
SPARK,Crossing,98,30
SPARK,Crossing,99,33
SPARK,FKAccuracy,40,1
SPARK,FKAccuracy,41,1
SPARK,FKAccuracy,42,1
SPARK,FKAccuracy,43,1
SPARK,FKAccuracy,44,1
SPARK,FKAccuracy,45,1
SPARK,FKAccuracy,46,1
SPARK,FKAccuracy,47,1
SPARK,FKAccuracy,48,1
SPARK,FKAccuracy,49,1
SPARK,FKAccuracy,50,1
SPARK,FKAccuracy,51,1
SPARK,FKAccuracy,52,1
SPARK,FKAccuracy,53,1
SPARK,FKAccuracy,54,1
SPARK,FKAccuracy,55,1
SPARK,FKAccuracy,56,1
SPARK,FKAccuracy,57,1
SPARK,FKAccuracy,58,1
SPARK,FKAccuracy,59,1
SPARK,FKAccuracy,60,1
SPARK,FKAccuracy,61,1
SPARK,FKAccuracy,62,1
SPARK,FKAccuracy,63,1
SPARK,FKAccuracy,64,2
SPARK,FKAccuracy,65,2
SPARK,FKAccuracy,66,2
SPARK,FKAccuracy,67,2
SPARK,FKAccuracy,68,2
SPARK,FKAccuracy,69,2
SPARK,FKAccuracy,70,3
SPARK,FKAccuracy,71,3
SPARK,FKAccuracy,72,3
SPARK,FKAccuracy,73,3
SPARK,FKAccuracy,74,3
SPARK,FKAccuracy,75,4
SPARK,FKAccuracy,76,4
SPARK,FKAccuracy,77,4
SPARK,FKAccuracy,78,4
SPARK,FKAccuracy,79,4
SPARK,FKAccuracy,80,5
SPARK,FKAccuracy,81,5
SPARK,FKAccuracy,82,5
SPARK,FKAccuracy,83,5
SPARK,FKAccuracy,84,5
SPARK,FKAccuracy,85,8
SPARK,FKAccuracy,86,8
SPARK,FKAccuracy,87,8
SPARK,FKAccuracy,88,8
SPARK,FKAccuracy,89,8
SPARK,FKAccuracy,90,11
SPARK,FKAccuracy,91,11
SPARK,FKAccuracy,92,11
SPARK,FKAccuracy,93,11
SPARK,FKAccuracy,94,11
SPARK,FKAccuracy,95,13
SPARK,FKAccuracy,96,16
SPARK,FKAccuracy,97,19
SPARK,FKAccuracy,98,22
SPARK,FKAccuracy,99,24
SPARK,ShortPassing,40,2
SPARK,ShortPassing,41,2
SPARK,ShortPassing,42,2
SPARK,ShortPassing,43,2
SPARK,ShortPassing,44,2
SPARK,ShortPassing,45,2
SPARK,ShortPassing,46,2
SPARK,ShortPassing,47,2
SPARK,ShortPassing,48,2
SPARK,ShortPassing,49,2
SPARK,ShortPassing,50,2
SPARK,ShortPassing,51,2
SPARK,ShortPassing,52,2
SPARK,ShortPassing,53,2
SPARK,ShortPassing,54,2
SPARK,ShortPassing,55,2
SPARK,ShortPassing,56,2
SPARK,ShortPassing,57,2
SPARK,ShortPassing,58,2
SPARK,ShortPassing,59,2
SPARK,ShortPassing,60,3
SPARK,ShortPassing,61,3
SPARK,ShortPassing,62,3
SPARK,ShortPassing,63,3
SPARK,ShortPassing,64,4
SPARK,ShortPassing,65,4
SPARK,ShortPassing,66,4
SPARK,ShortPassing,67,5
SPARK,ShortPassing,68,5
SPARK,ShortPassing,69,5
SPARK,ShortPassing,70,6
SPARK,ShortPassing,71,6
SPARK,ShortPassing,72,6
SPARK,ShortPassing,73,6
SPARK,ShortPassing,74,6
SPARK,ShortPassing,75,8
SPARK,ShortPassing,76,8
SPARK,ShortPassing,77,8
SPARK,ShortPassing,78,8
SPARK,ShortPassing,79,8
SPARK,ShortPassing,80,10
SPARK,ShortPassing,81,10
SPARK,ShortPassing,82,10
SPARK,ShortPassing,83,10
SPARK,ShortPassing,84,10
SPARK,ShortPassing,85,15
SPARK,ShortPassing,86,15
SPARK,ShortPassing,87,15
SPARK,ShortPassing,88,15
SPARK,ShortPassing,89,15
SPARK,ShortPassing,90,20
SPARK,ShortPassing,91,20
SPARK,ShortPassing,92,20
SPARK,ShortPassing,93,20
SPARK,ShortPassing,94,20
SPARK,ShortPassing,95,25
SPARK,ShortPassing,96,30
SPARK,ShortPassing,97,35
SPARK,ShortPassing,98,40
SPARK,ShortPassing,99,45
SPARK,LongPassing,40,1
SPARK,LongPassing,41,1
SPARK,LongPassing,42,1
SPARK,LongPassing,43,1
SPARK,LongPassing,44,1
SPARK,LongPassing,45,1
SPARK,LongPassing,46,1
SPARK,LongPassing,47,1
SPARK,LongPassing,48,1
SPARK,LongPassing,49,1
SPARK,LongPassing,50,1
SPARK,LongPassing,51,1
SPARK,LongPassing,52,1
SPARK,LongPassing,53,1
SPARK,LongPassing,54,1
SPARK,LongPassing,55,1
SPARK,LongPassing,56,1
SPARK,LongPassing,57,1
SPARK,LongPassing,58,1
SPARK,LongPassing,59,1
SPARK,LongPassing,60,2
SPARK,LongPassing,61,2
SPARK,LongPassing,62,2
SPARK,LongPassing,63,2
SPARK,LongPassing,64,3
SPARK,LongPassing,65,3
SPARK,LongPassing,66,3
SPARK,LongPassing,67,3
SPARK,LongPassing,68,3
SPARK,LongPassing,69,3
SPARK,LongPassing,70,4
SPARK,LongPassing,71,4
SPARK,LongPassing,72,4
SPARK,LongPassing,73,4
SPARK,LongPassing,74,4
SPARK,LongPassing,75,6
SPARK,LongPassing,76,6
SPARK,LongPassing,77,6
SPARK,LongPassing,78,6
SPARK,LongPassing,79,6
SPARK,LongPassing,80,7
SPARK,LongPassing,81,7
SPARK,LongPassing,82,7
SPARK,LongPassing,83,7
SPARK,LongPassing,84,7
SPARK,LongPassing,85,11
SPARK,LongPassing,86,11
SPARK,LongPassing,87,11
SPARK,LongPassing,88,11
SPARK,LongPassing,89,11
SPARK,LongPassing,90,15
SPARK,LongPassing,91,15
SPARK,LongPassing,92,15
SPARK,LongPassing,93,15
SPARK,LongPassing,94,15
SPARK,LongPassing,95,18
SPARK,LongPassing,96,22
SPARK,LongPassing,97,26
SPARK,LongPassing,98,30
SPARK,LongPassing,99,33
SPARK,Curve,40,1
SPARK,Curve,41,1
SPARK,Curve,42,1
SPARK,Curve,43,1
SPARK,Curve,44,1
SPARK,Curve,45,1
SPARK,Curve,46,1
SPARK,Curve,47,1
SPARK,Curve,48,1
SPARK,Curve,49,1
SPARK,Curve,50,1
SPARK,Curve,51,1
SPARK,Curve,52,1
SPARK,Curve,53,1
SPARK,Curve,54,1
SPARK,Curve,55,1
SPARK,Curve,56,1
SPARK,Curve,57,1
SPARK,Curve,58,1
SPARK,Curve,59,1
SPARK,Curve,60,1
SPARK,Curve,61,1
SPARK,Curve,62,1
SPARK,Curve,63,1
SPARK,Curve,64,2
SPARK,Curve,65,2
SPARK,Curve,66,2
SPARK,Curve,67,2
SPARK,Curve,68,2
SPARK,Curve,69,2
SPARK,Curve,70,3
SPARK,Curve,71,3
SPARK,Curve,72,3
SPARK,Curve,73,3
SPARK,Curve,74,3
SPARK,Curve,75,4
SPARK,Curve,76,4
SPARK,Curve,77,4
SPARK,Curve,78,4
SPARK,Curve,79,4
SPARK,Curve,80,5
SPARK,Curve,81,5
SPARK,Curve,82,5
SPARK,Curve,83,5
SPARK,Curve,84,5
SPARK,Curve,85,8
SPARK,Curve,86,8
SPARK,Curve,87,8
SPARK,Curve,88,8
SPARK,Curve,89,8
SPARK,Curve,90,11
SPARK,Curve,91,11
SPARK,Curve,92,11
SPARK,Curve,93,11
SPARK,Curve,94,11
SPARK,Curve,95,13
SPARK,Curve,96,16
SPARK,Curve,97,19
SPARK,Curve,98,22
SPARK,Curve,99,24
SPARK,Agility,40,1
SPARK,Agility,41,1
SPARK,Agility,42,1
SPARK,Agility,43,1
SPARK,Agility,44,1
SPARK,Agility,45,1
SPARK,Agility,46,1
SPARK,Agility,47,1
SPARK,Agility,48,1
SPARK,Agility,49,1
SPARK,Agility,50,1
SPARK,Agility,51,1
SPARK,Agility,52,1
SPARK,Agility,53,1
SPARK,Agility,54,1
SPARK,Agility,55,1
SPARK,Agility,56,1
SPARK,Agility,57,1
SPARK,Agility,58,1
SPARK,Agility,59,1
SPARK,Agility,60,2
SPARK,Agility,61,2
SPARK,Agility,62,2
SPARK,Agility,63,2
SPARK,Agility,64,3
SPARK,Agility,65,3
SPARK,Agility,66,3
SPARK,Agility,67,3
SPARK,Agility,68,3
SPARK,Agility,69,3
SPARK,Agility,70,4
SPARK,Agility,71,4
SPARK,Agility,72,4
SPARK,Agility,73,4
SPARK,Agility,74,4
SPARK,Agility,75,6
SPARK,Agility,76,6
SPARK,Agility,77,6
SPARK,Agility,78,6
SPARK,Agility,79,6
SPARK,Agility,80,7
SPARK,Agility,81,7
SPARK,Agility,82,7
SPARK,Agility,83,7
SPARK,Agility,84,7
SPARK,Agility,85,11
SPARK,Agility,86,11
SPARK,Agility,87,11
SPARK,Agility,88,11
SPARK,Agility,89,11
SPARK,Agility,90,15
SPARK,Agility,91,15
SPARK,Agility,92,15
SPARK,Agility,93,15
SPARK,Agility,94,15
SPARK,Agility,95,18
SPARK,Agility,96,22
SPARK,Agility,97,26
SPARK,Agility,98,30
SPARK,Agility,99,33
SPARK,Balance,40,1
SPARK,Balance,41,1
SPARK,Balance,42,1
SPARK,Balance,43,1
SPARK,Balance,44,1
SPARK,Balance,45,1
SPARK,Balance,46,1
SPARK,Balance,47,1
SPARK,Balance,48,1
SPARK,Balance,49,1
SPARK,Balance,50,1
SPARK,Balance,51,1
SPARK,Balance,52,1
SPARK,Balance,53,1
SPARK,Balance,54,1
SPARK,Balance,55,1
SPARK,Balance,56,1
SPARK,Balance,57,1
SPARK,Balance,58,1
SPARK,Balance,59,1
SPARK,Balance,60,2
SPARK,Balance,61,2
SPARK,Balance,62,2
SPARK,Balance,63,2
SPARK,Balance,64,3
SPARK,Balance,65,3
SPARK,Balance,66,3
SPARK,Balance,67,3
SPARK,Balance,68,3
SPARK,Balance,69,3
SPARK,Balance,70,4
SPARK,Balance,71,4
SPARK,Balance,72,4
SPARK,Balance,73,4
SPARK,Balance,74,4
SPARK,Balance,75,6
SPARK,Balance,76,6
SPARK,Balance,77,6
SPARK,Balance,78,6
SPARK,Balance,79,6
SPARK,Balance,80,7
SPARK,Balance,81,7
SPARK,Balance,82,7
SPARK,Balance,83,7
SPARK,Balance,84,7
SPARK,Balance,85,11
SPARK,Balance,86,11
SPARK,Balance,87,11
SPARK,Balance,88,11
SPARK,Balance,89,11
SPARK,Balance,90,15
SPARK,Balance,91,15
SPARK,Balance,92,15
SPARK,Balance,93,15
SPARK,Balance,94,15
SPARK,Balance,95,18
SPARK,Balance,96,22
SPARK,Balance,97,26
SPARK,Balance,98,30
SPARK,Balance,99,33
SPARK,Reactions,40,1
SPARK,Reactions,41,1
SPARK,Reactions,42,1
SPARK,Reactions,43,1
SPARK,Reactions,44,1
SPARK,Reactions,45,1
SPARK,Reactions,46,1
SPARK,Reactions,47,1
SPARK,Reactions,48,1
SPARK,Reactions,49,1
SPARK,Reactions,50,1
SPARK,Reactions,51,1
SPARK,Reactions,52,1
SPARK,Reactions,53,1
SPARK,Reactions,54,1
SPARK,Reactions,55,1
SPARK,Reactions,56,1
SPARK,Reactions,57,1
SPARK,Reactions,58,1
SPARK,Reactions,59,1
SPARK,Reactions,60,1
SPARK,Reactions,61,1
SPARK,Reactions,62,1
SPARK,Reactions,63,1
SPARK,Reactions,64,2
SPARK,Reactions,65,2
SPARK,Reactions,66,2
SPARK,Reactions,67,2
SPARK,Reactions,68,2
SPARK,Reactions,69,2
SPARK,Reactions,70,3
SPARK,Reactions,71,3
SPARK,Reactions,72,3
SPARK,Reactions,73,3
SPARK,Reactions,74,3
SPARK,Reactions,75,4
SPARK,Reactions,76,4
SPARK,Reactions,77,4
SPARK,Reactions,78,4
SPARK,Reactions,79,4
SPARK,Reactions,80,5
SPARK,Reactions,81,5
SPARK,Reactions,82,5
SPARK,Reactions,83,5
SPARK,Reactions,84,5
SPARK,Reactions,85,8
SPARK,Reactions,86,8
SPARK,Reactions,87,8
SPARK,Reactions,88,8
SPARK,Reactions,89,8
SPARK,Reactions,90,11
SPARK,Reactions,91,11
SPARK,Reactions,92,11
SPARK,Reactions,93,11
SPARK,Reactions,94,11
SPARK,Reactions,95,13
SPARK,Reactions,96,16
SPARK,Reactions,97,19
SPARK,Reactions,98,22
SPARK,Reactions,99,24
SPARK,BallControl,40,1
SPARK,BallControl,41,1
SPARK,BallControl,42,1
SPARK,BallControl,43,1
SPARK,BallControl,44,1
SPARK,BallControl,45,1
SPARK,BallControl,46,1
SPARK,BallControl,47,1
SPARK,BallControl,48,1
SPARK,BallControl,49,1
SPARK,BallControl,50,1
SPARK,BallControl,51,1
SPARK,BallControl,52,1
SPARK,BallControl,53,1
SPARK,BallControl,54,1
SPARK,BallControl,55,1
SPARK,BallControl,56,1
SPARK,BallControl,57,1
SPARK,BallControl,58,1
SPARK,BallControl,59,1
SPARK,BallControl,60,1
SPARK,BallControl,61,1
SPARK,BallControl,62,1
SPARK,BallControl,63,1
SPARK,BallControl,64,2
SPARK,BallControl,65,2
SPARK,BallControl,66,2
SPARK,BallControl,67,2
SPARK,BallControl,68,2
SPARK,BallControl,69,2
SPARK,BallControl,70,3
SPARK,BallControl,71,3
SPARK,BallControl,72,3
SPARK,BallControl,73,3
SPARK,BallControl,74,3
SPARK,BallControl,75,4
SPARK,BallControl,76,4
SPARK,BallControl,77,4
SPARK,BallControl,78,4
SPARK,BallControl,79,4
SPARK,BallControl,80,5
SPARK,BallControl,81,5
SPARK,BallControl,82,5
SPARK,BallControl,83,5
SPARK,BallControl,84,5
SPARK,BallControl,85,8
SPARK,BallControl,86,8
SPARK,BallControl,87,8
SPARK,BallControl,88,8
SPARK,BallControl,89,8
SPARK,BallControl,90,11
SPARK,BallControl,91,11
SPARK,BallControl,92,11
SPARK,BallControl,93,11
SPARK,BallControl,94,11
SPARK,BallControl,95,13
SPARK,BallControl,96,16
SPARK,BallControl,97,19
SPARK,BallControl,98,22
SPARK,BallControl,99,24
SPARK,Dribbling,40,1
SPARK,Dribbling,41,1
SPARK,Dribbling,42,1
SPARK,Dribbling,43,1
SPARK,Dribbling,44,1
SPARK,Dribbling,45,1
SPARK,Dribbling,46,1
SPARK,Dribbling,47,1
SPARK,Dribbling,48,1
SPARK,Dribbling,49,1
SPARK,Dribbling,50,1
SPARK,Dribbling,51,1
SPARK,Dribbling,52,1
SPARK,Dribbling,53,1
SPARK,Dribbling,54,1
SPARK,Dribbling,55,1
SPARK,Dribbling,56,1
SPARK,Dribbling,57,1
SPARK,Dribbling,58,1
SPARK,Dribbling,59,1
SPARK,Dribbling,60,2
SPARK,Dribbling,61,2
SPARK,Dribbling,62,2
SPARK,Dribbling,63,2
SPARK,Dribbling,64,3
SPARK,Dribbling,65,3
SPARK,Dribbling,66,3
SPARK,Dribbling,67,3
SPARK,Dribbling,68,3
SPARK,Dribbling,69,3
SPARK,Dribbling,70,4
SPARK,Dribbling,71,4
SPARK,Dribbling,72,4
SPARK,Dribbling,73,4
SPARK,Dribbling,74,4
SPARK,Dribbling,75,6
SPARK,Dribbling,76,6
SPARK,Dribbling,77,6
SPARK,Dribbling,78,6
SPARK,Dribbling,79,6
SPARK,Dribbling,80,7
SPARK,Dribbling,81,7
SPARK,Dribbling,82,7
SPARK,Dribbling,83,7
SPARK,Dribbling,84,7
SPARK,Dribbling,85,11
SPARK,Dribbling,86,11
SPARK,Dribbling,87,11
SPARK,Dribbling,88,11
SPARK,Dribbling,89,11
SPARK,Dribbling,90,15
SPARK,Dribbling,91,15
SPARK,Dribbling,92,15
SPARK,Dribbling,93,15
SPARK,Dribbling,94,15
SPARK,Dribbling,95,18
SPARK,Dribbling,96,22
SPARK,Dribbling,97,26
SPARK,Dribbling,98,30
SPARK,Dribbling,99,33
SPARK,Composure,40,1
SPARK,Composure,41,1
SPARK,Composure,42,1
SPARK,Composure,43,1
SPARK,Composure,44,1
SPARK,Composure,45,1
SPARK,Composure,46,1
SPARK,Composure,47,1
SPARK,Composure,48,1
SPARK,Composure,49,1
SPARK,Composure,50,1
SPARK,Composure,51,1
SPARK,Composure,52,1
SPARK,Composure,53,1
SPARK,Composure,54,1
SPARK,Composure,55,1
SPARK,Composure,56,1
SPARK,Composure,57,1
SPARK,Composure,58,1
SPARK,Composure,59,1
SPARK,Composure,60,2
SPARK,Composure,61,2
SPARK,Composure,62,2
SPARK,Composure,63,2
SPARK,Composure,64,3
SPARK,Composure,65,3
SPARK,Composure,66,3
SPARK,Composure,67,3
SPARK,Composure,68,3
SPARK,Composure,69,3
SPARK,Composure,70,4
SPARK,Composure,71,4
SPARK,Composure,72,4
SPARK,Composure,73,4
SPARK,Composure,74,4
SPARK,Composure,75,6
SPARK,Composure,76,6
SPARK,Composure,77,6
SPARK,Composure,78,6
SPARK,Composure,79,6
SPARK,Composure,80,7
SPARK,Composure,81,7
SPARK,Composure,82,7
SPARK,Composure,83,7
SPARK,Composure,84,7
SPARK,Composure,85,11
SPARK,Composure,86,11
SPARK,Composure,87,11
SPARK,Composure,88,11
SPARK,Composure,89,11
SPARK,Composure,90,15
SPARK,Composure,91,15
SPARK,Composure,92,15
SPARK,Composure,93,15
SPARK,Composure,94,15
SPARK,Composure,95,18
SPARK,Composure,96,22
SPARK,Composure,97,26
SPARK,Composure,98,30
SPARK,Composure,99,33
SPARK,Interceptions,40,2
SPARK,Interceptions,41,2
SPARK,Interceptions,42,2
SPARK,Interceptions,43,2
SPARK,Interceptions,44,2
SPARK,Interceptions,45,2
SPARK,Interceptions,46,2
SPARK,Interceptions,47,2
SPARK,Interceptions,48,2
SPARK,Interceptions,49,2
SPARK,Interceptions,50,2
SPARK,Interceptions,51,2
SPARK,Interceptions,52,2
SPARK,Interceptions,53,2
SPARK,Interceptions,54,2
SPARK,Interceptions,55,2
SPARK,Interceptions,56,2
SPARK,Interceptions,57,2
SPARK,Interceptions,58,2
SPARK,Interceptions,59,2
SPARK,Interceptions,60,3
SPARK,Interceptions,61,3
SPARK,Interceptions,62,3
SPARK,Interceptions,63,3
SPARK,Interceptions,64,4
SPARK,Interceptions,65,4
SPARK,Interceptions,66,4
SPARK,Interceptions,67,5
SPARK,Interceptions,68,5
SPARK,Interceptions,69,5
SPARK,Interceptions,70,6
SPARK,Interceptions,71,6
SPARK,Interceptions,72,6
SPARK,Interceptions,73,6
SPARK,Interceptions,74,6
SPARK,Interceptions,75,8
SPARK,Interceptions,76,8
SPARK,Interceptions,77,8
SPARK,Interceptions,78,8
SPARK,Interceptions,79,8
SPARK,Interceptions,80,10
SPARK,Interceptions,81,10
SPARK,Interceptions,82,10
SPARK,Interceptions,83,10
SPARK,Interceptions,84,10
SPARK,Interceptions,85,15
SPARK,Interceptions,86,15
SPARK,Interceptions,87,15
SPARK,Interceptions,88,15
SPARK,Interceptions,89,15
SPARK,Interceptions,90,20
SPARK,Interceptions,91,20
SPARK,Interceptions,92,20
SPARK,Interceptions,93,20
SPARK,Interceptions,94,20
SPARK,Interceptions,95,25
SPARK,Interceptions,96,30
SPARK,Interceptions,97,35
SPARK,Interceptions,98,40
SPARK,Interceptions,99,45
SPARK,Heading Accuracy,40,1
SPARK,Heading Accuracy,41,1
SPARK,Heading Accuracy,42,1
SPARK,Heading Accuracy,43,1
SPARK,Heading Accuracy,44,1
SPARK,Heading Accuracy,45,1
SPARK,Heading Accuracy,46,1
SPARK,Heading Accuracy,47,1
SPARK,Heading Accuracy,48,1
SPARK,Heading Accuracy,49,1
SPARK,Heading Accuracy,50,1
SPARK,Heading Accuracy,51,1
SPARK,Heading Accuracy,52,1
SPARK,Heading Accuracy,53,1
SPARK,Heading Accuracy,54,1
SPARK,Heading Accuracy,55,1
SPARK,Heading Accuracy,56,1
SPARK,Heading Accuracy,57,1
SPARK,Heading Accuracy,58,1
SPARK,Heading Accuracy,59,1
SPARK,Heading Accuracy,60,2
SPARK,Heading Accuracy,61,2
SPARK,Heading Accuracy,62,2
SPARK,Heading Accuracy,63,2
SPARK,Heading Accuracy,64,3
SPARK,Heading Accuracy,65,3
SPARK,Heading Accuracy,66,3
SPARK,Heading Accuracy,67,3
SPARK,Heading Accuracy,68,3
SPARK,Heading Accuracy,69,3
SPARK,Heading Accuracy,70,4
SPARK,Heading Accuracy,71,4
SPARK,Heading Accuracy,72,4
SPARK,Heading Accuracy,73,4
SPARK,Heading Accuracy,74,4
SPARK,Heading Accuracy,75,6
SPARK,Heading Accuracy,76,6
SPARK,Heading Accuracy,77,6
SPARK,Heading Accuracy,78,6
SPARK,Heading Accuracy,79,6
SPARK,Heading Accuracy,80,7
SPARK,Heading Accuracy,81,7
SPARK,Heading Accuracy,82,7
SPARK,Heading Accuracy,83,7
SPARK,Heading Accuracy,84,7
SPARK,Heading Accuracy,85,11
SPARK,Heading Accuracy,86,11
SPARK,Heading Accuracy,87,11
SPARK,Heading Accuracy,88,11
SPARK,Heading Accuracy,89,11
SPARK,Heading Accuracy,90,15
SPARK,Heading Accuracy,91,15
SPARK,Heading Accuracy,92,15
SPARK,Heading Accuracy,93,15
SPARK,Heading Accuracy,94,15
SPARK,Heading Accuracy,95,18
SPARK,Heading Accuracy,96,22
SPARK,Heading Accuracy,97,26
SPARK,Heading Accuracy,98,30
SPARK,Heading Accuracy,99,33
SPARK,DefAwareness,40,1
SPARK,DefAwareness,41,1
SPARK,DefAwareness,42,1
SPARK,DefAwareness,43,1
SPARK,DefAwareness,44,1
SPARK,DefAwareness,45,1
SPARK,DefAwareness,46,1
SPARK,DefAwareness,47,1
SPARK,DefAwareness,48,1
SPARK,DefAwareness,49,1
SPARK,DefAwareness,50,1
SPARK,DefAwareness,51,1
SPARK,DefAwareness,52,1
SPARK,DefAwareness,53,1
SPARK,DefAwareness,54,1
SPARK,DefAwareness,55,1
SPARK,DefAwareness,56,1
SPARK,DefAwareness,57,1
SPARK,DefAwareness,58,1
SPARK,DefAwareness,59,1
SPARK,DefAwareness,60,2
SPARK,DefAwareness,61,2
SPARK,DefAwareness,62,2
SPARK,DefAwareness,63,2
SPARK,DefAwareness,64,3
SPARK,DefAwareness,65,3
SPARK,DefAwareness,66,3
SPARK,DefAwareness,67,3
SPARK,DefAwareness,68,3
SPARK,DefAwareness,69,3
SPARK,DefAwareness,70,4
SPARK,DefAwareness,71,4
SPARK,DefAwareness,72,4
SPARK,DefAwareness,73,4
SPARK,DefAwareness,74,4
SPARK,DefAwareness,75,6
SPARK,DefAwareness,76,6
SPARK,DefAwareness,77,6
SPARK,DefAwareness,78,6
SPARK,DefAwareness,79,6
SPARK,DefAwareness,80,7
SPARK,DefAwareness,81,7
SPARK,DefAwareness,82,7
SPARK,DefAwareness,83,7
SPARK,DefAwareness,84,7
SPARK,DefAwareness,85,11
SPARK,DefAwareness,86,11
SPARK,DefAwareness,87,11
SPARK,DefAwareness,88,11
SPARK,DefAwareness,89,11
SPARK,DefAwareness,90,15
SPARK,DefAwareness,91,15
SPARK,DefAwareness,92,15
SPARK,DefAwareness,93,15
SPARK,DefAwareness,94,15
SPARK,DefAwareness,95,18
SPARK,DefAwareness,96,22
SPARK,DefAwareness,97,26
SPARK,DefAwareness,98,30
SPARK,DefAwareness,99,33
SPARK,StandingTackle,40,2
SPARK,StandingTackle,41,2
SPARK,StandingTackle,42,2
SPARK,StandingTackle,43,2
SPARK,StandingTackle,44,2
SPARK,StandingTackle,45,2
SPARK,StandingTackle,46,2
SPARK,StandingTackle,47,2
SPARK,StandingTackle,48,2
SPARK,StandingTackle,49,2
SPARK,StandingTackle,50,2
SPARK,StandingTackle,51,2
SPARK,StandingTackle,52,2
SPARK,StandingTackle,53,2
SPARK,StandingTackle,54,2
SPARK,StandingTackle,55,2
SPARK,StandingTackle,56,2
SPARK,StandingTackle,57,2
SPARK,StandingTackle,58,2
SPARK,StandingTackle,59,2
SPARK,StandingTackle,60,3
SPARK,StandingTackle,61,3
SPARK,StandingTackle,62,3
SPARK,StandingTackle,63,3
SPARK,StandingTackle,64,4
SPARK,StandingTackle,65,4
SPARK,StandingTackle,66,4
SPARK,StandingTackle,67,5
SPARK,StandingTackle,68,5
SPARK,StandingTackle,69,5
SPARK,StandingTackle,70,6
SPARK,StandingTackle,71,6
SPARK,StandingTackle,72,6
SPARK,StandingTackle,73,6
SPARK,StandingTackle,74,6
SPARK,StandingTackle,75,8
SPARK,StandingTackle,76,8
SPARK,StandingTackle,77,8
SPARK,StandingTackle,78,8
SPARK,StandingTackle,79,8
SPARK,StandingTackle,80,10
SPARK,StandingTackle,81,10
SPARK,StandingTackle,82,10
SPARK,StandingTackle,83,10
SPARK,StandingTackle,84,10
SPARK,StandingTackle,85,15
SPARK,StandingTackle,86,15
SPARK,StandingTackle,87,15
SPARK,StandingTackle,88,15
SPARK,StandingTackle,89,15
SPARK,StandingTackle,90,20
SPARK,StandingTackle,91,20
SPARK,StandingTackle,92,20
SPARK,StandingTackle,93,20
SPARK,StandingTackle,94,20
SPARK,StandingTackle,95,25
SPARK,StandingTackle,96,30
SPARK,StandingTackle,97,35
SPARK,StandingTackle,98,40
SPARK,StandingTackle,99,45
SPARK,SlidingTackle,40,1
SPARK,SlidingTackle,41,1
SPARK,SlidingTackle,42,1
SPARK,SlidingTackle,43,1
SPARK,SlidingTackle,44,1
SPARK,SlidingTackle,45,1
SPARK,SlidingTackle,46,1
SPARK,SlidingTackle,47,1
SPARK,SlidingTackle,48,1
SPARK,SlidingTackle,49,1
SPARK,SlidingTackle,50,1
SPARK,SlidingTackle,51,1
SPARK,SlidingTackle,52,1
SPARK,SlidingTackle,53,1
SPARK,SlidingTackle,54,1
SPARK,SlidingTackle,55,1
SPARK,SlidingTackle,56,1
SPARK,SlidingTackle,57,1
SPARK,SlidingTackle,58,1
SPARK,SlidingTackle,59,1
SPARK,SlidingTackle,60,2
SPARK,SlidingTackle,61,2
SPARK,SlidingTackle,62,2
SPARK,SlidingTackle,63,2
SPARK,SlidingTackle,64,3
SPARK,SlidingTackle,65,3
SPARK,SlidingTackle,66,3
SPARK,SlidingTackle,67,3
SPARK,SlidingTackle,68,3
SPARK,SlidingTackle,69,3
SPARK,SlidingTackle,70,4
SPARK,SlidingTackle,71,4
SPARK,SlidingTackle,72,4
SPARK,SlidingTackle,73,4
SPARK,SlidingTackle,74,4
SPARK,SlidingTackle,75,6
SPARK,SlidingTackle,76,6
SPARK,SlidingTackle,77,6
SPARK,SlidingTackle,78,6
SPARK,SlidingTackle,79,6
SPARK,SlidingTackle,80,7
SPARK,SlidingTackle,81,7
SPARK,SlidingTackle,82,7
SPARK,SlidingTackle,83,7
SPARK,SlidingTackle,84,7
SPARK,SlidingTackle,85,11
SPARK,SlidingTackle,86,11
SPARK,SlidingTackle,87,11
SPARK,SlidingTackle,88,11
SPARK,SlidingTackle,89,11
SPARK,SlidingTackle,90,15
SPARK,SlidingTackle,91,15
SPARK,SlidingTackle,92,15
SPARK,SlidingTackle,93,15
SPARK,SlidingTackle,94,15
SPARK,SlidingTackle,95,18
SPARK,SlidingTackle,96,22
SPARK,SlidingTackle,97,26
SPARK,SlidingTackle,98,30
SPARK,SlidingTackle,99,33
SPARK,Jumping,40,1
SPARK,Jumping,41,1
SPARK,Jumping,42,1
SPARK,Jumping,43,1
SPARK,Jumping,44,1
SPARK,Jumping,45,1
SPARK,Jumping,46,1
SPARK,Jumping,47,1
SPARK,Jumping,48,1
SPARK,Jumping,49,1
SPARK,Jumping,50,1
SPARK,Jumping,51,1
SPARK,Jumping,52,1
SPARK,Jumping,53,1
SPARK,Jumping,54,1
SPARK,Jumping,55,1
SPARK,Jumping,56,1
SPARK,Jumping,57,1
SPARK,Jumping,58,1
SPARK,Jumping,59,1
SPARK,Jumping,60,1
SPARK,Jumping,61,1
SPARK,Jumping,62,1
SPARK,Jumping,63,1
SPARK,Jumping,64,2
SPARK,Jumping,65,2
SPARK,Jumping,66,2
SPARK,Jumping,67,2
SPARK,Jumping,68,2
SPARK,Jumping,69,2
SPARK,Jumping,70,3
SPARK,Jumping,71,3
SPARK,Jumping,72,3
SPARK,Jumping,73,3
SPARK,Jumping,74,3
SPARK,Jumping,75,4
SPARK,Jumping,76,4
SPARK,Jumping,77,4
SPARK,Jumping,78,4
SPARK,Jumping,79,4
SPARK,Jumping,80,5
SPARK,Jumping,81,5
SPARK,Jumping,82,5
SPARK,Jumping,83,5
SPARK,Jumping,84,5
SPARK,Jumping,85,8
SPARK,Jumping,86,8
SPARK,Jumping,87,8
SPARK,Jumping,88,8
SPARK,Jumping,89,8
SPARK,Jumping,90,11
SPARK,Jumping,91,11
SPARK,Jumping,92,11
SPARK,Jumping,93,11
SPARK,Jumping,94,11
SPARK,Jumping,95,13
SPARK,Jumping,96,16
SPARK,Jumping,97,19
SPARK,Jumping,98,22
SPARK,Jumping,99,24
SPARK,Stamina,40,1
SPARK,Stamina,41,1
SPARK,Stamina,42,1
SPARK,Stamina,43,1
SPARK,Stamina,44,1
SPARK,Stamina,45,1
SPARK,Stamina,46,1
SPARK,Stamina,47,1
SPARK,Stamina,48,1
SPARK,Stamina,49,1
SPARK,Stamina,50,1
SPARK,Stamina,51,1
SPARK,Stamina,52,1
SPARK,Stamina,53,1
SPARK,Stamina,54,1
SPARK,Stamina,55,1
SPARK,Stamina,56,1
SPARK,Stamina,57,1
SPARK,Stamina,58,1
SPARK,Stamina,59,1
SPARK,Stamina,60,1
SPARK,Stamina,61,1
SPARK,Stamina,62,1
SPARK,Stamina,63,1
SPARK,Stamina,64,2
SPARK,Stamina,65,2
SPARK,Stamina,66,2
SPARK,Stamina,67,2
SPARK,Stamina,68,2
SPARK,Stamina,69,2
SPARK,Stamina,70,3
SPARK,Stamina,71,3
SPARK,Stamina,72,3
SPARK,Stamina,73,3
SPARK,Stamina,74,3
SPARK,Stamina,75,4
SPARK,Stamina,76,4
SPARK,Stamina,77,4
SPARK,Stamina,78,4
SPARK,Stamina,79,4
SPARK,Stamina,80,5
SPARK,Stamina,81,5
SPARK,Stamina,82,5
SPARK,Stamina,83,5
SPARK,Stamina,84,5
SPARK,Stamina,85,8
SPARK,Stamina,86,8
SPARK,Stamina,87,8
SPARK,Stamina,88,8
SPARK,Stamina,89,8
SPARK,Stamina,90,11
SPARK,Stamina,91,11
SPARK,Stamina,92,11
SPARK,Stamina,93,11
SPARK,Stamina,94,11
SPARK,Stamina,95,13
SPARK,Stamina,96,16
SPARK,Stamina,97,19
SPARK,Stamina,98,22
SPARK,Stamina,99,24
SPARK,Strength,40,1
SPARK,Strength,41,1
SPARK,Strength,42,1
SPARK,Strength,43,1
SPARK,Strength,44,1
SPARK,Strength,45,1
SPARK,Strength,46,1
SPARK,Strength,47,1
SPARK,Strength,48,1
SPARK,Strength,49,1
SPARK,Strength,50,1
SPARK,Strength,51,1
SPARK,Strength,52,1
SPARK,Strength,53,1
SPARK,Strength,54,1
SPARK,Strength,55,1
SPARK,Strength,56,1
SPARK,Strength,57,1
SPARK,Strength,58,1
SPARK,Strength,59,1
SPARK,Strength,60,2
SPARK,Strength,61,2
SPARK,Strength,62,2
SPARK,Strength,63,2
SPARK,Strength,64,3
SPARK,Strength,65,3
SPARK,Strength,66,3
SPARK,Strength,67,3
SPARK,Strength,68,3
SPARK,Strength,69,3
SPARK,Strength,70,4
SPARK,Strength,71,4
SPARK,Strength,72,4
SPARK,Strength,73,4
SPARK,Strength,74,4
SPARK,Strength,75,6
SPARK,Strength,76,6
SPARK,Strength,77,6
SPARK,Strength,78,6
SPARK,Strength,79,6
SPARK,Strength,80,7
SPARK,Strength,81,7
SPARK,Strength,82,7
SPARK,Strength,83,7
SPARK,Strength,84,7
SPARK,Strength,85,11
SPARK,Strength,86,11
SPARK,Strength,87,11
SPARK,Strength,88,11
SPARK,Strength,89,11
SPARK,Strength,90,15
SPARK,Strength,91,15
SPARK,Strength,92,15
SPARK,Strength,93,15
SPARK,Strength,94,15
SPARK,Strength,95,18
SPARK,Strength,96,22
SPARK,Strength,97,26
SPARK,Strength,98,30
SPARK,Strength,99,33
SPARK,Aggression,40,1
SPARK,Aggression,41,1
SPARK,Aggression,42,1
SPARK,Aggression,43,1
SPARK,Aggression,44,1
SPARK,Aggression,45,1
SPARK,Aggression,46,1
SPARK,Aggression,47,1
SPARK,Aggression,48,1
SPARK,Aggression,49,1
SPARK,Aggression,50,1
SPARK,Aggression,51,1
SPARK,Aggression,52,1
SPARK,Aggression,53,1
SPARK,Aggression,54,1
SPARK,Aggression,55,1
SPARK,Aggression,56,1
SPARK,Aggression,57,1
SPARK,Aggression,58,1
SPARK,Aggression,59,1
SPARK,Aggression,60,1
SPARK,Aggression,61,1
SPARK,Aggression,62,1
SPARK,Aggression,63,1
SPARK,Aggression,64,2
SPARK,Aggression,65,2
SPARK,Aggression,66,2
SPARK,Aggression,67,2
SPARK,Aggression,68,2
SPARK,Aggression,69,2
SPARK,Aggression,70,3
SPARK,Aggression,71,3
SPARK,Aggression,72,3
SPARK,Aggression,73,3
SPARK,Aggression,74,3
SPARK,Aggression,75,4
SPARK,Aggression,76,4
SPARK,Aggression,77,4
SPARK,Aggression,78,4
SPARK,Aggression,79,4
SPARK,Aggression,80,5
SPARK,Aggression,81,5
SPARK,Aggression,82,5
SPARK,Aggression,83,5
SPARK,Aggression,84,5
SPARK,Aggression,85,8
SPARK,Aggression,86,8
SPARK,Aggression,87,8
SPARK,Aggression,88,8
SPARK,Aggression,89,8
SPARK,Aggression,90,11
SPARK,Aggression,91,11
SPARK,Aggression,92,11
SPARK,Aggression,93,11
SPARK,Aggression,94,11
SPARK,Aggression,95,13
SPARK,Aggression,96,16
SPARK,Aggression,97,19
SPARK,Aggression,98,22
SPARK,Aggression,99,24
PROGRESSOR,Acceleration,40,2
PROGRESSOR,Acceleration,41,2
PROGRESSOR,Acceleration,42,2
PROGRESSOR,Acceleration,43,2
PROGRESSOR,Acceleration,44,2
PROGRESSOR,Acceleration,45,2
PROGRESSOR,Acceleration,46,2
PROGRESSOR,Acceleration,47,2
PROGRESSOR,Acceleration,48,2
PROGRESSOR,Acceleration,49,2
PROGRESSOR,Acceleration,50,2
PROGRESSOR,Acceleration,51,2
PROGRESSOR,Acceleration,52,2
PROGRESSOR,Acceleration,53,2
PROGRESSOR,Acceleration,54,2
PROGRESSOR,Acceleration,55,2
PROGRESSOR,Acceleration,56,2
PROGRESSOR,Acceleration,57,2
PROGRESSOR,Acceleration,58,2
PROGRESSOR,Acceleration,59,2
PROGRESSOR,Acceleration,60,3
PROGRESSOR,Acceleration,61,3
PROGRESSOR,Acceleration,62,3
PROGRESSOR,Acceleration,63,3
PROGRESSOR,Acceleration,64,4
PROGRESSOR,Acceleration,65,4
PROGRESSOR,Acceleration,66,4
PROGRESSOR,Acceleration,67,5
PROGRESSOR,Acceleration,68,5
PROGRESSOR,Acceleration,69,5
PROGRESSOR,Acceleration,70,6
PROGRESSOR,Acceleration,71,6
PROGRESSOR,Acceleration,72,6
PROGRESSOR,Acceleration,73,6
PROGRESSOR,Acceleration,74,6
PROGRESSOR,Acceleration,75,8
PROGRESSOR,Acceleration,76,8
PROGRESSOR,Acceleration,77,8
PROGRESSOR,Acceleration,78,8
PROGRESSOR,Acceleration,79,8
PROGRESSOR,Acceleration,80,10
PROGRESSOR,Acceleration,81,10
PROGRESSOR,Acceleration,82,10
PROGRESSOR,Acceleration,83,10
PROGRESSOR,Acceleration,84,10
PROGRESSOR,Acceleration,85,15
PROGRESSOR,Acceleration,86,15
PROGRESSOR,Acceleration,87,15
PROGRESSOR,Acceleration,88,15
PROGRESSOR,Acceleration,89,15
PROGRESSOR,Acceleration,90,20
PROGRESSOR,Acceleration,91,20
PROGRESSOR,Acceleration,92,20
PROGRESSOR,Acceleration,93,20
PROGRESSOR,Acceleration,94,20
PROGRESSOR,Acceleration,95,25
PROGRESSOR,Acceleration,96,30
PROGRESSOR,Acceleration,97,35
PROGRESSOR,Acceleration,98,40
PROGRESSOR,Acceleration,99,45
PROGRESSOR,SprintSpeed,40,2
PROGRESSOR,SprintSpeed,41,2
PROGRESSOR,SprintSpeed,42,2
PROGRESSOR,SprintSpeed,43,2
PROGRESSOR,SprintSpeed,44,2
PROGRESSOR,SprintSpeed,45,2
PROGRESSOR,SprintSpeed,46,2
PROGRESSOR,SprintSpeed,47,2
PROGRESSOR,SprintSpeed,48,2
PROGRESSOR,SprintSpeed,49,2
PROGRESSOR,SprintSpeed,50,2
PROGRESSOR,SprintSpeed,51,2
PROGRESSOR,SprintSpeed,52,2
PROGRESSOR,SprintSpeed,53,2
PROGRESSOR,SprintSpeed,54,2
PROGRESSOR,SprintSpeed,55,2
PROGRESSOR,SprintSpeed,56,2
PROGRESSOR,SprintSpeed,57,2
PROGRESSOR,SprintSpeed,58,2
PROGRESSOR,SprintSpeed,59,2
PROGRESSOR,SprintSpeed,60,3
PROGRESSOR,SprintSpeed,61,3
PROGRESSOR,SprintSpeed,62,3
PROGRESSOR,SprintSpeed,63,3
PROGRESSOR,SprintSpeed,64,4
PROGRESSOR,SprintSpeed,65,4
PROGRESSOR,SprintSpeed,66,4
PROGRESSOR,SprintSpeed,67,5
PROGRESSOR,SprintSpeed,68,5
PROGRESSOR,SprintSpeed,69,5
PROGRESSOR,SprintSpeed,70,6
PROGRESSOR,SprintSpeed,71,6
PROGRESSOR,SprintSpeed,72,6
PROGRESSOR,SprintSpeed,73,6
PROGRESSOR,SprintSpeed,74,6
PROGRESSOR,SprintSpeed,75,8
PROGRESSOR,SprintSpeed,76,8
PROGRESSOR,SprintSpeed,77,8
PROGRESSOR,SprintSpeed,78,8
PROGRESSOR,SprintSpeed,79,8
PROGRESSOR,SprintSpeed,80,10
PROGRESSOR,SprintSpeed,81,10
PROGRESSOR,SprintSpeed,82,10
PROGRESSOR,SprintSpeed,83,10
PROGRESSOR,SprintSpeed,84,10
PROGRESSOR,SprintSpeed,85,15
PROGRESSOR,SprintSpeed,86,15
PROGRESSOR,SprintSpeed,87,15
PROGRESSOR,SprintSpeed,88,15
PROGRESSOR,SprintSpeed,89,15
PROGRESSOR,SprintSpeed,90,20
PROGRESSOR,SprintSpeed,91,20
PROGRESSOR,SprintSpeed,92,20
PROGRESSOR,SprintSpeed,93,20
PROGRESSOR,SprintSpeed,94,20
PROGRESSOR,SprintSpeed,95,25
PROGRESSOR,SprintSpeed,96,30
PROGRESSOR,SprintSpeed,97,35
PROGRESSOR,SprintSpeed,98,40
PROGRESSOR,SprintSpeed,99,45
PROGRESSOR,AttackPositioning,40,1
PROGRESSOR,AttackPositioning,41,1
PROGRESSOR,AttackPositioning,42,1
PROGRESSOR,AttackPositioning,43,1
PROGRESSOR,AttackPositioning,44,1
PROGRESSOR,AttackPositioning,45,1
PROGRESSOR,AttackPositioning,46,1
PROGRESSOR,AttackPositioning,47,1
PROGRESSOR,AttackPositioning,48,1
PROGRESSOR,AttackPositioning,49,1
PROGRESSOR,AttackPositioning,50,1
PROGRESSOR,AttackPositioning,51,1
PROGRESSOR,AttackPositioning,52,1
PROGRESSOR,AttackPositioning,53,1
PROGRESSOR,AttackPositioning,54,1
PROGRESSOR,AttackPositioning,55,1
PROGRESSOR,AttackPositioning,56,1
PROGRESSOR,AttackPositioning,57,1
PROGRESSOR,AttackPositioning,58,1
PROGRESSOR,AttackPositioning,59,1
PROGRESSOR,AttackPositioning,60,1
PROGRESSOR,AttackPositioning,61,1
PROGRESSOR,AttackPositioning,62,1
PROGRESSOR,AttackPositioning,63,1
PROGRESSOR,AttackPositioning,64,2
PROGRESSOR,AttackPositioning,65,2
PROGRESSOR,AttackPositioning,66,2
PROGRESSOR,AttackPositioning,67,2
PROGRESSOR,AttackPositioning,68,2
PROGRESSOR,AttackPositioning,69,2
PROGRESSOR,AttackPositioning,70,3
PROGRESSOR,AttackPositioning,71,3
PROGRESSOR,AttackPositioning,72,3
PROGRESSOR,AttackPositioning,73,3
PROGRESSOR,AttackPositioning,74,3
PROGRESSOR,AttackPositioning,75,4
PROGRESSOR,AttackPositioning,76,4
PROGRESSOR,AttackPositioning,77,4
PROGRESSOR,AttackPositioning,78,4
PROGRESSOR,AttackPositioning,79,4
PROGRESSOR,AttackPositioning,80,5
PROGRESSOR,AttackPositioning,81,5
PROGRESSOR,AttackPositioning,82,5
PROGRESSOR,AttackPositioning,83,5
PROGRESSOR,AttackPositioning,84,5
PROGRESSOR,AttackPositioning,85,8
PROGRESSOR,AttackPositioning,86,8
PROGRESSOR,AttackPositioning,87,8
PROGRESSOR,AttackPositioning,88,8
PROGRESSOR,AttackPositioning,89,8
PROGRESSOR,AttackPositioning,90,11
PROGRESSOR,AttackPositioning,91,11
PROGRESSOR,AttackPositioning,92,11
PROGRESSOR,AttackPositioning,93,11
PROGRESSOR,AttackPositioning,94,11
PROGRESSOR,AttackPositioning,95,13
PROGRESSOR,AttackPositioning,96,16
PROGRESSOR,AttackPositioning,97,19
PROGRESSOR,AttackPositioning,98,22
PROGRESSOR,AttackPositioning,99,24
PROGRESSOR,Finishing,40,2
PROGRESSOR,Finishing,41,2
PROGRESSOR,Finishing,42,2
PROGRESSOR,Finishing,43,2
PROGRESSOR,Finishing,44,2
PROGRESSOR,Finishing,45,2
PROGRESSOR,Finishing,46,2
PROGRESSOR,Finishing,47,2
PROGRESSOR,Finishing,48,2
PROGRESSOR,Finishing,49,2
PROGRESSOR,Finishing,50,2
PROGRESSOR,Finishing,51,2
PROGRESSOR,Finishing,52,2
PROGRESSOR,Finishing,53,2
PROGRESSOR,Finishing,54,2
PROGRESSOR,Finishing,55,2
PROGRESSOR,Finishing,56,2
PROGRESSOR,Finishing,57,2
PROGRESSOR,Finishing,58,2
PROGRESSOR,Finishing,59,2
PROGRESSOR,Finishing,60,3
PROGRESSOR,Finishing,61,3
PROGRESSOR,Finishing,62,3
PROGRESSOR,Finishing,63,3
PROGRESSOR,Finishing,64,4
PROGRESSOR,Finishing,65,4
PROGRESSOR,Finishing,66,4
PROGRESSOR,Finishing,67,5
PROGRESSOR,Finishing,68,5
PROGRESSOR,Finishing,69,5
PROGRESSOR,Finishing,70,6
PROGRESSOR,Finishing,71,6
PROGRESSOR,Finishing,72,6
PROGRESSOR,Finishing,73,6
PROGRESSOR,Finishing,74,6
PROGRESSOR,Finishing,75,8
PROGRESSOR,Finishing,76,8
PROGRESSOR,Finishing,77,8
PROGRESSOR,Finishing,78,8
PROGRESSOR,Finishing,79,8
PROGRESSOR,Finishing,80,10
PROGRESSOR,Finishing,81,10
PROGRESSOR,Finishing,82,10
PROGRESSOR,Finishing,83,10
PROGRESSOR,Finishing,84,10
PROGRESSOR,Finishing,85,15
PROGRESSOR,Finishing,86,15
PROGRESSOR,Finishing,87,15
PROGRESSOR,Finishing,88,15
PROGRESSOR,Finishing,89,15
PROGRESSOR,Finishing,90,20
PROGRESSOR,Finishing,91,20
PROGRESSOR,Finishing,92,20
PROGRESSOR,Finishing,93,20
PROGRESSOR,Finishing,94,20
PROGRESSOR,Finishing,95,25
PROGRESSOR,Finishing,96,30
PROGRESSOR,Finishing,97,35
PROGRESSOR,Finishing,98,40
PROGRESSOR,Finishing,99,45
PROGRESSOR,ShotPower,40,1
PROGRESSOR,ShotPower,41,1
PROGRESSOR,ShotPower,42,1
PROGRESSOR,ShotPower,43,1
PROGRESSOR,ShotPower,44,1
PROGRESSOR,ShotPower,45,1
PROGRESSOR,ShotPower,46,1
PROGRESSOR,ShotPower,47,1
PROGRESSOR,ShotPower,48,1
PROGRESSOR,ShotPower,49,1
PROGRESSOR,ShotPower,50,1
PROGRESSOR,ShotPower,51,1
PROGRESSOR,ShotPower,52,1
PROGRESSOR,ShotPower,53,1
PROGRESSOR,ShotPower,54,1
PROGRESSOR,ShotPower,55,1
PROGRESSOR,ShotPower,56,1
PROGRESSOR,ShotPower,57,1
PROGRESSOR,ShotPower,58,1
PROGRESSOR,ShotPower,59,1
PROGRESSOR,ShotPower,60,2
PROGRESSOR,ShotPower,61,2
PROGRESSOR,ShotPower,62,2
PROGRESSOR,ShotPower,63,2
PROGRESSOR,ShotPower,64,3
PROGRESSOR,ShotPower,65,3
PROGRESSOR,ShotPower,66,3
PROGRESSOR,ShotPower,67,3
PROGRESSOR,ShotPower,68,3
PROGRESSOR,ShotPower,69,3
PROGRESSOR,ShotPower,70,4
PROGRESSOR,ShotPower,71,4
PROGRESSOR,ShotPower,72,4
PROGRESSOR,ShotPower,73,4
PROGRESSOR,ShotPower,74,4
PROGRESSOR,ShotPower,75,6
PROGRESSOR,ShotPower,76,6
PROGRESSOR,ShotPower,77,6
PROGRESSOR,ShotPower,78,6
PROGRESSOR,ShotPower,79,6
PROGRESSOR,ShotPower,80,7
PROGRESSOR,ShotPower,81,7
PROGRESSOR,ShotPower,82,7
PROGRESSOR,ShotPower,83,7
PROGRESSOR,ShotPower,84,7
PROGRESSOR,ShotPower,85,11
PROGRESSOR,ShotPower,86,11
PROGRESSOR,ShotPower,87,11
PROGRESSOR,ShotPower,88,11
PROGRESSOR,ShotPower,89,11
PROGRESSOR,ShotPower,90,15
PROGRESSOR,ShotPower,91,15
PROGRESSOR,ShotPower,92,15
PROGRESSOR,ShotPower,93,15
PROGRESSOR,ShotPower,94,15
PROGRESSOR,ShotPower,95,18
PROGRESSOR,ShotPower,96,22
PROGRESSOR,ShotPower,97,26
PROGRESSOR,ShotPower,98,30
PROGRESSOR,ShotPower,99,33
PROGRESSOR,LongShots,40,1
PROGRESSOR,LongShots,41,1
PROGRESSOR,LongShots,42,1
PROGRESSOR,LongShots,43,1
PROGRESSOR,LongShots,44,1
PROGRESSOR,LongShots,45,1
PROGRESSOR,LongShots,46,1
PROGRESSOR,LongShots,47,1
PROGRESSOR,LongShots,48,1
PROGRESSOR,LongShots,49,1
PROGRESSOR,LongShots,50,1
PROGRESSOR,LongShots,51,1
PROGRESSOR,LongShots,52,1
PROGRESSOR,LongShots,53,1
PROGRESSOR,LongShots,54,1
PROGRESSOR,LongShots,55,1
PROGRESSOR,LongShots,56,1
PROGRESSOR,LongShots,57,1
PROGRESSOR,LongShots,58,1
PROGRESSOR,LongShots,59,1
PROGRESSOR,LongShots,60,2
PROGRESSOR,LongShots,61,2
PROGRESSOR,LongShots,62,2
PROGRESSOR,LongShots,63,2
PROGRESSOR,LongShots,64,3
PROGRESSOR,LongShots,65,3
PROGRESSOR,LongShots,66,3
PROGRESSOR,LongShots,67,3
PROGRESSOR,LongShots,68,3
PROGRESSOR,LongShots,69,3
PROGRESSOR,LongShots,70,4
PROGRESSOR,LongShots,71,4
PROGRESSOR,LongShots,72,4
PROGRESSOR,LongShots,73,4
PROGRESSOR,LongShots,74,4
PROGRESSOR,LongShots,75,6
PROGRESSOR,LongShots,76,6
PROGRESSOR,LongShots,77,6
PROGRESSOR,LongShots,78,6
PROGRESSOR,LongShots,79,6
PROGRESSOR,LongShots,80,7
PROGRESSOR,LongShots,81,7
PROGRESSOR,LongShots,82,7
PROGRESSOR,LongShots,83,7
PROGRESSOR,LongShots,84,7
PROGRESSOR,LongShots,85,11
PROGRESSOR,LongShots,86,11
PROGRESSOR,LongShots,87,11
PROGRESSOR,LongShots,88,11
PROGRESSOR,LongShots,89,11
PROGRESSOR,LongShots,90,15
PROGRESSOR,LongShots,91,15
PROGRESSOR,LongShots,92,15
PROGRESSOR,LongShots,93,15
PROGRESSOR,LongShots,94,15
PROGRESSOR,LongShots,95,18
PROGRESSOR,LongShots,96,22
PROGRESSOR,LongShots,97,26
PROGRESSOR,LongShots,98,30
PROGRESSOR,LongShots,99,33
PROGRESSOR,Volleys,40,1
PROGRESSOR,Volleys,41,1
PROGRESSOR,Volleys,42,1
PROGRESSOR,Volleys,43,1
PROGRESSOR,Volleys,44,1
PROGRESSOR,Volleys,45,1
PROGRESSOR,Volleys,46,1
PROGRESSOR,Volleys,47,1
PROGRESSOR,Volleys,48,1
PROGRESSOR,Volleys,49,1
PROGRESSOR,Volleys,50,1
PROGRESSOR,Volleys,51,1
PROGRESSOR,Volleys,52,1
PROGRESSOR,Volleys,53,1
PROGRESSOR,Volleys,54,1
PROGRESSOR,Volleys,55,1
PROGRESSOR,Volleys,56,1
PROGRESSOR,Volleys,57,1
PROGRESSOR,Volleys,58,1
PROGRESSOR,Volleys,59,1
PROGRESSOR,Volleys,60,1
PROGRESSOR,Volleys,61,1
PROGRESSOR,Volleys,62,1
PROGRESSOR,Volleys,63,1
PROGRESSOR,Volleys,64,2
PROGRESSOR,Volleys,65,2
PROGRESSOR,Volleys,66,2
PROGRESSOR,Volleys,67,2
PROGRESSOR,Volleys,68,2
PROGRESSOR,Volleys,69,2
PROGRESSOR,Volleys,70,3
PROGRESSOR,Volleys,71,3
PROGRESSOR,Volleys,72,3
PROGRESSOR,Volleys,73,3
PROGRESSOR,Volleys,74,3
PROGRESSOR,Volleys,75,4
PROGRESSOR,Volleys,76,4
PROGRESSOR,Volleys,77,4
PROGRESSOR,Volleys,78,4
PROGRESSOR,Volleys,79,4
PROGRESSOR,Volleys,80,5
PROGRESSOR,Volleys,81,5
PROGRESSOR,Volleys,82,5
PROGRESSOR,Volleys,83,5
PROGRESSOR,Volleys,84,5
PROGRESSOR,Volleys,85,8
PROGRESSOR,Volleys,86,8
PROGRESSOR,Volleys,87,8
PROGRESSOR,Volleys,88,8
PROGRESSOR,Volleys,89,8
PROGRESSOR,Volleys,90,11
PROGRESSOR,Volleys,91,11
PROGRESSOR,Volleys,92,11
PROGRESSOR,Volleys,93,11
PROGRESSOR,Volleys,94,11
PROGRESSOR,Volleys,95,13
PROGRESSOR,Volleys,96,16
PROGRESSOR,Volleys,97,19
PROGRESSOR,Volleys,98,22
PROGRESSOR,Volleys,99,24
PROGRESSOR,Penalties,40,1
PROGRESSOR,Penalties,41,1
PROGRESSOR,Penalties,42,1
PROGRESSOR,Penalties,43,1
PROGRESSOR,Penalties,44,1
PROGRESSOR,Penalties,45,1
PROGRESSOR,Penalties,46,1
PROGRESSOR,Penalties,47,1
PROGRESSOR,Penalties,48,1
PROGRESSOR,Penalties,49,1
PROGRESSOR,Penalties,50,1
PROGRESSOR,Penalties,51,1
PROGRESSOR,Penalties,52,1
PROGRESSOR,Penalties,53,1
PROGRESSOR,Penalties,54,1
PROGRESSOR,Penalties,55,1
PROGRESSOR,Penalties,56,1
PROGRESSOR,Penalties,57,1
PROGRESSOR,Penalties,58,1
PROGRESSOR,Penalties,59,1
PROGRESSOR,Penalties,60,1
PROGRESSOR,Penalties,61,1
PROGRESSOR,Penalties,62,1
PROGRESSOR,Penalties,63,1
PROGRESSOR,Penalties,64,2
PROGRESSOR,Penalties,65,2
PROGRESSOR,Penalties,66,2
PROGRESSOR,Penalties,67,2
PROGRESSOR,Penalties,68,2
PROGRESSOR,Penalties,69,2
PROGRESSOR,Penalties,70,3
PROGRESSOR,Penalties,71,3
PROGRESSOR,Penalties,72,3
PROGRESSOR,Penalties,73,3
PROGRESSOR,Penalties,74,3
PROGRESSOR,Penalties,75,4
PROGRESSOR,Penalties,76,4
PROGRESSOR,Penalties,77,4
PROGRESSOR,Penalties,78,4
PROGRESSOR,Penalties,79,4
PROGRESSOR,Penalties,80,5
PROGRESSOR,Penalties,81,5
PROGRESSOR,Penalties,82,5
PROGRESSOR,Penalties,83,5
PROGRESSOR,Penalties,84,5
PROGRESSOR,Penalties,85,8
PROGRESSOR,Penalties,86,8
PROGRESSOR,Penalties,87,8
PROGRESSOR,Penalties,88,8
PROGRESSOR,Penalties,89,8
PROGRESSOR,Penalties,90,11
PROGRESSOR,Penalties,91,11
PROGRESSOR,Penalties,92,11
PROGRESSOR,Penalties,93,11
PROGRESSOR,Penalties,94,11
PROGRESSOR,Penalties,95,13
PROGRESSOR,Penalties,96,16
PROGRESSOR,Penalties,97,19
PROGRESSOR,Penalties,98,22
PROGRESSOR,Penalties,99,24
PROGRESSOR,Vision,40,1
PROGRESSOR,Vision,41,1
PROGRESSOR,Vision,42,1
PROGRESSOR,Vision,43,1
PROGRESSOR,Vision,44,1
PROGRESSOR,Vision,45,1
PROGRESSOR,Vision,46,1
PROGRESSOR,Vision,47,1
PROGRESSOR,Vision,48,1
PROGRESSOR,Vision,49,1
PROGRESSOR,Vision,50,1
PROGRESSOR,Vision,51,1
PROGRESSOR,Vision,52,1
PROGRESSOR,Vision,53,1
PROGRESSOR,Vision,54,1
PROGRESSOR,Vision,55,1
PROGRESSOR,Vision,56,1
PROGRESSOR,Vision,57,1
PROGRESSOR,Vision,58,1
PROGRESSOR,Vision,59,1
PROGRESSOR,Vision,60,2
PROGRESSOR,Vision,61,2
PROGRESSOR,Vision,62,2
PROGRESSOR,Vision,63,2
PROGRESSOR,Vision,64,3
PROGRESSOR,Vision,65,3
PROGRESSOR,Vision,66,3
PROGRESSOR,Vision,67,3
PROGRESSOR,Vision,68,3
PROGRESSOR,Vision,69,3
PROGRESSOR,Vision,70,4
PROGRESSOR,Vision,71,4
PROGRESSOR,Vision,72,4
PROGRESSOR,Vision,73,4
PROGRESSOR,Vision,74,4
PROGRESSOR,Vision,75,6
PROGRESSOR,Vision,76,6
PROGRESSOR,Vision,77,6
PROGRESSOR,Vision,78,6
PROGRESSOR,Vision,79,6
PROGRESSOR,Vision,80,7
PROGRESSOR,Vision,81,7
PROGRESSOR,Vision,82,7
PROGRESSOR,Vision,83,7
PROGRESSOR,Vision,84,7
PROGRESSOR,Vision,85,11
PROGRESSOR,Vision,86,11
PROGRESSOR,Vision,87,11
PROGRESSOR,Vision,88,11
PROGRESSOR,Vision,89,11
PROGRESSOR,Vision,90,15
PROGRESSOR,Vision,91,15
PROGRESSOR,Vision,92,15
PROGRESSOR,Vision,93,15
PROGRESSOR,Vision,94,15
PROGRESSOR,Vision,95,18
PROGRESSOR,Vision,96,22
PROGRESSOR,Vision,97,26
PROGRESSOR,Vision,98,30
PROGRESSOR,Vision,99,33
PROGRESSOR,Crossing,40,1
PROGRESSOR,Crossing,41,1
PROGRESSOR,Crossing,42,1
PROGRESSOR,Crossing,43,1
PROGRESSOR,Crossing,44,1
PROGRESSOR,Crossing,45,1
PROGRESSOR,Crossing,46,1
PROGRESSOR,Crossing,47,1
PROGRESSOR,Crossing,48,1
PROGRESSOR,Crossing,49,1
PROGRESSOR,Crossing,50,1
PROGRESSOR,Crossing,51,1
PROGRESSOR,Crossing,52,1
PROGRESSOR,Crossing,53,1
PROGRESSOR,Crossing,54,1
PROGRESSOR,Crossing,55,1
PROGRESSOR,Crossing,56,1
PROGRESSOR,Crossing,57,1
PROGRESSOR,Crossing,58,1
PROGRESSOR,Crossing,59,1
PROGRESSOR,Crossing,60,2
PROGRESSOR,Crossing,61,2
PROGRESSOR,Crossing,62,2
PROGRESSOR,Crossing,63,2
PROGRESSOR,Crossing,64,3
PROGRESSOR,Crossing,65,3
PROGRESSOR,Crossing,66,3
PROGRESSOR,Crossing,67,3
PROGRESSOR,Crossing,68,3
PROGRESSOR,Crossing,69,3
PROGRESSOR,Crossing,70,4
PROGRESSOR,Crossing,71,4
PROGRESSOR,Crossing,72,4
PROGRESSOR,Crossing,73,4
PROGRESSOR,Crossing,74,4
PROGRESSOR,Crossing,75,6
PROGRESSOR,Crossing,76,6
PROGRESSOR,Crossing,77,6
PROGRESSOR,Crossing,78,6
PROGRESSOR,Crossing,79,6
PROGRESSOR,Crossing,80,7
PROGRESSOR,Crossing,81,7
PROGRESSOR,Crossing,82,7
PROGRESSOR,Crossing,83,7
PROGRESSOR,Crossing,84,7
PROGRESSOR,Crossing,85,11
PROGRESSOR,Crossing,86,11
PROGRESSOR,Crossing,87,11
PROGRESSOR,Crossing,88,11
PROGRESSOR,Crossing,89,11
PROGRESSOR,Crossing,90,15
PROGRESSOR,Crossing,91,15
PROGRESSOR,Crossing,92,15
PROGRESSOR,Crossing,93,15
PROGRESSOR,Crossing,94,15
PROGRESSOR,Crossing,95,18
PROGRESSOR,Crossing,96,22
PROGRESSOR,Crossing,97,26
PROGRESSOR,Crossing,98,30
PROGRESSOR,Crossing,99,33
PROGRESSOR,FKAccuracy,40,1
PROGRESSOR,FKAccuracy,41,1
PROGRESSOR,FKAccuracy,42,1
PROGRESSOR,FKAccuracy,43,1
PROGRESSOR,FKAccuracy,44,1
PROGRESSOR,FKAccuracy,45,1
PROGRESSOR,FKAccuracy,46,1
PROGRESSOR,FKAccuracy,47,1
PROGRESSOR,FKAccuracy,48,1
PROGRESSOR,FKAccuracy,49,1
PROGRESSOR,FKAccuracy,50,1
PROGRESSOR,FKAccuracy,51,1
PROGRESSOR,FKAccuracy,52,1
PROGRESSOR,FKAccuracy,53,1
PROGRESSOR,FKAccuracy,54,1
PROGRESSOR,FKAccuracy,55,1
PROGRESSOR,FKAccuracy,56,1
PROGRESSOR,FKAccuracy,57,1
PROGRESSOR,FKAccuracy,58,1
PROGRESSOR,FKAccuracy,59,1
PROGRESSOR,FKAccuracy,60,1
PROGRESSOR,FKAccuracy,61,1
PROGRESSOR,FKAccuracy,62,1
PROGRESSOR,FKAccuracy,63,1
PROGRESSOR,FKAccuracy,64,2
PROGRESSOR,FKAccuracy,65,2
PROGRESSOR,FKAccuracy,66,2
PROGRESSOR,FKAccuracy,67,2
PROGRESSOR,FKAccuracy,68,2
PROGRESSOR,FKAccuracy,69,2
PROGRESSOR,FKAccuracy,70,3
PROGRESSOR,FKAccuracy,71,3
PROGRESSOR,FKAccuracy,72,3
PROGRESSOR,FKAccuracy,73,3
PROGRESSOR,FKAccuracy,74,3
PROGRESSOR,FKAccuracy,75,4
PROGRESSOR,FKAccuracy,76,4
PROGRESSOR,FKAccuracy,77,4
PROGRESSOR,FKAccuracy,78,4
PROGRESSOR,FKAccuracy,79,4
PROGRESSOR,FKAccuracy,80,5
PROGRESSOR,FKAccuracy,81,5
PROGRESSOR,FKAccuracy,82,5
PROGRESSOR,FKAccuracy,83,5
PROGRESSOR,FKAccuracy,84,5
PROGRESSOR,FKAccuracy,85,8
PROGRESSOR,FKAccuracy,86,8
PROGRESSOR,FKAccuracy,87,8
PROGRESSOR,FKAccuracy,88,8
PROGRESSOR,FKAccuracy,89,8
PROGRESSOR,FKAccuracy,90,11
PROGRESSOR,FKAccuracy,91,11
PROGRESSOR,FKAccuracy,92,11
PROGRESSOR,FKAccuracy,93,11
PROGRESSOR,FKAccuracy,94,11
PROGRESSOR,FKAccuracy,95,13
PROGRESSOR,FKAccuracy,96,16
PROGRESSOR,FKAccuracy,97,19
PROGRESSOR,FKAccuracy,98,22
PROGRESSOR,FKAccuracy,99,24
PROGRESSOR,ShortPassing,40,2
PROGRESSOR,ShortPassing,41,2
PROGRESSOR,ShortPassing,42,2
PROGRESSOR,ShortPassing,43,2
PROGRESSOR,ShortPassing,44,2
PROGRESSOR,ShortPassing,45,2
PROGRESSOR,ShortPassing,46,2
PROGRESSOR,ShortPassing,47,2
PROGRESSOR,ShortPassing,48,2
PROGRESSOR,ShortPassing,49,2
PROGRESSOR,ShortPassing,50,2
PROGRESSOR,ShortPassing,51,2
PROGRESSOR,ShortPassing,52,2
PROGRESSOR,ShortPassing,53,2
PROGRESSOR,ShortPassing,54,2
PROGRESSOR,ShortPassing,55,2
PROGRESSOR,ShortPassing,56,2
PROGRESSOR,ShortPassing,57,2
PROGRESSOR,ShortPassing,58,2
PROGRESSOR,ShortPassing,59,2
PROGRESSOR,ShortPassing,60,3
PROGRESSOR,ShortPassing,61,3
PROGRESSOR,ShortPassing,62,3
PROGRESSOR,ShortPassing,63,3
PROGRESSOR,ShortPassing,64,4
PROGRESSOR,ShortPassing,65,4
PROGRESSOR,ShortPassing,66,4
PROGRESSOR,ShortPassing,67,5
PROGRESSOR,ShortPassing,68,5
PROGRESSOR,ShortPassing,69,5
PROGRESSOR,ShortPassing,70,6
PROGRESSOR,ShortPassing,71,6
PROGRESSOR,ShortPassing,72,6
PROGRESSOR,ShortPassing,73,6
PROGRESSOR,ShortPassing,74,6
PROGRESSOR,ShortPassing,75,8
PROGRESSOR,ShortPassing,76,8
PROGRESSOR,ShortPassing,77,8
PROGRESSOR,ShortPassing,78,8
PROGRESSOR,ShortPassing,79,8
PROGRESSOR,ShortPassing,80,10
PROGRESSOR,ShortPassing,81,10
PROGRESSOR,ShortPassing,82,10
PROGRESSOR,ShortPassing,83,10
PROGRESSOR,ShortPassing,84,10
PROGRESSOR,ShortPassing,85,15
PROGRESSOR,ShortPassing,86,15
PROGRESSOR,ShortPassing,87,15
PROGRESSOR,ShortPassing,88,15
PROGRESSOR,ShortPassing,89,15
PROGRESSOR,ShortPassing,90,20
PROGRESSOR,ShortPassing,91,20
PROGRESSOR,ShortPassing,92,20
PROGRESSOR,ShortPassing,93,20
PROGRESSOR,ShortPassing,94,20
PROGRESSOR,ShortPassing,95,25
PROGRESSOR,ShortPassing,96,30
PROGRESSOR,ShortPassing,97,35
PROGRESSOR,ShortPassing,98,40
PROGRESSOR,ShortPassing,99,45
PROGRESSOR,LongPassing,40,1
PROGRESSOR,LongPassing,41,1
PROGRESSOR,LongPassing,42,1
PROGRESSOR,LongPassing,43,1
PROGRESSOR,LongPassing,44,1
PROGRESSOR,LongPassing,45,1
PROGRESSOR,LongPassing,46,1
PROGRESSOR,LongPassing,47,1
PROGRESSOR,LongPassing,48,1
PROGRESSOR,LongPassing,49,1
PROGRESSOR,LongPassing,50,1
PROGRESSOR,LongPassing,51,1
PROGRESSOR,LongPassing,52,1
PROGRESSOR,LongPassing,53,1
PROGRESSOR,LongPassing,54,1
PROGRESSOR,LongPassing,55,1
PROGRESSOR,LongPassing,56,1
PROGRESSOR,LongPassing,57,1
PROGRESSOR,LongPassing,58,1
PROGRESSOR,LongPassing,59,1
PROGRESSOR,LongPassing,60,1
PROGRESSOR,LongPassing,61,1
PROGRESSOR,LongPassing,62,1
PROGRESSOR,LongPassing,63,1
PROGRESSOR,LongPassing,64,2
PROGRESSOR,LongPassing,65,2
PROGRESSOR,LongPassing,66,2
PROGRESSOR,LongPassing,67,2
PROGRESSOR,LongPassing,68,2
PROGRESSOR,LongPassing,69,2
PROGRESSOR,LongPassing,70,3
PROGRESSOR,LongPassing,71,3
PROGRESSOR,LongPassing,72,3
PROGRESSOR,LongPassing,73,3
PROGRESSOR,LongPassing,74,3
PROGRESSOR,LongPassing,75,4
PROGRESSOR,LongPassing,76,4
PROGRESSOR,LongPassing,77,4
PROGRESSOR,LongPassing,78,4
PROGRESSOR,LongPassing,79,4
PROGRESSOR,LongPassing,80,5
PROGRESSOR,LongPassing,81,5
PROGRESSOR,LongPassing,82,5
PROGRESSOR,LongPassing,83,5
PROGRESSOR,LongPassing,84,5
PROGRESSOR,LongPassing,85,8
PROGRESSOR,LongPassing,86,8
PROGRESSOR,LongPassing,87,8
PROGRESSOR,LongPassing,88,8
PROGRESSOR,LongPassing,89,8
PROGRESSOR,LongPassing,90,11
PROGRESSOR,LongPassing,91,11
PROGRESSOR,LongPassing,92,11
PROGRESSOR,LongPassing,93,11
PROGRESSOR,LongPassing,94,11
PROGRESSOR,LongPassing,95,13
PROGRESSOR,LongPassing,96,16
PROGRESSOR,LongPassing,97,19
PROGRESSOR,LongPassing,98,22
PROGRESSOR,LongPassing,99,24
PROGRESSOR,Curve,40,1
PROGRESSOR,Curve,41,1
PROGRESSOR,Curve,42,1
PROGRESSOR,Curve,43,1
PROGRESSOR,Curve,44,1
PROGRESSOR,Curve,45,1
PROGRESSOR,Curve,46,1
PROGRESSOR,Curve,47,1
PROGRESSOR,Curve,48,1
PROGRESSOR,Curve,49,1
PROGRESSOR,Curve,50,1
PROGRESSOR,Curve,51,1
PROGRESSOR,Curve,52,1
PROGRESSOR,Curve,53,1
PROGRESSOR,Curve,54,1
PROGRESSOR,Curve,55,1
PROGRESSOR,Curve,56,1
PROGRESSOR,Curve,57,1
PROGRESSOR,Curve,58,1
PROGRESSOR,Curve,59,1
PROGRESSOR,Curve,60,1
PROGRESSOR,Curve,61,1
PROGRESSOR,Curve,62,1
PROGRESSOR,Curve,63,1
PROGRESSOR,Curve,64,2
PROGRESSOR,Curve,65,2
PROGRESSOR,Curve,66,2
PROGRESSOR,Curve,67,2
PROGRESSOR,Curve,68,2
PROGRESSOR,Curve,69,2
PROGRESSOR,Curve,70,3
PROGRESSOR,Curve,71,3
PROGRESSOR,Curve,72,3
PROGRESSOR,Curve,73,3
PROGRESSOR,Curve,74,3
PROGRESSOR,Curve,75,4
PROGRESSOR,Curve,76,4
PROGRESSOR,Curve,77,4
PROGRESSOR,Curve,78,4
PROGRESSOR,Curve,79,4
PROGRESSOR,Curve,80,5
PROGRESSOR,Curve,81,5
PROGRESSOR,Curve,82,5
PROGRESSOR,Curve,83,5
PROGRESSOR,Curve,84,5
PROGRESSOR,Curve,85,8
PROGRESSOR,Curve,86,8
PROGRESSOR,Curve,87,8
PROGRESSOR,Curve,88,8
PROGRESSOR,Curve,89,8
PROGRESSOR,Curve,90,11
PROGRESSOR,Curve,91,11
PROGRESSOR,Curve,92,11
PROGRESSOR,Curve,93,11
PROGRESSOR,Curve,94,11
PROGRESSOR,Curve,95,13
PROGRESSOR,Curve,96,16
PROGRESSOR,Curve,97,19
PROGRESSOR,Curve,98,22
PROGRESSOR,Curve,99,24
PROGRESSOR,Agility,40,2
PROGRESSOR,Agility,41,2
PROGRESSOR,Agility,42,2
PROGRESSOR,Agility,43,2
PROGRESSOR,Agility,44,2
PROGRESSOR,Agility,45,2
PROGRESSOR,Agility,46,2
PROGRESSOR,Agility,47,2
PROGRESSOR,Agility,48,2
PROGRESSOR,Agility,49,2
PROGRESSOR,Agility,50,2
PROGRESSOR,Agility,51,2
PROGRESSOR,Agility,52,2
PROGRESSOR,Agility,53,2
PROGRESSOR,Agility,54,2
PROGRESSOR,Agility,55,2
PROGRESSOR,Agility,56,2
PROGRESSOR,Agility,57,2
PROGRESSOR,Agility,58,2
PROGRESSOR,Agility,59,2
PROGRESSOR,Agility,60,3
PROGRESSOR,Agility,61,3
PROGRESSOR,Agility,62,3
PROGRESSOR,Agility,63,3
PROGRESSOR,Agility,64,4
PROGRESSOR,Agility,65,4
PROGRESSOR,Agility,66,4
PROGRESSOR,Agility,67,5
PROGRESSOR,Agility,68,5
PROGRESSOR,Agility,69,5
PROGRESSOR,Agility,70,6
PROGRESSOR,Agility,71,6
PROGRESSOR,Agility,72,6
PROGRESSOR,Agility,73,6
PROGRESSOR,Agility,74,6
PROGRESSOR,Agility,75,8
PROGRESSOR,Agility,76,8
PROGRESSOR,Agility,77,8
PROGRESSOR,Agility,78,8
PROGRESSOR,Agility,79,8
PROGRESSOR,Agility,80,10
PROGRESSOR,Agility,81,10
PROGRESSOR,Agility,82,10
PROGRESSOR,Agility,83,10
PROGRESSOR,Agility,84,10
PROGRESSOR,Agility,85,15
PROGRESSOR,Agility,86,15
PROGRESSOR,Agility,87,15
PROGRESSOR,Agility,88,15
PROGRESSOR,Agility,89,15
PROGRESSOR,Agility,90,20
PROGRESSOR,Agility,91,20
PROGRESSOR,Agility,92,20
PROGRESSOR,Agility,93,20
PROGRESSOR,Agility,94,20
PROGRESSOR,Agility,95,25
PROGRESSOR,Agility,96,30
PROGRESSOR,Agility,97,35
PROGRESSOR,Agility,98,40
PROGRESSOR,Agility,99,45
PROGRESSOR,Balance,40,1
PROGRESSOR,Balance,41,1
PROGRESSOR,Balance,42,1
PROGRESSOR,Balance,43,1
PROGRESSOR,Balance,44,1
PROGRESSOR,Balance,45,1
PROGRESSOR,Balance,46,1
PROGRESSOR,Balance,47,1
PROGRESSOR,Balance,48,1
PROGRESSOR,Balance,49,1
PROGRESSOR,Balance,50,1
PROGRESSOR,Balance,51,1
PROGRESSOR,Balance,52,1
PROGRESSOR,Balance,53,1
PROGRESSOR,Balance,54,1
PROGRESSOR,Balance,55,1
PROGRESSOR,Balance,56,1
PROGRESSOR,Balance,57,1
PROGRESSOR,Balance,58,1
PROGRESSOR,Balance,59,1
PROGRESSOR,Balance,60,2
PROGRESSOR,Balance,61,2
PROGRESSOR,Balance,62,2
PROGRESSOR,Balance,63,2
PROGRESSOR,Balance,64,3
PROGRESSOR,Balance,65,3
PROGRESSOR,Balance,66,3
PROGRESSOR,Balance,67,3
PROGRESSOR,Balance,68,3
PROGRESSOR,Balance,69,3
PROGRESSOR,Balance,70,4
PROGRESSOR,Balance,71,4
PROGRESSOR,Balance,72,4
PROGRESSOR,Balance,73,4
PROGRESSOR,Balance,74,4
PROGRESSOR,Balance,75,6
PROGRESSOR,Balance,76,6
PROGRESSOR,Balance,77,6
PROGRESSOR,Balance,78,6
PROGRESSOR,Balance,79,6
PROGRESSOR,Balance,80,7
PROGRESSOR,Balance,81,7
PROGRESSOR,Balance,82,7
PROGRESSOR,Balance,83,7
PROGRESSOR,Balance,84,7
PROGRESSOR,Balance,85,11
PROGRESSOR,Balance,86,11
PROGRESSOR,Balance,87,11
PROGRESSOR,Balance,88,11
PROGRESSOR,Balance,89,11
PROGRESSOR,Balance,90,15
PROGRESSOR,Balance,91,15
PROGRESSOR,Balance,92,15
PROGRESSOR,Balance,93,15
PROGRESSOR,Balance,94,15
PROGRESSOR,Balance,95,18
PROGRESSOR,Balance,96,22
PROGRESSOR,Balance,97,26
PROGRESSOR,Balance,98,30
PROGRESSOR,Balance,99,33
PROGRESSOR,Reactions,40,1
PROGRESSOR,Reactions,41,1
PROGRESSOR,Reactions,42,1
PROGRESSOR,Reactions,43,1
PROGRESSOR,Reactions,44,1
PROGRESSOR,Reactions,45,1
PROGRESSOR,Reactions,46,1
PROGRESSOR,Reactions,47,1
PROGRESSOR,Reactions,48,1
PROGRESSOR,Reactions,49,1
PROGRESSOR,Reactions,50,1
PROGRESSOR,Reactions,51,1
PROGRESSOR,Reactions,52,1
PROGRESSOR,Reactions,53,1
PROGRESSOR,Reactions,54,1
PROGRESSOR,Reactions,55,1
PROGRESSOR,Reactions,56,1
PROGRESSOR,Reactions,57,1
PROGRESSOR,Reactions,58,1
PROGRESSOR,Reactions,59,1
PROGRESSOR,Reactions,60,1
PROGRESSOR,Reactions,61,1
PROGRESSOR,Reactions,62,1
PROGRESSOR,Reactions,63,1
PROGRESSOR,Reactions,64,2
PROGRESSOR,Reactions,65,2
PROGRESSOR,Reactions,66,2
PROGRESSOR,Reactions,67,2
PROGRESSOR,Reactions,68,2
PROGRESSOR,Reactions,69,2
PROGRESSOR,Reactions,70,3
PROGRESSOR,Reactions,71,3
PROGRESSOR,Reactions,72,3
PROGRESSOR,Reactions,73,3
PROGRESSOR,Reactions,74,3
PROGRESSOR,Reactions,75,4
PROGRESSOR,Reactions,76,4
PROGRESSOR,Reactions,77,4
PROGRESSOR,Reactions,78,4
PROGRESSOR,Reactions,79,4
PROGRESSOR,Reactions,80,5
PROGRESSOR,Reactions,81,5
PROGRESSOR,Reactions,82,5
PROGRESSOR,Reactions,83,5
PROGRESSOR,Reactions,84,5
PROGRESSOR,Reactions,85,8
PROGRESSOR,Reactions,86,8
PROGRESSOR,Reactions,87,8
PROGRESSOR,Reactions,88,8
PROGRESSOR,Reactions,89,8
PROGRESSOR,Reactions,90,11
PROGRESSOR,Reactions,91,11
PROGRESSOR,Reactions,92,11
PROGRESSOR,Reactions,93,11
PROGRESSOR,Reactions,94,11
PROGRESSOR,Reactions,95,13
PROGRESSOR,Reactions,96,16
PROGRESSOR,Reactions,97,19
PROGRESSOR,Reactions,98,22
PROGRESSOR,Reactions,99,24
PROGRESSOR,BallControl,40,1
PROGRESSOR,BallControl,41,1
PROGRESSOR,BallControl,42,1
PROGRESSOR,BallControl,43,1
PROGRESSOR,BallControl,44,1
PROGRESSOR,BallControl,45,1
PROGRESSOR,BallControl,46,1
PROGRESSOR,BallControl,47,1
PROGRESSOR,BallControl,48,1
PROGRESSOR,BallControl,49,1
PROGRESSOR,BallControl,50,1
PROGRESSOR,BallControl,51,1
PROGRESSOR,BallControl,52,1
PROGRESSOR,BallControl,53,1
PROGRESSOR,BallControl,54,1
PROGRESSOR,BallControl,55,1
PROGRESSOR,BallControl,56,1
PROGRESSOR,BallControl,57,1
PROGRESSOR,BallControl,58,1
PROGRESSOR,BallControl,59,1
PROGRESSOR,BallControl,60,2
PROGRESSOR,BallControl,61,2
PROGRESSOR,BallControl,62,2
PROGRESSOR,BallControl,63,2
PROGRESSOR,BallControl,64,3
PROGRESSOR,BallControl,65,3
PROGRESSOR,BallControl,66,3
PROGRESSOR,BallControl,67,3
PROGRESSOR,BallControl,68,3
PROGRESSOR,BallControl,69,3
PROGRESSOR,BallControl,70,4
PROGRESSOR,BallControl,71,4
PROGRESSOR,BallControl,72,4
PROGRESSOR,BallControl,73,4
PROGRESSOR,BallControl,74,4
PROGRESSOR,BallControl,75,6
PROGRESSOR,BallControl,76,6
PROGRESSOR,BallControl,77,6
PROGRESSOR,BallControl,78,6
PROGRESSOR,BallControl,79,6
PROGRESSOR,BallControl,80,7
PROGRESSOR,BallControl,81,7
PROGRESSOR,BallControl,82,7
PROGRESSOR,BallControl,83,7
PROGRESSOR,BallControl,84,7
PROGRESSOR,BallControl,85,11
PROGRESSOR,BallControl,86,11
PROGRESSOR,BallControl,87,11
PROGRESSOR,BallControl,88,11
PROGRESSOR,BallControl,89,11
PROGRESSOR,BallControl,90,15
PROGRESSOR,BallControl,91,15
PROGRESSOR,BallControl,92,15
PROGRESSOR,BallControl,93,15
PROGRESSOR,BallControl,94,15
PROGRESSOR,BallControl,95,18
PROGRESSOR,BallControl,96,22
PROGRESSOR,BallControl,97,26
PROGRESSOR,BallControl,98,30
PROGRESSOR,BallControl,99,33
PROGRESSOR,Dribbling,40,2
PROGRESSOR,Dribbling,41,2
PROGRESSOR,Dribbling,42,2
PROGRESSOR,Dribbling,43,2
PROGRESSOR,Dribbling,44,2
PROGRESSOR,Dribbling,45,2
PROGRESSOR,Dribbling,46,2
PROGRESSOR,Dribbling,47,2
PROGRESSOR,Dribbling,48,2
PROGRESSOR,Dribbling,49,2
PROGRESSOR,Dribbling,50,2
PROGRESSOR,Dribbling,51,2
PROGRESSOR,Dribbling,52,2
PROGRESSOR,Dribbling,53,2
PROGRESSOR,Dribbling,54,2
PROGRESSOR,Dribbling,55,2
PROGRESSOR,Dribbling,56,2
PROGRESSOR,Dribbling,57,2
PROGRESSOR,Dribbling,58,2
PROGRESSOR,Dribbling,59,2
PROGRESSOR,Dribbling,60,3
PROGRESSOR,Dribbling,61,3
PROGRESSOR,Dribbling,62,3
PROGRESSOR,Dribbling,63,3
PROGRESSOR,Dribbling,64,4
PROGRESSOR,Dribbling,65,4
PROGRESSOR,Dribbling,66,4
PROGRESSOR,Dribbling,67,5
PROGRESSOR,Dribbling,68,5
PROGRESSOR,Dribbling,69,5
PROGRESSOR,Dribbling,70,6
PROGRESSOR,Dribbling,71,6
PROGRESSOR,Dribbling,72,6
PROGRESSOR,Dribbling,73,6
PROGRESSOR,Dribbling,74,6
PROGRESSOR,Dribbling,75,8
PROGRESSOR,Dribbling,76,8
PROGRESSOR,Dribbling,77,8
PROGRESSOR,Dribbling,78,8
PROGRESSOR,Dribbling,79,8
PROGRESSOR,Dribbling,80,10
PROGRESSOR,Dribbling,81,10
PROGRESSOR,Dribbling,82,10
PROGRESSOR,Dribbling,83,10
PROGRESSOR,Dribbling,84,10
PROGRESSOR,Dribbling,85,15
PROGRESSOR,Dribbling,86,15
PROGRESSOR,Dribbling,87,15
PROGRESSOR,Dribbling,88,15
PROGRESSOR,Dribbling,89,15
PROGRESSOR,Dribbling,90,20
PROGRESSOR,Dribbling,91,20
PROGRESSOR,Dribbling,92,20
PROGRESSOR,Dribbling,93,20
PROGRESSOR,Dribbling,94,20
PROGRESSOR,Dribbling,95,25
PROGRESSOR,Dribbling,96,30
PROGRESSOR,Dribbling,97,35
PROGRESSOR,Dribbling,98,40
PROGRESSOR,Dribbling,99,45
PROGRESSOR,Composure,40,1
PROGRESSOR,Composure,41,1
PROGRESSOR,Composure,42,1
PROGRESSOR,Composure,43,1
PROGRESSOR,Composure,44,1
PROGRESSOR,Composure,45,1
PROGRESSOR,Composure,46,1
PROGRESSOR,Composure,47,1
PROGRESSOR,Composure,48,1
PROGRESSOR,Composure,49,1
PROGRESSOR,Composure,50,1
PROGRESSOR,Composure,51,1
PROGRESSOR,Composure,52,1
PROGRESSOR,Composure,53,1
PROGRESSOR,Composure,54,1
PROGRESSOR,Composure,55,1
PROGRESSOR,Composure,56,1
PROGRESSOR,Composure,57,1
PROGRESSOR,Composure,58,1
PROGRESSOR,Composure,59,1
PROGRESSOR,Composure,60,1
PROGRESSOR,Composure,61,1
PROGRESSOR,Composure,62,1
PROGRESSOR,Composure,63,1
PROGRESSOR,Composure,64,2
PROGRESSOR,Composure,65,2
PROGRESSOR,Composure,66,2
PROGRESSOR,Composure,67,2
PROGRESSOR,Composure,68,2
PROGRESSOR,Composure,69,2
PROGRESSOR,Composure,70,3
PROGRESSOR,Composure,71,3
PROGRESSOR,Composure,72,3
PROGRESSOR,Composure,73,3
PROGRESSOR,Composure,74,3
PROGRESSOR,Composure,75,4
PROGRESSOR,Composure,76,4
PROGRESSOR,Composure,77,4
PROGRESSOR,Composure,78,4
PROGRESSOR,Composure,79,4
PROGRESSOR,Composure,80,5
PROGRESSOR,Composure,81,5
PROGRESSOR,Composure,82,5
PROGRESSOR,Composure,83,5
PROGRESSOR,Composure,84,5
PROGRESSOR,Composure,85,8
PROGRESSOR,Composure,86,8
PROGRESSOR,Composure,87,8
PROGRESSOR,Composure,88,8
PROGRESSOR,Composure,89,8
PROGRESSOR,Composure,90,11
PROGRESSOR,Composure,91,11
PROGRESSOR,Composure,92,11
PROGRESSOR,Composure,93,11
PROGRESSOR,Composure,94,11
PROGRESSOR,Composure,95,13
PROGRESSOR,Composure,96,16
PROGRESSOR,Composure,97,19
PROGRESSOR,Composure,98,22
PROGRESSOR,Composure,99,24
PROGRESSOR,Interceptions,40,2
PROGRESSOR,Interceptions,41,2
PROGRESSOR,Interceptions,42,2
PROGRESSOR,Interceptions,43,2
PROGRESSOR,Interceptions,44,2
PROGRESSOR,Interceptions,45,2
PROGRESSOR,Interceptions,46,2
PROGRESSOR,Interceptions,47,2
PROGRESSOR,Interceptions,48,2
PROGRESSOR,Interceptions,49,2
PROGRESSOR,Interceptions,50,2
PROGRESSOR,Interceptions,51,2
PROGRESSOR,Interceptions,52,2
PROGRESSOR,Interceptions,53,2
PROGRESSOR,Interceptions,54,2
PROGRESSOR,Interceptions,55,2
PROGRESSOR,Interceptions,56,2
PROGRESSOR,Interceptions,57,2
PROGRESSOR,Interceptions,58,2
PROGRESSOR,Interceptions,59,2
PROGRESSOR,Interceptions,60,3
PROGRESSOR,Interceptions,61,3
PROGRESSOR,Interceptions,62,3
PROGRESSOR,Interceptions,63,3
PROGRESSOR,Interceptions,64,4
PROGRESSOR,Interceptions,65,4
PROGRESSOR,Interceptions,66,4
PROGRESSOR,Interceptions,67,5
PROGRESSOR,Interceptions,68,5
PROGRESSOR,Interceptions,69,5
PROGRESSOR,Interceptions,70,6
PROGRESSOR,Interceptions,71,6
PROGRESSOR,Interceptions,72,6
PROGRESSOR,Interceptions,73,6
PROGRESSOR,Interceptions,74,6
PROGRESSOR,Interceptions,75,8
PROGRESSOR,Interceptions,76,8
PROGRESSOR,Interceptions,77,8
PROGRESSOR,Interceptions,78,8
PROGRESSOR,Interceptions,79,8
PROGRESSOR,Interceptions,80,10
PROGRESSOR,Interceptions,81,10
PROGRESSOR,Interceptions,82,10
PROGRESSOR,Interceptions,83,10
PROGRESSOR,Interceptions,84,10
PROGRESSOR,Interceptions,85,15
PROGRESSOR,Interceptions,86,15
PROGRESSOR,Interceptions,87,15
PROGRESSOR,Interceptions,88,15
PROGRESSOR,Interceptions,89,15
PROGRESSOR,Interceptions,90,20
PROGRESSOR,Interceptions,91,20
PROGRESSOR,Interceptions,92,20
PROGRESSOR,Interceptions,93,20
PROGRESSOR,Interceptions,94,20
PROGRESSOR,Interceptions,95,25
PROGRESSOR,Interceptions,96,30
PROGRESSOR,Interceptions,97,35
PROGRESSOR,Interceptions,98,40
PROGRESSOR,Interceptions,99,45
PROGRESSOR,Heading Accuracy,40,1
PROGRESSOR,Heading Accuracy,41,1
PROGRESSOR,Heading Accuracy,42,1
PROGRESSOR,Heading Accuracy,43,1
PROGRESSOR,Heading Accuracy,44,1
PROGRESSOR,Heading Accuracy,45,1
PROGRESSOR,Heading Accuracy,46,1
PROGRESSOR,Heading Accuracy,47,1
PROGRESSOR,Heading Accuracy,48,1
PROGRESSOR,Heading Accuracy,49,1
PROGRESSOR,Heading Accuracy,50,1
PROGRESSOR,Heading Accuracy,51,1
PROGRESSOR,Heading Accuracy,52,1
PROGRESSOR,Heading Accuracy,53,1
PROGRESSOR,Heading Accuracy,54,1
PROGRESSOR,Heading Accuracy,55,1
PROGRESSOR,Heading Accuracy,56,1
PROGRESSOR,Heading Accuracy,57,1
PROGRESSOR,Heading Accuracy,58,1
PROGRESSOR,Heading Accuracy,59,1
PROGRESSOR,Heading Accuracy,60,2
PROGRESSOR,Heading Accuracy,61,2
PROGRESSOR,Heading Accuracy,62,2
PROGRESSOR,Heading Accuracy,63,2
PROGRESSOR,Heading Accuracy,64,3
PROGRESSOR,Heading Accuracy,65,3
PROGRESSOR,Heading Accuracy,66,3
PROGRESSOR,Heading Accuracy,67,3
PROGRESSOR,Heading Accuracy,68,3
PROGRESSOR,Heading Accuracy,69,3
PROGRESSOR,Heading Accuracy,70,4
PROGRESSOR,Heading Accuracy,71,4
PROGRESSOR,Heading Accuracy,72,4
PROGRESSOR,Heading Accuracy,73,4
PROGRESSOR,Heading Accuracy,74,4
PROGRESSOR,Heading Accuracy,75,6
PROGRESSOR,Heading Accuracy,76,6
PROGRESSOR,Heading Accuracy,77,6
PROGRESSOR,Heading Accuracy,78,6
PROGRESSOR,Heading Accuracy,79,6
PROGRESSOR,Heading Accuracy,80,7
PROGRESSOR,Heading Accuracy,81,7
PROGRESSOR,Heading Accuracy,82,7
PROGRESSOR,Heading Accuracy,83,7
PROGRESSOR,Heading Accuracy,84,7
PROGRESSOR,Heading Accuracy,85,11
PROGRESSOR,Heading Accuracy,86,11
PROGRESSOR,Heading Accuracy,87,11
PROGRESSOR,Heading Accuracy,88,11
PROGRESSOR,Heading Accuracy,89,11
PROGRESSOR,Heading Accuracy,90,15
PROGRESSOR,Heading Accuracy,91,15
PROGRESSOR,Heading Accuracy,92,15
PROGRESSOR,Heading Accuracy,93,15
PROGRESSOR,Heading Accuracy,94,15
PROGRESSOR,Heading Accuracy,95,18
PROGRESSOR,Heading Accuracy,96,22
PROGRESSOR,Heading Accuracy,97,26
PROGRESSOR,Heading Accuracy,98,30
PROGRESSOR,Heading Accuracy,99,33
PROGRESSOR,DefAwareness,40,1
PROGRESSOR,DefAwareness,41,1
PROGRESSOR,DefAwareness,42,1
PROGRESSOR,DefAwareness,43,1
PROGRESSOR,DefAwareness,44,1
PROGRESSOR,DefAwareness,45,1
PROGRESSOR,DefAwareness,46,1
PROGRESSOR,DefAwareness,47,1
PROGRESSOR,DefAwareness,48,1
PROGRESSOR,DefAwareness,49,1
PROGRESSOR,DefAwareness,50,1
PROGRESSOR,DefAwareness,51,1
PROGRESSOR,DefAwareness,52,1
PROGRESSOR,DefAwareness,53,1
PROGRESSOR,DefAwareness,54,1
PROGRESSOR,DefAwareness,55,1
PROGRESSOR,DefAwareness,56,1
PROGRESSOR,DefAwareness,57,1
PROGRESSOR,DefAwareness,58,1
PROGRESSOR,DefAwareness,59,1
PROGRESSOR,DefAwareness,60,1
PROGRESSOR,DefAwareness,61,1
PROGRESSOR,DefAwareness,62,1
PROGRESSOR,DefAwareness,63,1
PROGRESSOR,DefAwareness,64,2
PROGRESSOR,DefAwareness,65,2
PROGRESSOR,DefAwareness,66,2
PROGRESSOR,DefAwareness,67,2
PROGRESSOR,DefAwareness,68,2
PROGRESSOR,DefAwareness,69,2
PROGRESSOR,DefAwareness,70,3
PROGRESSOR,DefAwareness,71,3
PROGRESSOR,DefAwareness,72,3
PROGRESSOR,DefAwareness,73,3
PROGRESSOR,DefAwareness,74,3
PROGRESSOR,DefAwareness,75,4
PROGRESSOR,DefAwareness,76,4
PROGRESSOR,DefAwareness,77,4
PROGRESSOR,DefAwareness,78,4
PROGRESSOR,DefAwareness,79,4
PROGRESSOR,DefAwareness,80,5
PROGRESSOR,DefAwareness,81,5
PROGRESSOR,DefAwareness,82,5
PROGRESSOR,DefAwareness,83,5
PROGRESSOR,DefAwareness,84,5
PROGRESSOR,DefAwareness,85,8
PROGRESSOR,DefAwareness,86,8
PROGRESSOR,DefAwareness,87,8
PROGRESSOR,DefAwareness,88,8
PROGRESSOR,DefAwareness,89,8
PROGRESSOR,DefAwareness,90,11
PROGRESSOR,DefAwareness,91,11
PROGRESSOR,DefAwareness,92,11
PROGRESSOR,DefAwareness,93,11
PROGRESSOR,DefAwareness,94,11
PROGRESSOR,DefAwareness,95,13
PROGRESSOR,DefAwareness,96,16
PROGRESSOR,DefAwareness,97,19
PROGRESSOR,DefAwareness,98,22
PROGRESSOR,DefAwareness,99,24
PROGRESSOR,StandingTackle,40,1
PROGRESSOR,StandingTackle,41,1
PROGRESSOR,StandingTackle,42,1
PROGRESSOR,StandingTackle,43,1
PROGRESSOR,StandingTackle,44,1
PROGRESSOR,StandingTackle,45,1
PROGRESSOR,StandingTackle,46,1
PROGRESSOR,StandingTackle,47,1
PROGRESSOR,StandingTackle,48,1
PROGRESSOR,StandingTackle,49,1
PROGRESSOR,StandingTackle,50,1
PROGRESSOR,StandingTackle,51,1
PROGRESSOR,StandingTackle,52,1
PROGRESSOR,StandingTackle,53,1
PROGRESSOR,StandingTackle,54,1
PROGRESSOR,StandingTackle,55,1
PROGRESSOR,StandingTackle,56,1
PROGRESSOR,StandingTackle,57,1
PROGRESSOR,StandingTackle,58,1
PROGRESSOR,StandingTackle,59,1
PROGRESSOR,StandingTackle,60,2
PROGRESSOR,StandingTackle,61,2
PROGRESSOR,StandingTackle,62,2
PROGRESSOR,StandingTackle,63,2
PROGRESSOR,StandingTackle,64,3
PROGRESSOR,StandingTackle,65,3
PROGRESSOR,StandingTackle,66,3
PROGRESSOR,StandingTackle,67,3
PROGRESSOR,StandingTackle,68,3
PROGRESSOR,StandingTackle,69,3
PROGRESSOR,StandingTackle,70,4
PROGRESSOR,StandingTackle,71,4
PROGRESSOR,StandingTackle,72,4
PROGRESSOR,StandingTackle,73,4
PROGRESSOR,StandingTackle,74,4
PROGRESSOR,StandingTackle,75,6
PROGRESSOR,StandingTackle,76,6
PROGRESSOR,StandingTackle,77,6
PROGRESSOR,StandingTackle,78,6
PROGRESSOR,StandingTackle,79,6
PROGRESSOR,StandingTackle,80,7
PROGRESSOR,StandingTackle,81,7
PROGRESSOR,StandingTackle,82,7
PROGRESSOR,StandingTackle,83,7
PROGRESSOR,StandingTackle,84,7
PROGRESSOR,StandingTackle,85,11
PROGRESSOR,StandingTackle,86,11
PROGRESSOR,StandingTackle,87,11
PROGRESSOR,StandingTackle,88,11
PROGRESSOR,StandingTackle,89,11
PROGRESSOR,StandingTackle,90,15
PROGRESSOR,StandingTackle,91,15
PROGRESSOR,StandingTackle,92,15
PROGRESSOR,StandingTackle,93,15
PROGRESSOR,StandingTackle,94,15
PROGRESSOR,StandingTackle,95,18
PROGRESSOR,StandingTackle,96,22
PROGRESSOR,StandingTackle,97,26
PROGRESSOR,StandingTackle,98,30
PROGRESSOR,StandingTackle,99,33
PROGRESSOR,SlidingTackle,40,1
PROGRESSOR,SlidingTackle,41,1
PROGRESSOR,SlidingTackle,42,1
PROGRESSOR,SlidingTackle,43,1
PROGRESSOR,SlidingTackle,44,1
PROGRESSOR,SlidingTackle,45,1
PROGRESSOR,SlidingTackle,46,1
PROGRESSOR,SlidingTackle,47,1
PROGRESSOR,SlidingTackle,48,1
PROGRESSOR,SlidingTackle,49,1
PROGRESSOR,SlidingTackle,50,1
PROGRESSOR,SlidingTackle,51,1
PROGRESSOR,SlidingTackle,52,1
PROGRESSOR,SlidingTackle,53,1
PROGRESSOR,SlidingTackle,54,1
PROGRESSOR,SlidingTackle,55,1
PROGRESSOR,SlidingTackle,56,1
PROGRESSOR,SlidingTackle,57,1
PROGRESSOR,SlidingTackle,58,1
PROGRESSOR,SlidingTackle,59,1
PROGRESSOR,SlidingTackle,60,2
PROGRESSOR,SlidingTackle,61,2
PROGRESSOR,SlidingTackle,62,2
PROGRESSOR,SlidingTackle,63,2
PROGRESSOR,SlidingTackle,64,3
PROGRESSOR,SlidingTackle,65,3
PROGRESSOR,SlidingTackle,66,3
PROGRESSOR,SlidingTackle,67,3
PROGRESSOR,SlidingTackle,68,3
PROGRESSOR,SlidingTackle,69,3
PROGRESSOR,SlidingTackle,70,4
PROGRESSOR,SlidingTackle,71,4
PROGRESSOR,SlidingTackle,72,4
PROGRESSOR,SlidingTackle,73,4
PROGRESSOR,SlidingTackle,74,4
PROGRESSOR,SlidingTackle,75,6
PROGRESSOR,SlidingTackle,76,6
PROGRESSOR,SlidingTackle,77,6
PROGRESSOR,SlidingTackle,78,6
PROGRESSOR,SlidingTackle,79,6
PROGRESSOR,SlidingTackle,80,7
PROGRESSOR,SlidingTackle,81,7
PROGRESSOR,SlidingTackle,82,7
PROGRESSOR,SlidingTackle,83,7
PROGRESSOR,SlidingTackle,84,7
PROGRESSOR,SlidingTackle,85,11
PROGRESSOR,SlidingTackle,86,11
PROGRESSOR,SlidingTackle,87,11
PROGRESSOR,SlidingTackle,88,11
PROGRESSOR,SlidingTackle,89,11
PROGRESSOR,SlidingTackle,90,15
PROGRESSOR,SlidingTackle,91,15
PROGRESSOR,SlidingTackle,92,15
PROGRESSOR,SlidingTackle,93,15
PROGRESSOR,SlidingTackle,94,15
PROGRESSOR,SlidingTackle,95,18
PROGRESSOR,SlidingTackle,96,22
PROGRESSOR,SlidingTackle,97,26
PROGRESSOR,SlidingTackle,98,30
PROGRESSOR,SlidingTackle,99,33
PROGRESSOR,Jumping,40,1
PROGRESSOR,Jumping,41,1
PROGRESSOR,Jumping,42,1
PROGRESSOR,Jumping,43,1
PROGRESSOR,Jumping,44,1
PROGRESSOR,Jumping,45,1
PROGRESSOR,Jumping,46,1
PROGRESSOR,Jumping,47,1
PROGRESSOR,Jumping,48,1
PROGRESSOR,Jumping,49,1
PROGRESSOR,Jumping,50,1
PROGRESSOR,Jumping,51,1
PROGRESSOR,Jumping,52,1
PROGRESSOR,Jumping,53,1
PROGRESSOR,Jumping,54,1
PROGRESSOR,Jumping,55,1
PROGRESSOR,Jumping,56,1
PROGRESSOR,Jumping,57,1
PROGRESSOR,Jumping,58,1
PROGRESSOR,Jumping,59,1
PROGRESSOR,Jumping,60,1
PROGRESSOR,Jumping,61,1
PROGRESSOR,Jumping,62,1
PROGRESSOR,Jumping,63,1
PROGRESSOR,Jumping,64,2
PROGRESSOR,Jumping,65,2
PROGRESSOR,Jumping,66,2
PROGRESSOR,Jumping,67,2
PROGRESSOR,Jumping,68,2
PROGRESSOR,Jumping,69,2
PROGRESSOR,Jumping,70,3
PROGRESSOR,Jumping,71,3
PROGRESSOR,Jumping,72,3
PROGRESSOR,Jumping,73,3
PROGRESSOR,Jumping,74,3
PROGRESSOR,Jumping,75,4
PROGRESSOR,Jumping,76,4
PROGRESSOR,Jumping,77,4
PROGRESSOR,Jumping,78,4
PROGRESSOR,Jumping,79,4
PROGRESSOR,Jumping,80,5
PROGRESSOR,Jumping,81,5
PROGRESSOR,Jumping,82,5
PROGRESSOR,Jumping,83,5
PROGRESSOR,Jumping,84,5
PROGRESSOR,Jumping,85,8
PROGRESSOR,Jumping,86,8
PROGRESSOR,Jumping,87,8
PROGRESSOR,Jumping,88,8
PROGRESSOR,Jumping,89,8
PROGRESSOR,Jumping,90,11
PROGRESSOR,Jumping,91,11
PROGRESSOR,Jumping,92,11
PROGRESSOR,Jumping,93,11
PROGRESSOR,Jumping,94,11
PROGRESSOR,Jumping,95,13
PROGRESSOR,Jumping,96,16
PROGRESSOR,Jumping,97,19
PROGRESSOR,Jumping,98,22
PROGRESSOR,Jumping,99,24
PROGRESSOR,Stamina,40,1
PROGRESSOR,Stamina,41,1
PROGRESSOR,Stamina,42,1
PROGRESSOR,Stamina,43,1
PROGRESSOR,Stamina,44,1
PROGRESSOR,Stamina,45,1
PROGRESSOR,Stamina,46,1
PROGRESSOR,Stamina,47,1
PROGRESSOR,Stamina,48,1
PROGRESSOR,Stamina,49,1
PROGRESSOR,Stamina,50,1
PROGRESSOR,Stamina,51,1
PROGRESSOR,Stamina,52,1
PROGRESSOR,Stamina,53,1
PROGRESSOR,Stamina,54,1
PROGRESSOR,Stamina,55,1
PROGRESSOR,Stamina,56,1
PROGRESSOR,Stamina,57,1
PROGRESSOR,Stamina,58,1
PROGRESSOR,Stamina,59,1
PROGRESSOR,Stamina,60,1
PROGRESSOR,Stamina,61,1
PROGRESSOR,Stamina,62,1
PROGRESSOR,Stamina,63,1
PROGRESSOR,Stamina,64,2
PROGRESSOR,Stamina,65,2
PROGRESSOR,Stamina,66,2
PROGRESSOR,Stamina,67,2
PROGRESSOR,Stamina,68,2
PROGRESSOR,Stamina,69,2
PROGRESSOR,Stamina,70,3
PROGRESSOR,Stamina,71,3
PROGRESSOR,Stamina,72,3
PROGRESSOR,Stamina,73,3
PROGRESSOR,Stamina,74,3
PROGRESSOR,Stamina,75,4
PROGRESSOR,Stamina,76,4
PROGRESSOR,Stamina,77,4
PROGRESSOR,Stamina,78,4
PROGRESSOR,Stamina,79,4
PROGRESSOR,Stamina,80,5
PROGRESSOR,Stamina,81,5
PROGRESSOR,Stamina,82,5
PROGRESSOR,Stamina,83,5
PROGRESSOR,Stamina,84,5
PROGRESSOR,Stamina,85,8
PROGRESSOR,Stamina,86,8
PROGRESSOR,Stamina,87,8
PROGRESSOR,Stamina,88,8
PROGRESSOR,Stamina,89,8
PROGRESSOR,Stamina,90,11
PROGRESSOR,Stamina,91,11
PROGRESSOR,Stamina,92,11
PROGRESSOR,Stamina,93,11
PROGRESSOR,Stamina,94,11
PROGRESSOR,Stamina,95,13
PROGRESSOR,Stamina,96,16
PROGRESSOR,Stamina,97,19
PROGRESSOR,Stamina,98,22
PROGRESSOR,Stamina,99,24
PROGRESSOR,Strength,40,1
PROGRESSOR,Strength,41,1
PROGRESSOR,Strength,42,1
PROGRESSOR,Strength,43,1
PROGRESSOR,Strength,44,1
PROGRESSOR,Strength,45,1
PROGRESSOR,Strength,46,1
PROGRESSOR,Strength,47,1
PROGRESSOR,Strength,48,1
PROGRESSOR,Strength,49,1
PROGRESSOR,Strength,50,1
PROGRESSOR,Strength,51,1
PROGRESSOR,Strength,52,1
PROGRESSOR,Strength,53,1
PROGRESSOR,Strength,54,1
PROGRESSOR,Strength,55,1
PROGRESSOR,Strength,56,1
PROGRESSOR,Strength,57,1
PROGRESSOR,Strength,58,1
PROGRESSOR,Strength,59,1
PROGRESSOR,Strength,60,2
PROGRESSOR,Strength,61,2
PROGRESSOR,Strength,62,2
PROGRESSOR,Strength,63,2
PROGRESSOR,Strength,64,3
PROGRESSOR,Strength,65,3
PROGRESSOR,Strength,66,3
PROGRESSOR,Strength,67,3
PROGRESSOR,Strength,68,3
PROGRESSOR,Strength,69,3
PROGRESSOR,Strength,70,4
PROGRESSOR,Strength,71,4
PROGRESSOR,Strength,72,4
PROGRESSOR,Strength,73,4
PROGRESSOR,Strength,74,4
PROGRESSOR,Strength,75,6
PROGRESSOR,Strength,76,6
PROGRESSOR,Strength,77,6
PROGRESSOR,Strength,78,6
PROGRESSOR,Strength,79,6
PROGRESSOR,Strength,80,7
PROGRESSOR,Strength,81,7
PROGRESSOR,Strength,82,7
PROGRESSOR,Strength,83,7
PROGRESSOR,Strength,84,7
PROGRESSOR,Strength,85,11
PROGRESSOR,Strength,86,11
PROGRESSOR,Strength,87,11
PROGRESSOR,Strength,88,11
PROGRESSOR,Strength,89,11
PROGRESSOR,Strength,90,15
PROGRESSOR,Strength,91,15
PROGRESSOR,Strength,92,15
PROGRESSOR,Strength,93,15
PROGRESSOR,Strength,94,15
PROGRESSOR,Strength,95,18
PROGRESSOR,Strength,96,22
PROGRESSOR,Strength,97,26
PROGRESSOR,Strength,98,30
PROGRESSOR,Strength,99,33
PROGRESSOR,Aggression,40,1
PROGRESSOR,Aggression,41,1
PROGRESSOR,Aggression,42,1
PROGRESSOR,Aggression,43,1
PROGRESSOR,Aggression,44,1
PROGRESSOR,Aggression,45,1
PROGRESSOR,Aggression,46,1
PROGRESSOR,Aggression,47,1
PROGRESSOR,Aggression,48,1
PROGRESSOR,Aggression,49,1
PROGRESSOR,Aggression,50,1
PROGRESSOR,Aggression,51,1
PROGRESSOR,Aggression,52,1
PROGRESSOR,Aggression,53,1
PROGRESSOR,Aggression,54,1
PROGRESSOR,Aggression,55,1
PROGRESSOR,Aggression,56,1
PROGRESSOR,Aggression,57,1
PROGRESSOR,Aggression,58,1
PROGRESSOR,Aggression,59,1
PROGRESSOR,Aggression,60,1
PROGRESSOR,Aggression,61,1
PROGRESSOR,Aggression,62,1
PROGRESSOR,Aggression,63,1
PROGRESSOR,Aggression,64,2
PROGRESSOR,Aggression,65,2
PROGRESSOR,Aggression,66,2
PROGRESSOR,Aggression,67,2
PROGRESSOR,Aggression,68,2
PROGRESSOR,Aggression,69,2
PROGRESSOR,Aggression,70,3
PROGRESSOR,Aggression,71,3
PROGRESSOR,Aggression,72,3
PROGRESSOR,Aggression,73,3
PROGRESSOR,Aggression,74,3
PROGRESSOR,Aggression,75,4
PROGRESSOR,Aggression,76,4
PROGRESSOR,Aggression,77,4
PROGRESSOR,Aggression,78,4
PROGRESSOR,Aggression,79,4
PROGRESSOR,Aggression,80,5
PROGRESSOR,Aggression,81,5
PROGRESSOR,Aggression,82,5
PROGRESSOR,Aggression,83,5
PROGRESSOR,Aggression,84,5
PROGRESSOR,Aggression,85,8
PROGRESSOR,Aggression,86,8
PROGRESSOR,Aggression,87,8
PROGRESSOR,Aggression,88,8
PROGRESSOR,Aggression,89,8
PROGRESSOR,Aggression,90,11
PROGRESSOR,Aggression,91,11
PROGRESSOR,Aggression,92,11
PROGRESSOR,Aggression,93,11
PROGRESSOR,Aggression,94,11
PROGRESSOR,Aggression,95,13
PROGRESSOR,Aggression,96,16
PROGRESSOR,Aggression,97,19
PROGRESSOR,Aggression,98,22
PROGRESSOR,Aggression,99,24
BOSS,Acceleration,40,2
BOSS,Acceleration,41,2
BOSS,Acceleration,42,2
BOSS,Acceleration,43,2
BOSS,Acceleration,44,2
BOSS,Acceleration,45,2
BOSS,Acceleration,46,2
BOSS,Acceleration,47,2
BOSS,Acceleration,48,2
BOSS,Acceleration,49,2
BOSS,Acceleration,50,2
BOSS,Acceleration,51,2
BOSS,Acceleration,52,2
BOSS,Acceleration,53,2
BOSS,Acceleration,54,2
BOSS,Acceleration,55,2
BOSS,Acceleration,56,2
BOSS,Acceleration,57,2
BOSS,Acceleration,58,2
BOSS,Acceleration,59,2
BOSS,Acceleration,60,3
BOSS,Acceleration,61,3
BOSS,Acceleration,62,3
BOSS,Acceleration,63,3
BOSS,Acceleration,64,4
BOSS,Acceleration,65,4
BOSS,Acceleration,66,4
BOSS,Acceleration,67,5
BOSS,Acceleration,68,5
BOSS,Acceleration,69,5
BOSS,Acceleration,70,6
BOSS,Acceleration,71,6
BOSS,Acceleration,72,6
BOSS,Acceleration,73,6
BOSS,Acceleration,74,6
BOSS,Acceleration,75,8
BOSS,Acceleration,76,8
BOSS,Acceleration,77,8
BOSS,Acceleration,78,8
BOSS,Acceleration,79,8
BOSS,Acceleration,80,10
BOSS,Acceleration,81,10
BOSS,Acceleration,82,10
BOSS,Acceleration,83,10
BOSS,Acceleration,84,10
BOSS,Acceleration,85,15
BOSS,Acceleration,86,15
BOSS,Acceleration,87,15
BOSS,Acceleration,88,15
BOSS,Acceleration,89,15
BOSS,Acceleration,90,20
BOSS,Acceleration,91,20
BOSS,Acceleration,92,20
BOSS,Acceleration,93,20
BOSS,Acceleration,94,20
BOSS,Acceleration,95,25
BOSS,Acceleration,96,30
BOSS,Acceleration,97,35
BOSS,Acceleration,98,40
BOSS,Acceleration,99,45
BOSS,SprintSpeed,40,2
BOSS,SprintSpeed,41,2
BOSS,SprintSpeed,42,2
BOSS,SprintSpeed,43,2
BOSS,SprintSpeed,44,2
BOSS,SprintSpeed,45,2
BOSS,SprintSpeed,46,2
BOSS,SprintSpeed,47,2
BOSS,SprintSpeed,48,2
BOSS,SprintSpeed,49,2
BOSS,SprintSpeed,50,2
BOSS,SprintSpeed,51,2
BOSS,SprintSpeed,52,2
BOSS,SprintSpeed,53,2
BOSS,SprintSpeed,54,2
BOSS,SprintSpeed,55,2
BOSS,SprintSpeed,56,2
BOSS,SprintSpeed,57,2
BOSS,SprintSpeed,58,2
BOSS,SprintSpeed,59,2
BOSS,SprintSpeed,60,3
BOSS,SprintSpeed,61,3
BOSS,SprintSpeed,62,3
BOSS,SprintSpeed,63,3
BOSS,SprintSpeed,64,4
BOSS,SprintSpeed,65,4
BOSS,SprintSpeed,66,4
BOSS,SprintSpeed,67,5
BOSS,SprintSpeed,68,5
BOSS,SprintSpeed,69,5
BOSS,SprintSpeed,70,6
BOSS,SprintSpeed,71,6
BOSS,SprintSpeed,72,6
BOSS,SprintSpeed,73,6
BOSS,SprintSpeed,74,6
BOSS,SprintSpeed,75,8
BOSS,SprintSpeed,76,8
BOSS,SprintSpeed,77,8
BOSS,SprintSpeed,78,8
BOSS,SprintSpeed,79,8
BOSS,SprintSpeed,80,10
BOSS,SprintSpeed,81,10
BOSS,SprintSpeed,82,10
BOSS,SprintSpeed,83,10
BOSS,SprintSpeed,84,10
BOSS,SprintSpeed,85,15
BOSS,SprintSpeed,86,15
BOSS,SprintSpeed,87,15
BOSS,SprintSpeed,88,15
BOSS,SprintSpeed,89,15
BOSS,SprintSpeed,90,20
BOSS,SprintSpeed,91,20
BOSS,SprintSpeed,92,20
BOSS,SprintSpeed,93,20
BOSS,SprintSpeed,94,20
BOSS,SprintSpeed,95,25
BOSS,SprintSpeed,96,30
BOSS,SprintSpeed,97,35
BOSS,SprintSpeed,98,40
BOSS,SprintSpeed,99,45
BOSS,AttackPositioning,40,1
BOSS,AttackPositioning,41,1
BOSS,AttackPositioning,42,1
BOSS,AttackPositioning,43,1
BOSS,AttackPositioning,44,1
BOSS,AttackPositioning,45,1
BOSS,AttackPositioning,46,1
BOSS,AttackPositioning,47,1
BOSS,AttackPositioning,48,1
BOSS,AttackPositioning,49,1
BOSS,AttackPositioning,50,1
BOSS,AttackPositioning,51,1
BOSS,AttackPositioning,52,1
BOSS,AttackPositioning,53,1
BOSS,AttackPositioning,54,1
BOSS,AttackPositioning,55,1
BOSS,AttackPositioning,56,1
BOSS,AttackPositioning,57,1
BOSS,AttackPositioning,58,1
BOSS,AttackPositioning,59,1
BOSS,AttackPositioning,60,1
BOSS,AttackPositioning,61,1
BOSS,AttackPositioning,62,1
BOSS,AttackPositioning,63,1
BOSS,AttackPositioning,64,2
BOSS,AttackPositioning,65,2
BOSS,AttackPositioning,66,2
BOSS,AttackPositioning,67,2
BOSS,AttackPositioning,68,2
BOSS,AttackPositioning,69,2
BOSS,AttackPositioning,70,3
BOSS,AttackPositioning,71,3
BOSS,AttackPositioning,72,3
BOSS,AttackPositioning,73,3
BOSS,AttackPositioning,74,3
BOSS,AttackPositioning,75,4
BOSS,AttackPositioning,76,4
BOSS,AttackPositioning,77,4
BOSS,AttackPositioning,78,4
BOSS,AttackPositioning,79,4
BOSS,AttackPositioning,80,5
BOSS,AttackPositioning,81,5
BOSS,AttackPositioning,82,5
BOSS,AttackPositioning,83,5
BOSS,AttackPositioning,84,5
BOSS,AttackPositioning,85,8
BOSS,AttackPositioning,86,8
BOSS,AttackPositioning,87,8
BOSS,AttackPositioning,88,8
BOSS,AttackPositioning,89,8
BOSS,AttackPositioning,90,11
BOSS,AttackPositioning,91,11
BOSS,AttackPositioning,92,11
BOSS,AttackPositioning,93,11
BOSS,AttackPositioning,94,11
BOSS,AttackPositioning,95,13
BOSS,AttackPositioning,96,16
BOSS,AttackPositioning,97,19
BOSS,AttackPositioning,98,22
BOSS,AttackPositioning,99,24
BOSS,Finishing,40,2
BOSS,Finishing,41,2
BOSS,Finishing,42,2
BOSS,Finishing,43,2
BOSS,Finishing,44,2
BOSS,Finishing,45,2
BOSS,Finishing,46,2
BOSS,Finishing,47,2
BOSS,Finishing,48,2
BOSS,Finishing,49,2
BOSS,Finishing,50,2
BOSS,Finishing,51,2
BOSS,Finishing,52,2
BOSS,Finishing,53,2
BOSS,Finishing,54,2
BOSS,Finishing,55,2
BOSS,Finishing,56,2
BOSS,Finishing,57,2
BOSS,Finishing,58,2
BOSS,Finishing,59,2
BOSS,Finishing,60,3
BOSS,Finishing,61,3
BOSS,Finishing,62,3
BOSS,Finishing,63,3
BOSS,Finishing,64,4
BOSS,Finishing,65,4
BOSS,Finishing,66,4
BOSS,Finishing,67,5
BOSS,Finishing,68,5
BOSS,Finishing,69,5
BOSS,Finishing,70,6
BOSS,Finishing,71,6
BOSS,Finishing,72,6
BOSS,Finishing,73,6
BOSS,Finishing,74,6
BOSS,Finishing,75,8
BOSS,Finishing,76,8
BOSS,Finishing,77,8
BOSS,Finishing,78,8
BOSS,Finishing,79,8
BOSS,Finishing,80,10
BOSS,Finishing,81,10
BOSS,Finishing,82,10
BOSS,Finishing,83,10
BOSS,Finishing,84,10
BOSS,Finishing,85,15
BOSS,Finishing,86,15
BOSS,Finishing,87,15
BOSS,Finishing,88,15
BOSS,Finishing,89,15
BOSS,Finishing,90,20
BOSS,Finishing,91,20
BOSS,Finishing,92,20
BOSS,Finishing,93,20
BOSS,Finishing,94,20
BOSS,Finishing,95,25
BOSS,Finishing,96,30
BOSS,Finishing,97,35
BOSS,Finishing,98,40
BOSS,Finishing,99,45
BOSS,ShotPower,40,1
BOSS,ShotPower,41,1
BOSS,ShotPower,42,1
BOSS,ShotPower,43,1
BOSS,ShotPower,44,1
BOSS,ShotPower,45,1
BOSS,ShotPower,46,1
BOSS,ShotPower,47,1
BOSS,ShotPower,48,1
BOSS,ShotPower,49,1
BOSS,ShotPower,50,1
BOSS,ShotPower,51,1
BOSS,ShotPower,52,1
BOSS,ShotPower,53,1
BOSS,ShotPower,54,1
BOSS,ShotPower,55,1
BOSS,ShotPower,56,1
BOSS,ShotPower,57,1
BOSS,ShotPower,58,1
BOSS,ShotPower,59,1
BOSS,ShotPower,60,2
BOSS,ShotPower,61,2
BOSS,ShotPower,62,2
BOSS,ShotPower,63,2
BOSS,ShotPower,64,3
BOSS,ShotPower,65,3
BOSS,ShotPower,66,3
BOSS,ShotPower,67,3
BOSS,ShotPower,68,3
BOSS,ShotPower,69,3
BOSS,ShotPower,70,4
BOSS,ShotPower,71,4
BOSS,ShotPower,72,4
BOSS,ShotPower,73,4
BOSS,ShotPower,74,4
BOSS,ShotPower,75,6
BOSS,ShotPower,76,6
BOSS,ShotPower,77,6
BOSS,ShotPower,78,6
BOSS,ShotPower,79,6
BOSS,ShotPower,80,7
BOSS,ShotPower,81,7
BOSS,ShotPower,82,7
BOSS,ShotPower,83,7
BOSS,ShotPower,84,7
BOSS,ShotPower,85,11
BOSS,ShotPower,86,11
BOSS,ShotPower,87,11
BOSS,ShotPower,88,11
BOSS,ShotPower,89,11
BOSS,ShotPower,90,15
BOSS,ShotPower,91,15
BOSS,ShotPower,92,15
BOSS,ShotPower,93,15
BOSS,ShotPower,94,15
BOSS,ShotPower,95,18
BOSS,ShotPower,96,22
BOSS,ShotPower,97,26
BOSS,ShotPower,98,30
BOSS,ShotPower,99,33
BOSS,LongShots,40,1
BOSS,LongShots,41,1
BOSS,LongShots,42,1
BOSS,LongShots,43,1
BOSS,LongShots,44,1
BOSS,LongShots,45,1
BOSS,LongShots,46,1
BOSS,LongShots,47,1
BOSS,LongShots,48,1
BOSS,LongShots,49,1
BOSS,LongShots,50,1
BOSS,LongShots,51,1
BOSS,LongShots,52,1
BOSS,LongShots,53,1
BOSS,LongShots,54,1
BOSS,LongShots,55,1
BOSS,LongShots,56,1
BOSS,LongShots,57,1
BOSS,LongShots,58,1
BOSS,LongShots,59,1
BOSS,LongShots,60,2
BOSS,LongShots,61,2
BOSS,LongShots,62,2
BOSS,LongShots,63,2
BOSS,LongShots,64,3
BOSS,LongShots,65,3
BOSS,LongShots,66,3
BOSS,LongShots,67,3
BOSS,LongShots,68,3
BOSS,LongShots,69,3
BOSS,LongShots,70,4
BOSS,LongShots,71,4
BOSS,LongShots,72,4
BOSS,LongShots,73,4
BOSS,LongShots,74,4
BOSS,LongShots,75,6
BOSS,LongShots,76,6
BOSS,LongShots,77,6
BOSS,LongShots,78,6
BOSS,LongShots,79,6
BOSS,LongShots,80,7
BOSS,LongShots,81,7
BOSS,LongShots,82,7
BOSS,LongShots,83,7
BOSS,LongShots,84,7
BOSS,LongShots,85,11
BOSS,LongShots,86,11
BOSS,LongShots,87,11
BOSS,LongShots,88,11
BOSS,LongShots,89,11
BOSS,LongShots,90,15
BOSS,LongShots,91,15
BOSS,LongShots,92,15
BOSS,LongShots,93,15
BOSS,LongShots,94,15
BOSS,LongShots,95,18
BOSS,LongShots,96,22
BOSS,LongShots,97,26
BOSS,LongShots,98,30
BOSS,LongShots,99,33
BOSS,Volleys,40,1
BOSS,Volleys,41,1
BOSS,Volleys,42,1
BOSS,Volleys,43,1
BOSS,Volleys,44,1
BOSS,Volleys,45,1
BOSS,Volleys,46,1
BOSS,Volleys,47,1
BOSS,Volleys,48,1
BOSS,Volleys,49,1
BOSS,Volleys,50,1
BOSS,Volleys,51,1
BOSS,Volleys,52,1
BOSS,Volleys,53,1
BOSS,Volleys,54,1
BOSS,Volleys,55,1
BOSS,Volleys,56,1
BOSS,Volleys,57,1
BOSS,Volleys,58,1
BOSS,Volleys,59,1
BOSS,Volleys,60,1
BOSS,Volleys,61,1
BOSS,Volleys,62,1
BOSS,Volleys,63,1
BOSS,Volleys,64,2
BOSS,Volleys,65,2
BOSS,Volleys,66,2
BOSS,Volleys,67,2
BOSS,Volleys,68,2
BOSS,Volleys,69,2
BOSS,Volleys,70,3
BOSS,Volleys,71,3
BOSS,Volleys,72,3
BOSS,Volleys,73,3
BOSS,Volleys,74,3
BOSS,Volleys,75,4
BOSS,Volleys,76,4
BOSS,Volleys,77,4
BOSS,Volleys,78,4
BOSS,Volleys,79,4
BOSS,Volleys,80,5
BOSS,Volleys,81,5
BOSS,Volleys,82,5
BOSS,Volleys,83,5
BOSS,Volleys,84,5
BOSS,Volleys,85,8
BOSS,Volleys,86,8
BOSS,Volleys,87,8
BOSS,Volleys,88,8
BOSS,Volleys,89,8
BOSS,Volleys,90,11
BOSS,Volleys,91,11
BOSS,Volleys,92,11
BOSS,Volleys,93,11
BOSS,Volleys,94,11
BOSS,Volleys,95,13
BOSS,Volleys,96,16
BOSS,Volleys,97,19
BOSS,Volleys,98,22
BOSS,Volleys,99,24
BOSS,Penalties,40,1
BOSS,Penalties,41,1
BOSS,Penalties,42,1
BOSS,Penalties,43,1
BOSS,Penalties,44,1
BOSS,Penalties,45,1
BOSS,Penalties,46,1
BOSS,Penalties,47,1
BOSS,Penalties,48,1
BOSS,Penalties,49,1
BOSS,Penalties,50,1
BOSS,Penalties,51,1
BOSS,Penalties,52,1
BOSS,Penalties,53,1
BOSS,Penalties,54,1
BOSS,Penalties,55,1
BOSS,Penalties,56,1
BOSS,Penalties,57,1
BOSS,Penalties,58,1
BOSS,Penalties,59,1
BOSS,Penalties,60,1
BOSS,Penalties,61,1
BOSS,Penalties,62,1
BOSS,Penalties,63,1
BOSS,Penalties,64,2
BOSS,Penalties,65,2
BOSS,Penalties,66,2
BOSS,Penalties,67,2
BOSS,Penalties,68,2
BOSS,Penalties,69,2
BOSS,Penalties,70,3
BOSS,Penalties,71,3
BOSS,Penalties,72,3
BOSS,Penalties,73,3
BOSS,Penalties,74,3
BOSS,Penalties,75,4
BOSS,Penalties,76,4
BOSS,Penalties,77,4
BOSS,Penalties,78,4
BOSS,Penalties,79,4
BOSS,Penalties,80,5
BOSS,Penalties,81,5
BOSS,Penalties,82,5
BOSS,Penalties,83,5
BOSS,Penalties,84,5
BOSS,Penalties,85,8
BOSS,Penalties,86,8
BOSS,Penalties,87,8
BOSS,Penalties,88,8
BOSS,Penalties,89,8
BOSS,Penalties,90,11
BOSS,Penalties,91,11
BOSS,Penalties,92,11
BOSS,Penalties,93,11
BOSS,Penalties,94,11
BOSS,Penalties,95,13
BOSS,Penalties,96,16
BOSS,Penalties,97,19
BOSS,Penalties,98,22
BOSS,Penalties,99,24
BOSS,Vision,40,1
BOSS,Vision,41,1
BOSS,Vision,42,1
BOSS,Vision,43,1
BOSS,Vision,44,1
BOSS,Vision,45,1
BOSS,Vision,46,1
BOSS,Vision,47,1
BOSS,Vision,48,1
BOSS,Vision,49,1
BOSS,Vision,50,1
BOSS,Vision,51,1
BOSS,Vision,52,1
BOSS,Vision,53,1
BOSS,Vision,54,1
BOSS,Vision,55,1
BOSS,Vision,56,1
BOSS,Vision,57,1
BOSS,Vision,58,1
BOSS,Vision,59,1
BOSS,Vision,60,2
BOSS,Vision,61,2
BOSS,Vision,62,2
BOSS,Vision,63,2
BOSS,Vision,64,3
BOSS,Vision,65,3
BOSS,Vision,66,3
BOSS,Vision,67,3
BOSS,Vision,68,3
BOSS,Vision,69,3
BOSS,Vision,70,4
BOSS,Vision,71,4
BOSS,Vision,72,4
BOSS,Vision,73,4
BOSS,Vision,74,4
BOSS,Vision,75,6
BOSS,Vision,76,6
BOSS,Vision,77,6
BOSS,Vision,78,6
BOSS,Vision,79,6
BOSS,Vision,80,7
BOSS,Vision,81,7
BOSS,Vision,82,7
BOSS,Vision,83,7
BOSS,Vision,84,7
BOSS,Vision,85,11
BOSS,Vision,86,11
BOSS,Vision,87,11
BOSS,Vision,88,11
BOSS,Vision,89,11
BOSS,Vision,90,15
BOSS,Vision,91,15
BOSS,Vision,92,15
BOSS,Vision,93,15
BOSS,Vision,94,15
BOSS,Vision,95,18
BOSS,Vision,96,22
BOSS,Vision,97,26
BOSS,Vision,98,30
BOSS,Vision,99,33
BOSS,Crossing,40,1
BOSS,Crossing,41,1
BOSS,Crossing,42,1
BOSS,Crossing,43,1
BOSS,Crossing,44,1
BOSS,Crossing,45,1
BOSS,Crossing,46,1
BOSS,Crossing,47,1
BOSS,Crossing,48,1
BOSS,Crossing,49,1
BOSS,Crossing,50,1
BOSS,Crossing,51,1
BOSS,Crossing,52,1
BOSS,Crossing,53,1
BOSS,Crossing,54,1
BOSS,Crossing,55,1
BOSS,Crossing,56,1
BOSS,Crossing,57,1
BOSS,Crossing,58,1
BOSS,Crossing,59,1
BOSS,Crossing,60,2
BOSS,Crossing,61,2
BOSS,Crossing,62,2
BOSS,Crossing,63,2
BOSS,Crossing,64,3
BOSS,Crossing,65,3
BOSS,Crossing,66,3
BOSS,Crossing,67,3
BOSS,Crossing,68,3
BOSS,Crossing,69,3
BOSS,Crossing,70,4
BOSS,Crossing,71,4
BOSS,Crossing,72,4
BOSS,Crossing,73,4
BOSS,Crossing,74,4
BOSS,Crossing,75,6
BOSS,Crossing,76,6
BOSS,Crossing,77,6
BOSS,Crossing,78,6
BOSS,Crossing,79,6
BOSS,Crossing,80,7
BOSS,Crossing,81,7
BOSS,Crossing,82,7
BOSS,Crossing,83,7
BOSS,Crossing,84,7
BOSS,Crossing,85,11
BOSS,Crossing,86,11
BOSS,Crossing,87,11
BOSS,Crossing,88,11
BOSS,Crossing,89,11
BOSS,Crossing,90,15
BOSS,Crossing,91,15
BOSS,Crossing,92,15
BOSS,Crossing,93,15
BOSS,Crossing,94,15
BOSS,Crossing,95,18
BOSS,Crossing,96,22
BOSS,Crossing,97,26
BOSS,Crossing,98,30
BOSS,Crossing,99,33
BOSS,FKAccuracy,40,1
BOSS,FKAccuracy,41,1
BOSS,FKAccuracy,42,1
BOSS,FKAccuracy,43,1
BOSS,FKAccuracy,44,1
BOSS,FKAccuracy,45,1
BOSS,FKAccuracy,46,1
BOSS,FKAccuracy,47,1
BOSS,FKAccuracy,48,1
BOSS,FKAccuracy,49,1
BOSS,FKAccuracy,50,1
BOSS,FKAccuracy,51,1
BOSS,FKAccuracy,52,1
BOSS,FKAccuracy,53,1
BOSS,FKAccuracy,54,1
BOSS,FKAccuracy,55,1
BOSS,FKAccuracy,56,1
BOSS,FKAccuracy,57,1
BOSS,FKAccuracy,58,1
BOSS,FKAccuracy,59,1
BOSS,FKAccuracy,60,1
BOSS,FKAccuracy,61,1
BOSS,FKAccuracy,62,1
BOSS,FKAccuracy,63,1
BOSS,FKAccuracy,64,2
BOSS,FKAccuracy,65,2
BOSS,FKAccuracy,66,2
BOSS,FKAccuracy,67,2
BOSS,FKAccuracy,68,2
BOSS,FKAccuracy,69,2
BOSS,FKAccuracy,70,3
BOSS,FKAccuracy,71,3
BOSS,FKAccuracy,72,3
BOSS,FKAccuracy,73,3
BOSS,FKAccuracy,74,3
BOSS,FKAccuracy,75,4
BOSS,FKAccuracy,76,4
BOSS,FKAccuracy,77,4
BOSS,FKAccuracy,78,4
BOSS,FKAccuracy,79,4
BOSS,FKAccuracy,80,5
BOSS,FKAccuracy,81,5
BOSS,FKAccuracy,82,5
BOSS,FKAccuracy,83,5
BOSS,FKAccuracy,84,5
BOSS,FKAccuracy,85,8
BOSS,FKAccuracy,86,8
BOSS,FKAccuracy,87,8
BOSS,FKAccuracy,88,8
BOSS,FKAccuracy,89,8
BOSS,FKAccuracy,90,11
BOSS,FKAccuracy,91,11
BOSS,FKAccuracy,92,11
BOSS,FKAccuracy,93,11
BOSS,FKAccuracy,94,11
BOSS,FKAccuracy,95,13
BOSS,FKAccuracy,96,16
BOSS,FKAccuracy,97,19
BOSS,FKAccuracy,98,22
BOSS,FKAccuracy,99,24
BOSS,ShortPassing,40,2
BOSS,ShortPassing,41,2
BOSS,ShortPassing,42,2
BOSS,ShortPassing,43,2
BOSS,ShortPassing,44,2
BOSS,ShortPassing,45,2
BOSS,ShortPassing,46,2
BOSS,ShortPassing,47,2
BOSS,ShortPassing,48,2
BOSS,ShortPassing,49,2
BOSS,ShortPassing,50,2
BOSS,ShortPassing,51,2
BOSS,ShortPassing,52,2
BOSS,ShortPassing,53,2
BOSS,ShortPassing,54,2
BOSS,ShortPassing,55,2
BOSS,ShortPassing,56,2
BOSS,ShortPassing,57,2
BOSS,ShortPassing,58,2
BOSS,ShortPassing,59,2
BOSS,ShortPassing,60,3
BOSS,ShortPassing,61,3
BOSS,ShortPassing,62,3
BOSS,ShortPassing,63,3
BOSS,ShortPassing,64,4
BOSS,ShortPassing,65,4
BOSS,ShortPassing,66,4
BOSS,ShortPassing,67,5
BOSS,ShortPassing,68,5
BOSS,ShortPassing,69,5
BOSS,ShortPassing,70,6
BOSS,ShortPassing,71,6
BOSS,ShortPassing,72,6
BOSS,ShortPassing,73,6
BOSS,ShortPassing,74,6
BOSS,ShortPassing,75,8
BOSS,ShortPassing,76,8
BOSS,ShortPassing,77,8
BOSS,ShortPassing,78,8
BOSS,ShortPassing,79,8
BOSS,ShortPassing,80,10
BOSS,ShortPassing,81,10
BOSS,ShortPassing,82,10
BOSS,ShortPassing,83,10
BOSS,ShortPassing,84,10
BOSS,ShortPassing,85,15
BOSS,ShortPassing,86,15
BOSS,ShortPassing,87,15
BOSS,ShortPassing,88,15
BOSS,ShortPassing,89,15
BOSS,ShortPassing,90,20
BOSS,ShortPassing,91,20
BOSS,ShortPassing,92,20
BOSS,ShortPassing,93,20
BOSS,ShortPassing,94,20
BOSS,ShortPassing,95,25
BOSS,ShortPassing,96,30
BOSS,ShortPassing,97,35
BOSS,ShortPassing,98,40
BOSS,ShortPassing,99,45
BOSS,LongPassing,40,1
BOSS,LongPassing,41,1
BOSS,LongPassing,42,1
BOSS,LongPassing,43,1
BOSS,LongPassing,44,1
BOSS,LongPassing,45,1
BOSS,LongPassing,46,1
BOSS,LongPassing,47,1
BOSS,LongPassing,48,1
BOSS,LongPassing,49,1
BOSS,LongPassing,50,1
BOSS,LongPassing,51,1
BOSS,LongPassing,52,1
BOSS,LongPassing,53,1
BOSS,LongPassing,54,1
BOSS,LongPassing,55,1
BOSS,LongPassing,56,1
BOSS,LongPassing,57,1
BOSS,LongPassing,58,1
BOSS,LongPassing,59,1
BOSS,LongPassing,60,2
BOSS,LongPassing,61,2
BOSS,LongPassing,62,2
BOSS,LongPassing,63,2
BOSS,LongPassing,64,3
BOSS,LongPassing,65,3
BOSS,LongPassing,66,3
BOSS,LongPassing,67,3
BOSS,LongPassing,68,3
BOSS,LongPassing,69,3
BOSS,LongPassing,70,4
BOSS,LongPassing,71,4
BOSS,LongPassing,72,4
BOSS,LongPassing,73,4
BOSS,LongPassing,74,4
BOSS,LongPassing,75,6
BOSS,LongPassing,76,6
BOSS,LongPassing,77,6
BOSS,LongPassing,78,6
BOSS,LongPassing,79,6
BOSS,LongPassing,80,7
BOSS,LongPassing,81,7
BOSS,LongPassing,82,7
BOSS,LongPassing,83,7
BOSS,LongPassing,84,7
BOSS,LongPassing,85,11
BOSS,LongPassing,86,11
BOSS,LongPassing,87,11
BOSS,LongPassing,88,11
BOSS,LongPassing,89,11
BOSS,LongPassing,90,15
BOSS,LongPassing,91,15
BOSS,LongPassing,92,15
BOSS,LongPassing,93,15
BOSS,LongPassing,94,15
BOSS,LongPassing,95,18
BOSS,LongPassing,96,22
BOSS,LongPassing,97,26
BOSS,LongPassing,98,30
BOSS,LongPassing,99,33
BOSS,Curve,40,1
BOSS,Curve,41,1
BOSS,Curve,42,1
BOSS,Curve,43,1
BOSS,Curve,44,1
BOSS,Curve,45,1
BOSS,Curve,46,1
BOSS,Curve,47,1
BOSS,Curve,48,1
BOSS,Curve,49,1
BOSS,Curve,50,1
BOSS,Curve,51,1
BOSS,Curve,52,1
BOSS,Curve,53,1
BOSS,Curve,54,1
BOSS,Curve,55,1
BOSS,Curve,56,1
BOSS,Curve,57,1
BOSS,Curve,58,1
BOSS,Curve,59,1
BOSS,Curve,60,1
BOSS,Curve,61,1
BOSS,Curve,62,1
BOSS,Curve,63,1
BOSS,Curve,64,2
BOSS,Curve,65,2
BOSS,Curve,66,2
BOSS,Curve,67,2
BOSS,Curve,68,2
BOSS,Curve,69,2
BOSS,Curve,70,3
BOSS,Curve,71,3
BOSS,Curve,72,3
BOSS,Curve,73,3
BOSS,Curve,74,3
BOSS,Curve,75,4
BOSS,Curve,76,4
BOSS,Curve,77,4
BOSS,Curve,78,4
BOSS,Curve,79,4
BOSS,Curve,80,5
BOSS,Curve,81,5
BOSS,Curve,82,5
BOSS,Curve,83,5
BOSS,Curve,84,5
BOSS,Curve,85,8
BOSS,Curve,86,8
BOSS,Curve,87,8
BOSS,Curve,88,8
BOSS,Curve,89,8
BOSS,Curve,90,11
BOSS,Curve,91,11
BOSS,Curve,92,11
BOSS,Curve,93,11
BOSS,Curve,94,11
BOSS,Curve,95,13
BOSS,Curve,96,16
BOSS,Curve,97,19
BOSS,Curve,98,22
BOSS,Curve,99,24
BOSS,Agility,40,2
BOSS,Agility,41,2
BOSS,Agility,42,2
BOSS,Agility,43,2
BOSS,Agility,44,2
BOSS,Agility,45,2
BOSS,Agility,46,2
BOSS,Agility,47,2
BOSS,Agility,48,2
BOSS,Agility,49,2
BOSS,Agility,50,2
BOSS,Agility,51,2
BOSS,Agility,52,2
BOSS,Agility,53,2
BOSS,Agility,54,2
BOSS,Agility,55,2
BOSS,Agility,56,2
BOSS,Agility,57,2
BOSS,Agility,58,2
BOSS,Agility,59,2
BOSS,Agility,60,3
BOSS,Agility,61,3
BOSS,Agility,62,3
BOSS,Agility,63,3
BOSS,Agility,64,4
BOSS,Agility,65,4
BOSS,Agility,66,4
BOSS,Agility,67,5
BOSS,Agility,68,5
BOSS,Agility,69,5
BOSS,Agility,70,6
BOSS,Agility,71,6
BOSS,Agility,72,6
BOSS,Agility,73,6
BOSS,Agility,74,6
BOSS,Agility,75,8
BOSS,Agility,76,8
BOSS,Agility,77,8
BOSS,Agility,78,8
BOSS,Agility,79,8
BOSS,Agility,80,10
BOSS,Agility,81,10
BOSS,Agility,82,10
BOSS,Agility,83,10
BOSS,Agility,84,10
BOSS,Agility,85,15
BOSS,Agility,86,15
BOSS,Agility,87,15
BOSS,Agility,88,15
BOSS,Agility,89,15
BOSS,Agility,90,20
BOSS,Agility,91,20
BOSS,Agility,92,20
BOSS,Agility,93,20
BOSS,Agility,94,20
BOSS,Agility,95,25
BOSS,Agility,96,30
BOSS,Agility,97,35
BOSS,Agility,98,40
BOSS,Agility,99,45
BOSS,Balance,40,1
BOSS,Balance,41,1
BOSS,Balance,42,1
BOSS,Balance,43,1
BOSS,Balance,44,1
BOSS,Balance,45,1
BOSS,Balance,46,1
BOSS,Balance,47,1
BOSS,Balance,48,1
BOSS,Balance,49,1
BOSS,Balance,50,1
BOSS,Balance,51,1
BOSS,Balance,52,1
BOSS,Balance,53,1
BOSS,Balance,54,1
BOSS,Balance,55,1
BOSS,Balance,56,1
BOSS,Balance,57,1
BOSS,Balance,58,1
BOSS,Balance,59,1
BOSS,Balance,60,2
BOSS,Balance,61,2
BOSS,Balance,62,2
BOSS,Balance,63,2
BOSS,Balance,64,3
BOSS,Balance,65,3
BOSS,Balance,66,3
BOSS,Balance,67,3
BOSS,Balance,68,3
BOSS,Balance,69,3
BOSS,Balance,70,4
BOSS,Balance,71,4
BOSS,Balance,72,4
BOSS,Balance,73,4
BOSS,Balance,74,4
BOSS,Balance,75,6
BOSS,Balance,76,6
BOSS,Balance,77,6
BOSS,Balance,78,6
BOSS,Balance,79,6
BOSS,Balance,80,7
BOSS,Balance,81,7
BOSS,Balance,82,7
BOSS,Balance,83,7
BOSS,Balance,84,7
BOSS,Balance,85,11
BOSS,Balance,86,11
BOSS,Balance,87,11
BOSS,Balance,88,11
BOSS,Balance,89,11
BOSS,Balance,90,15
BOSS,Balance,91,15
BOSS,Balance,92,15
BOSS,Balance,93,15
BOSS,Balance,94,15
BOSS,Balance,95,18
BOSS,Balance,96,22
BOSS,Balance,97,26
BOSS,Balance,98,30
BOSS,Balance,99,33
BOSS,Reactions,40,1
BOSS,Reactions,41,1
BOSS,Reactions,42,1
BOSS,Reactions,43,1
BOSS,Reactions,44,1
BOSS,Reactions,45,1
BOSS,Reactions,46,1
BOSS,Reactions,47,1
BOSS,Reactions,48,1
BOSS,Reactions,49,1
BOSS,Reactions,50,1
BOSS,Reactions,51,1
BOSS,Reactions,52,1
BOSS,Reactions,53,1
BOSS,Reactions,54,1
BOSS,Reactions,55,1
BOSS,Reactions,56,1
BOSS,Reactions,57,1
BOSS,Reactions,58,1
BOSS,Reactions,59,1
BOSS,Reactions,60,1
BOSS,Reactions,61,1
BOSS,Reactions,62,1
BOSS,Reactions,63,1
BOSS,Reactions,64,2
BOSS,Reactions,65,2
BOSS,Reactions,66,2
BOSS,Reactions,67,2
BOSS,Reactions,68,2
BOSS,Reactions,69,2
BOSS,Reactions,70,3
BOSS,Reactions,71,3
BOSS,Reactions,72,3
BOSS,Reactions,73,3
BOSS,Reactions,74,3
BOSS,Reactions,75,4
BOSS,Reactions,76,4
BOSS,Reactions,77,4
BOSS,Reactions,78,4
BOSS,Reactions,79,4
BOSS,Reactions,80,5
BOSS,Reactions,81,5
BOSS,Reactions,82,5
BOSS,Reactions,83,5
BOSS,Reactions,84,5
BOSS,Reactions,85,8
BOSS,Reactions,86,8
BOSS,Reactions,87,8
BOSS,Reactions,88,8
BOSS,Reactions,89,8
BOSS,Reactions,90,11
BOSS,Reactions,91,11
BOSS,Reactions,92,11
BOSS,Reactions,93,11
BOSS,Reactions,94,11
BOSS,Reactions,95,13
BOSS,Reactions,96,16
BOSS,Reactions,97,19
BOSS,Reactions,98,22
BOSS,Reactions,99,24
BOSS,BallControl,40,1
BOSS,BallControl,41,1
BOSS,BallControl,42,1
BOSS,BallControl,43,1
BOSS,BallControl,44,1
BOSS,BallControl,45,1
BOSS,BallControl,46,1
BOSS,BallControl,47,1
BOSS,BallControl,48,1
BOSS,BallControl,49,1
BOSS,BallControl,50,1
BOSS,BallControl,51,1
BOSS,BallControl,52,1
BOSS,BallControl,53,1
BOSS,BallControl,54,1
BOSS,BallControl,55,1
BOSS,BallControl,56,1
BOSS,BallControl,57,1
BOSS,BallControl,58,1
BOSS,BallControl,59,1
BOSS,BallControl,60,2
BOSS,BallControl,61,2
BOSS,BallControl,62,2
BOSS,BallControl,63,2
BOSS,BallControl,64,3
BOSS,BallControl,65,3
BOSS,BallControl,66,3
BOSS,BallControl,67,3
BOSS,BallControl,68,3
BOSS,BallControl,69,3
BOSS,BallControl,70,4
BOSS,BallControl,71,4
BOSS,BallControl,72,4
BOSS,BallControl,73,4
BOSS,BallControl,74,4
BOSS,BallControl,75,6
BOSS,BallControl,76,6
BOSS,BallControl,77,6
BOSS,BallControl,78,6
BOSS,BallControl,79,6
BOSS,BallControl,80,7
BOSS,BallControl,81,7
BOSS,BallControl,82,7
BOSS,BallControl,83,7
BOSS,BallControl,84,7
BOSS,BallControl,85,11
BOSS,BallControl,86,11
BOSS,BallControl,87,11
BOSS,BallControl,88,11
BOSS,BallControl,89,11
BOSS,BallControl,90,15
BOSS,BallControl,91,15
BOSS,BallControl,92,15
BOSS,BallControl,93,15
BOSS,BallControl,94,15
BOSS,BallControl,95,18
BOSS,BallControl,96,22
BOSS,BallControl,97,26
BOSS,BallControl,98,30
BOSS,BallControl,99,33
BOSS,Dribbling,40,2
BOSS,Dribbling,41,2
BOSS,Dribbling,42,2
BOSS,Dribbling,43,2
BOSS,Dribbling,44,2
BOSS,Dribbling,45,2
BOSS,Dribbling,46,2
BOSS,Dribbling,47,2
BOSS,Dribbling,48,2
BOSS,Dribbling,49,2
BOSS,Dribbling,50,2
BOSS,Dribbling,51,2
BOSS,Dribbling,52,2
BOSS,Dribbling,53,2
BOSS,Dribbling,54,2
BOSS,Dribbling,55,2
BOSS,Dribbling,56,2
BOSS,Dribbling,57,2
BOSS,Dribbling,58,2
BOSS,Dribbling,59,2
BOSS,Dribbling,60,3
BOSS,Dribbling,61,3
BOSS,Dribbling,62,3
BOSS,Dribbling,63,3
BOSS,Dribbling,64,4
BOSS,Dribbling,65,4
BOSS,Dribbling,66,4
BOSS,Dribbling,67,5
BOSS,Dribbling,68,5
BOSS,Dribbling,69,5
BOSS,Dribbling,70,6
BOSS,Dribbling,71,6
BOSS,Dribbling,72,6
BOSS,Dribbling,73,6
BOSS,Dribbling,74,6
BOSS,Dribbling,75,8
BOSS,Dribbling,76,8
BOSS,Dribbling,77,8
BOSS,Dribbling,78,8
BOSS,Dribbling,79,8
BOSS,Dribbling,80,10
BOSS,Dribbling,81,10
BOSS,Dribbling,82,10
BOSS,Dribbling,83,10
BOSS,Dribbling,84,10
BOSS,Dribbling,85,15
BOSS,Dribbling,86,15
BOSS,Dribbling,87,15
BOSS,Dribbling,88,15
BOSS,Dribbling,89,15
BOSS,Dribbling,90,20
BOSS,Dribbling,91,20
BOSS,Dribbling,92,20
BOSS,Dribbling,93,20
BOSS,Dribbling,94,20
BOSS,Dribbling,95,25
BOSS,Dribbling,96,30
BOSS,Dribbling,97,35
BOSS,Dribbling,98,40
BOSS,Dribbling,99,45
BOSS,Composure,40,1
BOSS,Composure,41,1
BOSS,Composure,42,1
BOSS,Composure,43,1
BOSS,Composure,44,1
BOSS,Composure,45,1
BOSS,Composure,46,1
BOSS,Composure,47,1
BOSS,Composure,48,1
BOSS,Composure,49,1
BOSS,Composure,50,1
BOSS,Composure,51,1
BOSS,Composure,52,1
BOSS,Composure,53,1
BOSS,Composure,54,1
BOSS,Composure,55,1
BOSS,Composure,56,1
BOSS,Composure,57,1
BOSS,Composure,58,1
BOSS,Composure,59,1
BOSS,Composure,60,2
BOSS,Composure,61,2
BOSS,Composure,62,2
BOSS,Composure,63,2
BOSS,Composure,64,3
BOSS,Composure,65,3
BOSS,Composure,66,3
BOSS,Composure,67,3
BOSS,Composure,68,3
BOSS,Composure,69,3
BOSS,Composure,70,4
BOSS,Composure,71,4
BOSS,Composure,72,4
BOSS,Composure,73,4
BOSS,Composure,74,4
BOSS,Composure,75,6
BOSS,Composure,76,6
BOSS,Composure,77,6
BOSS,Composure,78,6
BOSS,Composure,79,6
BOSS,Composure,80,7
BOSS,Composure,81,7
BOSS,Composure,82,7
BOSS,Composure,83,7
BOSS,Composure,84,7
BOSS,Composure,85,11
BOSS,Composure,86,11
BOSS,Composure,87,11
BOSS,Composure,88,11
BOSS,Composure,89,11
BOSS,Composure,90,15
BOSS,Composure,91,15
BOSS,Composure,92,15
BOSS,Composure,93,15
BOSS,Composure,94,15
BOSS,Composure,95,18
BOSS,Composure,96,22
BOSS,Composure,97,26
BOSS,Composure,98,30
BOSS,Composure,99,33
BOSS,Interceptions,40,2
BOSS,Interceptions,41,2
BOSS,Interceptions,42,2
BOSS,Interceptions,43,2
BOSS,Interceptions,44,2
BOSS,Interceptions,45,2
BOSS,Interceptions,46,2
BOSS,Interceptions,47,2
BOSS,Interceptions,48,2
BOSS,Interceptions,49,2
BOSS,Interceptions,50,2
BOSS,Interceptions,51,2
BOSS,Interceptions,52,2
BOSS,Interceptions,53,2
BOSS,Interceptions,54,2
BOSS,Interceptions,55,2
BOSS,Interceptions,56,2
BOSS,Interceptions,57,2
BOSS,Interceptions,58,2
BOSS,Interceptions,59,2
BOSS,Interceptions,60,3
BOSS,Interceptions,61,3
BOSS,Interceptions,62,3
BOSS,Interceptions,63,3
BOSS,Interceptions,64,4
BOSS,Interceptions,65,4
BOSS,Interceptions,66,4
BOSS,Interceptions,67,5
BOSS,Interceptions,68,5
BOSS,Interceptions,69,5
BOSS,Interceptions,70,6
BOSS,Interceptions,71,6
BOSS,Interceptions,72,6
BOSS,Interceptions,73,6
BOSS,Interceptions,74,6
BOSS,Interceptions,75,8
BOSS,Interceptions,76,8
BOSS,Interceptions,77,8
BOSS,Interceptions,78,8
BOSS,Interceptions,79,8
BOSS,Interceptions,80,10
BOSS,Interceptions,81,10
BOSS,Interceptions,82,10
BOSS,Interceptions,83,10
BOSS,Interceptions,84,10
BOSS,Interceptions,85,15
BOSS,Interceptions,86,15
BOSS,Interceptions,87,15
BOSS,Interceptions,88,15
BOSS,Interceptions,89,15
BOSS,Interceptions,90,20
BOSS,Interceptions,91,20
BOSS,Interceptions,92,20
BOSS,Interceptions,93,20
BOSS,Interceptions,94,20
BOSS,Interceptions,95,25
BOSS,Interceptions,96,30
BOSS,Interceptions,97,35
BOSS,Interceptions,98,40
BOSS,Interceptions,99,45
BOSS,Heading Accuracy,40,1
BOSS,Heading Accuracy,41,1
BOSS,Heading Accuracy,42,1
BOSS,Heading Accuracy,43,1
BOSS,Heading Accuracy,44,1
BOSS,Heading Accuracy,45,1
BOSS,Heading Accuracy,46,1
BOSS,Heading Accuracy,47,1
BOSS,Heading Accuracy,48,1
BOSS,Heading Accuracy,49,1
BOSS,Heading Accuracy,50,1
BOSS,Heading Accuracy,51,1
BOSS,Heading Accuracy,52,1
BOSS,Heading Accuracy,53,1
BOSS,Heading Accuracy,54,1
BOSS,Heading Accuracy,55,1
BOSS,Heading Accuracy,56,1
BOSS,Heading Accuracy,57,1
BOSS,Heading Accuracy,58,1
BOSS,Heading Accuracy,59,1
BOSS,Heading Accuracy,60,1
BOSS,Heading Accuracy,61,1
BOSS,Heading Accuracy,62,1
BOSS,Heading Accuracy,63,1
BOSS,Heading Accuracy,64,2
BOSS,Heading Accuracy,65,2
BOSS,Heading Accuracy,66,2
BOSS,Heading Accuracy,67,2
BOSS,Heading Accuracy,68,2
BOSS,Heading Accuracy,69,2
BOSS,Heading Accuracy,70,3
BOSS,Heading Accuracy,71,3
BOSS,Heading Accuracy,72,3
BOSS,Heading Accuracy,73,3
BOSS,Heading Accuracy,74,3
BOSS,Heading Accuracy,75,4
BOSS,Heading Accuracy,76,4
BOSS,Heading Accuracy,77,4
BOSS,Heading Accuracy,78,4
BOSS,Heading Accuracy,79,4
BOSS,Heading Accuracy,80,5
BOSS,Heading Accuracy,81,5
BOSS,Heading Accuracy,82,5
BOSS,Heading Accuracy,83,5
BOSS,Heading Accuracy,84,5
BOSS,Heading Accuracy,85,8
BOSS,Heading Accuracy,86,8
BOSS,Heading Accuracy,87,8
BOSS,Heading Accuracy,88,8
BOSS,Heading Accuracy,89,8
BOSS,Heading Accuracy,90,11
BOSS,Heading Accuracy,91,11
BOSS,Heading Accuracy,92,11
BOSS,Heading Accuracy,93,11
BOSS,Heading Accuracy,94,11
BOSS,Heading Accuracy,95,13
BOSS,Heading Accuracy,96,16
BOSS,Heading Accuracy,97,19
BOSS,Heading Accuracy,98,22
BOSS,Heading Accuracy,99,24
BOSS,DefAwareness,40,1
BOSS,DefAwareness,41,1
BOSS,DefAwareness,42,1
BOSS,DefAwareness,43,1
BOSS,DefAwareness,44,1
BOSS,DefAwareness,45,1
BOSS,DefAwareness,46,1
BOSS,DefAwareness,47,1
BOSS,DefAwareness,48,1
BOSS,DefAwareness,49,1
BOSS,DefAwareness,50,1
BOSS,DefAwareness,51,1
BOSS,DefAwareness,52,1
BOSS,DefAwareness,53,1
BOSS,DefAwareness,54,1
BOSS,DefAwareness,55,1
BOSS,DefAwareness,56,1
BOSS,DefAwareness,57,1
BOSS,DefAwareness,58,1
BOSS,DefAwareness,59,1
BOSS,DefAwareness,60,2
BOSS,DefAwareness,61,2
BOSS,DefAwareness,62,2
BOSS,DefAwareness,63,2
BOSS,DefAwareness,64,3
BOSS,DefAwareness,65,3
BOSS,DefAwareness,66,3
BOSS,DefAwareness,67,3
BOSS,DefAwareness,68,3
BOSS,DefAwareness,69,3
BOSS,DefAwareness,70,4
BOSS,DefAwareness,71,4
BOSS,DefAwareness,72,4
BOSS,DefAwareness,73,4
BOSS,DefAwareness,74,4
BOSS,DefAwareness,75,6
BOSS,DefAwareness,76,6
BOSS,DefAwareness,77,6
BOSS,DefAwareness,78,6
BOSS,DefAwareness,79,6
BOSS,DefAwareness,80,7
BOSS,DefAwareness,81,7
BOSS,DefAwareness,82,7
BOSS,DefAwareness,83,7
BOSS,DefAwareness,84,7
BOSS,DefAwareness,85,11
BOSS,DefAwareness,86,11
BOSS,DefAwareness,87,11
BOSS,DefAwareness,88,11
BOSS,DefAwareness,89,11
BOSS,DefAwareness,90,15
BOSS,DefAwareness,91,15
BOSS,DefAwareness,92,15
BOSS,DefAwareness,93,15
BOSS,DefAwareness,94,15
BOSS,DefAwareness,95,18
BOSS,DefAwareness,96,22
BOSS,DefAwareness,97,26
BOSS,DefAwareness,98,30
BOSS,DefAwareness,99,33
BOSS,StandingTackle,40,2
BOSS,StandingTackle,41,2
BOSS,StandingTackle,42,2
BOSS,StandingTackle,43,2
BOSS,StandingTackle,44,2
BOSS,StandingTackle,45,2
BOSS,StandingTackle,46,2
BOSS,StandingTackle,47,2
BOSS,StandingTackle,48,2
BOSS,StandingTackle,49,2
BOSS,StandingTackle,50,2
BOSS,StandingTackle,51,2
BOSS,StandingTackle,52,2
BOSS,StandingTackle,53,2
BOSS,StandingTackle,54,2
BOSS,StandingTackle,55,2
BOSS,StandingTackle,56,2
BOSS,StandingTackle,57,2
BOSS,StandingTackle,58,2
BOSS,StandingTackle,59,2
BOSS,StandingTackle,60,3
BOSS,StandingTackle,61,3
BOSS,StandingTackle,62,3
BOSS,StandingTackle,63,3
BOSS,StandingTackle,64,4
BOSS,StandingTackle,65,4
BOSS,StandingTackle,66,4
BOSS,StandingTackle,67,5
BOSS,StandingTackle,68,5
BOSS,StandingTackle,69,5
BOSS,StandingTackle,70,6
BOSS,StandingTackle,71,6
BOSS,StandingTackle,72,6
BOSS,StandingTackle,73,6
BOSS,StandingTackle,74,6
BOSS,StandingTackle,75,8
BOSS,StandingTackle,76,8
BOSS,StandingTackle,77,8
BOSS,StandingTackle,78,8
BOSS,StandingTackle,79,8
BOSS,StandingTackle,80,10
BOSS,StandingTackle,81,10
BOSS,StandingTackle,82,10
BOSS,StandingTackle,83,10
BOSS,StandingTackle,84,10
BOSS,StandingTackle,85,15
BOSS,StandingTackle,86,15
BOSS,StandingTackle,87,15
BOSS,StandingTackle,88,15
BOSS,StandingTackle,89,15
BOSS,StandingTackle,90,20
BOSS,StandingTackle,91,20
BOSS,StandingTackle,92,20
BOSS,StandingTackle,93,20
BOSS,StandingTackle,94,20
BOSS,StandingTackle,95,25
BOSS,StandingTackle,96,30
BOSS,StandingTackle,97,35
BOSS,StandingTackle,98,40
BOSS,StandingTackle,99,45
BOSS,SlidingTackle,40,1
BOSS,SlidingTackle,41,1
BOSS,SlidingTackle,42,1
BOSS,SlidingTackle,43,1
BOSS,SlidingTackle,44,1
BOSS,SlidingTackle,45,1
BOSS,SlidingTackle,46,1
BOSS,SlidingTackle,47,1
BOSS,SlidingTackle,48,1
BOSS,SlidingTackle,49,1
BOSS,SlidingTackle,50,1
BOSS,SlidingTackle,51,1
BOSS,SlidingTackle,52,1
BOSS,SlidingTackle,53,1
BOSS,SlidingTackle,54,1
BOSS,SlidingTackle,55,1
BOSS,SlidingTackle,56,1
BOSS,SlidingTackle,57,1
BOSS,SlidingTackle,58,1
BOSS,SlidingTackle,59,1
BOSS,SlidingTackle,60,1
BOSS,SlidingTackle,61,1
BOSS,SlidingTackle,62,1
BOSS,SlidingTackle,63,1
BOSS,SlidingTackle,64,2
BOSS,SlidingTackle,65,2
BOSS,SlidingTackle,66,2
BOSS,SlidingTackle,67,2
BOSS,SlidingTackle,68,2
BOSS,SlidingTackle,69,2
BOSS,SlidingTackle,70,3
BOSS,SlidingTackle,71,3
BOSS,SlidingTackle,72,3
BOSS,SlidingTackle,73,3
BOSS,SlidingTackle,74,3
BOSS,SlidingTackle,75,4
BOSS,SlidingTackle,76,4
BOSS,SlidingTackle,77,4
BOSS,SlidingTackle,78,4
BOSS,SlidingTackle,79,4
BOSS,SlidingTackle,80,5
BOSS,SlidingTackle,81,5
BOSS,SlidingTackle,82,5
BOSS,SlidingTackle,83,5
BOSS,SlidingTackle,84,5
BOSS,SlidingTackle,85,8
BOSS,SlidingTackle,86,8
BOSS,SlidingTackle,87,8
BOSS,SlidingTackle,88,8
BOSS,SlidingTackle,89,8
BOSS,SlidingTackle,90,11
BOSS,SlidingTackle,91,11
BOSS,SlidingTackle,92,11
BOSS,SlidingTackle,93,11
BOSS,SlidingTackle,94,11
BOSS,SlidingTackle,95,13
BOSS,SlidingTackle,96,16
BOSS,SlidingTackle,97,19
BOSS,SlidingTackle,98,22
BOSS,SlidingTackle,99,24
BOSS,Jumping,40,1
BOSS,Jumping,41,1
BOSS,Jumping,42,1
BOSS,Jumping,43,1
BOSS,Jumping,44,1
BOSS,Jumping,45,1
BOSS,Jumping,46,1
BOSS,Jumping,47,1
BOSS,Jumping,48,1
BOSS,Jumping,49,1
BOSS,Jumping,50,1
BOSS,Jumping,51,1
BOSS,Jumping,52,1
BOSS,Jumping,53,1
BOSS,Jumping,54,1
BOSS,Jumping,55,1
BOSS,Jumping,56,1
BOSS,Jumping,57,1
BOSS,Jumping,58,1
BOSS,Jumping,59,1
BOSS,Jumping,60,1
BOSS,Jumping,61,1
BOSS,Jumping,62,1
BOSS,Jumping,63,1
BOSS,Jumping,64,2
BOSS,Jumping,65,2
BOSS,Jumping,66,2
BOSS,Jumping,67,2
BOSS,Jumping,68,2
BOSS,Jumping,69,2
BOSS,Jumping,70,3
BOSS,Jumping,71,3
BOSS,Jumping,72,3
BOSS,Jumping,73,3
BOSS,Jumping,74,3
BOSS,Jumping,75,4
BOSS,Jumping,76,4
BOSS,Jumping,77,4
BOSS,Jumping,78,4
BOSS,Jumping,79,4
BOSS,Jumping,80,5
BOSS,Jumping,81,5
BOSS,Jumping,82,5
BOSS,Jumping,83,5
BOSS,Jumping,84,5
BOSS,Jumping,85,8
BOSS,Jumping,86,8
BOSS,Jumping,87,8
BOSS,Jumping,88,8
BOSS,Jumping,89,8
BOSS,Jumping,90,11
BOSS,Jumping,91,11
BOSS,Jumping,92,11
BOSS,Jumping,93,11
BOSS,Jumping,94,11
BOSS,Jumping,95,13
BOSS,Jumping,96,16
BOSS,Jumping,97,19
BOSS,Jumping,98,22
BOSS,Jumping,99,24
BOSS,Stamina,40,1
BOSS,Stamina,41,1
BOSS,Stamina,42,1
BOSS,Stamina,43,1
BOSS,Stamina,44,1
BOSS,Stamina,45,1
BOSS,Stamina,46,1
BOSS,Stamina,47,1
BOSS,Stamina,48,1
BOSS,Stamina,49,1
BOSS,Stamina,50,1
BOSS,Stamina,51,1
BOSS,Stamina,52,1
BOSS,Stamina,53,1
BOSS,Stamina,54,1
BOSS,Stamina,55,1
BOSS,Stamina,56,1
BOSS,Stamina,57,1
BOSS,Stamina,58,1
BOSS,Stamina,59,1
BOSS,Stamina,60,1
BOSS,Stamina,61,1
BOSS,Stamina,62,1
BOSS,Stamina,63,1
BOSS,Stamina,64,2
BOSS,Stamina,65,2
BOSS,Stamina,66,2
BOSS,Stamina,67,2
BOSS,Stamina,68,2
BOSS,Stamina,69,2
BOSS,Stamina,70,3
BOSS,Stamina,71,3
BOSS,Stamina,72,3
BOSS,Stamina,73,3
BOSS,Stamina,74,3
BOSS,Stamina,75,4
BOSS,Stamina,76,4
BOSS,Stamina,77,4
BOSS,Stamina,78,4
BOSS,Stamina,79,4
BOSS,Stamina,80,5
BOSS,Stamina,81,5
BOSS,Stamina,82,5
BOSS,Stamina,83,5
BOSS,Stamina,84,5
BOSS,Stamina,85,8
BOSS,Stamina,86,8
BOSS,Stamina,87,8
BOSS,Stamina,88,8
BOSS,Stamina,89,8
BOSS,Stamina,90,11
BOSS,Stamina,91,11
BOSS,Stamina,92,11
BOSS,Stamina,93,11
BOSS,Stamina,94,11
BOSS,Stamina,95,13
BOSS,Stamina,96,16
BOSS,Stamina,97,19
BOSS,Stamina,98,22
BOSS,Stamina,99,24
BOSS,Strength,40,1
BOSS,Strength,41,1
BOSS,Strength,42,1
BOSS,Strength,43,1
BOSS,Strength,44,1
BOSS,Strength,45,1
BOSS,Strength,46,1
BOSS,Strength,47,1
BOSS,Strength,48,1
BOSS,Strength,49,1
BOSS,Strength,50,1
BOSS,Strength,51,1
BOSS,Strength,52,1
BOSS,Strength,53,1
BOSS,Strength,54,1
BOSS,Strength,55,1
BOSS,Strength,56,1
BOSS,Strength,57,1
BOSS,Strength,58,1
BOSS,Strength,59,1
BOSS,Strength,60,1
BOSS,Strength,61,1
BOSS,Strength,62,1
BOSS,Strength,63,1
BOSS,Strength,64,2
BOSS,Strength,65,2
BOSS,Strength,66,2
BOSS,Strength,67,2
BOSS,Strength,68,2
BOSS,Strength,69,2
BOSS,Strength,70,3
BOSS,Strength,71,3
BOSS,Strength,72,3
BOSS,Strength,73,3
BOSS,Strength,74,3
BOSS,Strength,75,4
BOSS,Strength,76,4
BOSS,Strength,77,4
BOSS,Strength,78,4
BOSS,Strength,79,4
BOSS,Strength,80,5
BOSS,Strength,81,5
BOSS,Strength,82,5
BOSS,Strength,83,5
BOSS,Strength,84,5
BOSS,Strength,85,8
BOSS,Strength,86,8
BOSS,Strength,87,8
BOSS,Strength,88,8
BOSS,Strength,89,8
BOSS,Strength,90,11
BOSS,Strength,91,11
BOSS,Strength,92,11
BOSS,Strength,93,11
BOSS,Strength,94,11
BOSS,Strength,95,13
BOSS,Strength,96,16
BOSS,Strength,97,19
BOSS,Strength,98,22
BOSS,Strength,99,24
BOSS,Aggression,40,1
BOSS,Aggression,41,1
BOSS,Aggression,42,1
BOSS,Aggression,43,1
BOSS,Aggression,44,1
BOSS,Aggression,45,1
BOSS,Aggression,46,1
BOSS,Aggression,47,1
BOSS,Aggression,48,1
BOSS,Aggression,49,1
BOSS,Aggression,50,1
BOSS,Aggression,51,1
BOSS,Aggression,52,1
BOSS,Aggression,53,1
BOSS,Aggression,54,1
BOSS,Aggression,55,1
BOSS,Aggression,56,1
BOSS,Aggression,57,1
BOSS,Aggression,58,1
BOSS,Aggression,59,1
BOSS,Aggression,60,1
BOSS,Aggression,61,1
BOSS,Aggression,62,1
BOSS,Aggression,63,1
BOSS,Aggression,64,1
BOSS,Aggression,65,1
BOSS,Aggression,66,1
BOSS,Aggression,67,2
BOSS,Aggression,68,2
BOSS,Aggression,69,2
BOSS,Aggression,70,2
BOSS,Aggression,71,2
BOSS,Aggression,72,2
BOSS,Aggression,73,2
BOSS,Aggression,74,2
BOSS,Aggression,75,3
BOSS,Aggression,76,3
BOSS,Aggression,77,3
BOSS,Aggression,78,3
BOSS,Aggression,79,3
BOSS,Aggression,80,3
BOSS,Aggression,81,3
BOSS,Aggression,82,3
BOSS,Aggression,83,3
BOSS,Aggression,84,3
BOSS,Aggression,85,6
BOSS,Aggression,86,6
BOSS,Aggression,87,6
BOSS,Aggression,88,6
BOSS,Aggression,89,6
BOSS,Aggression,90,8
BOSS,Aggression,91,8
BOSS,Aggression,92,8
BOSS,Aggression,93,8
BOSS,Aggression,94,8
BOSS,Aggression,95,9
BOSS,Aggression,96,12
BOSS,Aggression,97,14
BOSS,Aggression,98,16
BOSS,Aggression,99,18
ENGINE,Acceleration,40,2
ENGINE,Acceleration,41,2
ENGINE,Acceleration,42,2
ENGINE,Acceleration,43,2
ENGINE,Acceleration,44,2
ENGINE,Acceleration,45,2
ENGINE,Acceleration,46,2
ENGINE,Acceleration,47,2
ENGINE,Acceleration,48,2
ENGINE,Acceleration,49,2
ENGINE,Acceleration,50,2
ENGINE,Acceleration,51,2
ENGINE,Acceleration,52,2
ENGINE,Acceleration,53,2
ENGINE,Acceleration,54,2
ENGINE,Acceleration,55,2
ENGINE,Acceleration,56,2
ENGINE,Acceleration,57,2
ENGINE,Acceleration,58,2
ENGINE,Acceleration,59,2
ENGINE,Acceleration,60,3
ENGINE,Acceleration,61,3
ENGINE,Acceleration,62,3
ENGINE,Acceleration,63,3
ENGINE,Acceleration,64,4
ENGINE,Acceleration,65,4
ENGINE,Acceleration,66,4
ENGINE,Acceleration,67,5
ENGINE,Acceleration,68,5
ENGINE,Acceleration,69,5
ENGINE,Acceleration,70,6
ENGINE,Acceleration,71,6
ENGINE,Acceleration,72,6
ENGINE,Acceleration,73,6
ENGINE,Acceleration,74,6
ENGINE,Acceleration,75,8
ENGINE,Acceleration,76,8
ENGINE,Acceleration,77,8
ENGINE,Acceleration,78,8
ENGINE,Acceleration,79,8
ENGINE,Acceleration,80,10
ENGINE,Acceleration,81,10
ENGINE,Acceleration,82,10
ENGINE,Acceleration,83,10
ENGINE,Acceleration,84,10
ENGINE,Acceleration,85,15
ENGINE,Acceleration,86,15
ENGINE,Acceleration,87,15
ENGINE,Acceleration,88,15
ENGINE,Acceleration,89,15
ENGINE,Acceleration,90,20
ENGINE,Acceleration,91,20
ENGINE,Acceleration,92,20
ENGINE,Acceleration,93,20
ENGINE,Acceleration,94,20
ENGINE,Acceleration,95,25
ENGINE,Acceleration,96,30
ENGINE,Acceleration,97,35
ENGINE,Acceleration,98,40
ENGINE,Acceleration,99,45
ENGINE,SprintSpeed,40,2
ENGINE,SprintSpeed,41,2
ENGINE,SprintSpeed,42,2
ENGINE,SprintSpeed,43,2
ENGINE,SprintSpeed,44,2
ENGINE,SprintSpeed,45,2
ENGINE,SprintSpeed,46,2
ENGINE,SprintSpeed,47,2
ENGINE,SprintSpeed,48,2
ENGINE,SprintSpeed,49,2
ENGINE,SprintSpeed,50,2
ENGINE,SprintSpeed,51,2
ENGINE,SprintSpeed,52,2
ENGINE,SprintSpeed,53,2
ENGINE,SprintSpeed,54,2
ENGINE,SprintSpeed,55,2
ENGINE,SprintSpeed,56,2
ENGINE,SprintSpeed,57,2
ENGINE,SprintSpeed,58,2
ENGINE,SprintSpeed,59,2
ENGINE,SprintSpeed,60,3
ENGINE,SprintSpeed,61,3
ENGINE,SprintSpeed,62,3
ENGINE,SprintSpeed,63,3
ENGINE,SprintSpeed,64,4
ENGINE,SprintSpeed,65,4
ENGINE,SprintSpeed,66,4
ENGINE,SprintSpeed,67,5
ENGINE,SprintSpeed,68,5
ENGINE,SprintSpeed,69,5
ENGINE,SprintSpeed,70,6
ENGINE,SprintSpeed,71,6
ENGINE,SprintSpeed,72,6
ENGINE,SprintSpeed,73,6
ENGINE,SprintSpeed,74,6
ENGINE,SprintSpeed,75,8
ENGINE,SprintSpeed,76,8
ENGINE,SprintSpeed,77,8
ENGINE,SprintSpeed,78,8
ENGINE,SprintSpeed,79,8
ENGINE,SprintSpeed,80,10
ENGINE,SprintSpeed,81,10
ENGINE,SprintSpeed,82,10
ENGINE,SprintSpeed,83,10
ENGINE,SprintSpeed,84,10
ENGINE,SprintSpeed,85,15
ENGINE,SprintSpeed,86,15
ENGINE,SprintSpeed,87,15
ENGINE,SprintSpeed,88,15
ENGINE,SprintSpeed,89,15
ENGINE,SprintSpeed,90,20
ENGINE,SprintSpeed,91,20
ENGINE,SprintSpeed,92,20
ENGINE,SprintSpeed,93,20
ENGINE,SprintSpeed,94,20
ENGINE,SprintSpeed,95,25
ENGINE,SprintSpeed,96,30
ENGINE,SprintSpeed,97,35
ENGINE,SprintSpeed,98,40
ENGINE,SprintSpeed,99,45
ENGINE,AttackPositioning,40,1
ENGINE,AttackPositioning,41,1
ENGINE,AttackPositioning,42,1
ENGINE,AttackPositioning,43,1
ENGINE,AttackPositioning,44,1
ENGINE,AttackPositioning,45,1
ENGINE,AttackPositioning,46,1
ENGINE,AttackPositioning,47,1
ENGINE,AttackPositioning,48,1
ENGINE,AttackPositioning,49,1
ENGINE,AttackPositioning,50,1
ENGINE,AttackPositioning,51,1
ENGINE,AttackPositioning,52,1
ENGINE,AttackPositioning,53,1
ENGINE,AttackPositioning,54,1
ENGINE,AttackPositioning,55,1
ENGINE,AttackPositioning,56,1
ENGINE,AttackPositioning,57,1
ENGINE,AttackPositioning,58,1
ENGINE,AttackPositioning,59,1
ENGINE,AttackPositioning,60,1
ENGINE,AttackPositioning,61,1
ENGINE,AttackPositioning,62,1
ENGINE,AttackPositioning,63,1
ENGINE,AttackPositioning,64,2
ENGINE,AttackPositioning,65,2
ENGINE,AttackPositioning,66,2
ENGINE,AttackPositioning,67,2
ENGINE,AttackPositioning,68,2
ENGINE,AttackPositioning,69,2
ENGINE,AttackPositioning,70,3
ENGINE,AttackPositioning,71,3
ENGINE,AttackPositioning,72,3
ENGINE,AttackPositioning,73,3
ENGINE,AttackPositioning,74,3
ENGINE,AttackPositioning,75,4
ENGINE,AttackPositioning,76,4
ENGINE,AttackPositioning,77,4
ENGINE,AttackPositioning,78,4
ENGINE,AttackPositioning,79,4
ENGINE,AttackPositioning,80,5
ENGINE,AttackPositioning,81,5
ENGINE,AttackPositioning,82,5
ENGINE,AttackPositioning,83,5
ENGINE,AttackPositioning,84,5
ENGINE,AttackPositioning,85,8
ENGINE,AttackPositioning,86,8
ENGINE,AttackPositioning,87,8
ENGINE,AttackPositioning,88,8
ENGINE,AttackPositioning,89,8
ENGINE,AttackPositioning,90,11
ENGINE,AttackPositioning,91,11
ENGINE,AttackPositioning,92,11
ENGINE,AttackPositioning,93,11
ENGINE,AttackPositioning,94,11
ENGINE,AttackPositioning,95,13
ENGINE,AttackPositioning,96,16
ENGINE,AttackPositioning,97,19
ENGINE,AttackPositioning,98,22
ENGINE,AttackPositioning,99,24
ENGINE,Finishing,40,2
ENGINE,Finishing,41,2
ENGINE,Finishing,42,2
ENGINE,Finishing,43,2
ENGINE,Finishing,44,2
ENGINE,Finishing,45,2
ENGINE,Finishing,46,2
ENGINE,Finishing,47,2
ENGINE,Finishing,48,2
ENGINE,Finishing,49,2
ENGINE,Finishing,50,2
ENGINE,Finishing,51,2
ENGINE,Finishing,52,2
ENGINE,Finishing,53,2
ENGINE,Finishing,54,2
ENGINE,Finishing,55,2
ENGINE,Finishing,56,2
ENGINE,Finishing,57,2
ENGINE,Finishing,58,2
ENGINE,Finishing,59,2
ENGINE,Finishing,60,3
ENGINE,Finishing,61,3
ENGINE,Finishing,62,3
ENGINE,Finishing,63,3
ENGINE,Finishing,64,4
ENGINE,Finishing,65,4
ENGINE,Finishing,66,4
ENGINE,Finishing,67,5
ENGINE,Finishing,68,5
ENGINE,Finishing,69,5
ENGINE,Finishing,70,6
ENGINE,Finishing,71,6
ENGINE,Finishing,72,6
ENGINE,Finishing,73,6
ENGINE,Finishing,74,6
ENGINE,Finishing,75,8
ENGINE,Finishing,76,8
ENGINE,Finishing,77,8
ENGINE,Finishing,78,8
ENGINE,Finishing,79,8
ENGINE,Finishing,80,10
ENGINE,Finishing,81,10
ENGINE,Finishing,82,10
ENGINE,Finishing,83,10
ENGINE,Finishing,84,10
ENGINE,Finishing,85,15
ENGINE,Finishing,86,15
ENGINE,Finishing,87,15
ENGINE,Finishing,88,15
ENGINE,Finishing,89,15
ENGINE,Finishing,90,20
ENGINE,Finishing,91,20
ENGINE,Finishing,92,20
ENGINE,Finishing,93,20
ENGINE,Finishing,94,20
ENGINE,Finishing,95,25
ENGINE,Finishing,96,30
ENGINE,Finishing,97,35
ENGINE,Finishing,98,40
ENGINE,Finishing,99,45
ENGINE,ShotPower,40,1
ENGINE,ShotPower,41,1
ENGINE,ShotPower,42,1
ENGINE,ShotPower,43,1
ENGINE,ShotPower,44,1
ENGINE,ShotPower,45,1
ENGINE,ShotPower,46,1
ENGINE,ShotPower,47,1
ENGINE,ShotPower,48,1
ENGINE,ShotPower,49,1
ENGINE,ShotPower,50,1
ENGINE,ShotPower,51,1
ENGINE,ShotPower,52,1
ENGINE,ShotPower,53,1
ENGINE,ShotPower,54,1
ENGINE,ShotPower,55,1
ENGINE,ShotPower,56,1
ENGINE,ShotPower,57,1
ENGINE,ShotPower,58,1
ENGINE,ShotPower,59,1
ENGINE,ShotPower,60,2
ENGINE,ShotPower,61,2
ENGINE,ShotPower,62,2
ENGINE,ShotPower,63,2
ENGINE,ShotPower,64,3
ENGINE,ShotPower,65,3
ENGINE,ShotPower,66,3
ENGINE,ShotPower,67,3
ENGINE,ShotPower,68,3
ENGINE,ShotPower,69,3
ENGINE,ShotPower,70,4
ENGINE,ShotPower,71,4
ENGINE,ShotPower,72,4
ENGINE,ShotPower,73,4
ENGINE,ShotPower,74,4
ENGINE,ShotPower,75,6
ENGINE,ShotPower,76,6
ENGINE,ShotPower,77,6
ENGINE,ShotPower,78,6
ENGINE,ShotPower,79,6
ENGINE,ShotPower,80,7
ENGINE,ShotPower,81,7
ENGINE,ShotPower,82,7
ENGINE,ShotPower,83,7
ENGINE,ShotPower,84,7
ENGINE,ShotPower,85,11
ENGINE,ShotPower,86,11
ENGINE,ShotPower,87,11
ENGINE,ShotPower,88,11
ENGINE,ShotPower,89,11
ENGINE,ShotPower,90,15
ENGINE,ShotPower,91,15
ENGINE,ShotPower,92,15
ENGINE,ShotPower,93,15
ENGINE,ShotPower,94,15
ENGINE,ShotPower,95,18
ENGINE,ShotPower,96,22
ENGINE,ShotPower,97,26
ENGINE,ShotPower,98,30
ENGINE,ShotPower,99,33
ENGINE,LongShots,40,1
ENGINE,LongShots,41,1
ENGINE,LongShots,42,1
ENGINE,LongShots,43,1
ENGINE,LongShots,44,1
ENGINE,LongShots,45,1
ENGINE,LongShots,46,1
ENGINE,LongShots,47,1
ENGINE,LongShots,48,1
ENGINE,LongShots,49,1
ENGINE,LongShots,50,1
ENGINE,LongShots,51,1
ENGINE,LongShots,52,1
ENGINE,LongShots,53,1
ENGINE,LongShots,54,1
ENGINE,LongShots,55,1
ENGINE,LongShots,56,1
ENGINE,LongShots,57,1
ENGINE,LongShots,58,1
ENGINE,LongShots,59,1
ENGINE,LongShots,60,2
ENGINE,LongShots,61,2
ENGINE,LongShots,62,2
ENGINE,LongShots,63,2
ENGINE,LongShots,64,3
ENGINE,LongShots,65,3
ENGINE,LongShots,66,3
ENGINE,LongShots,67,3
ENGINE,LongShots,68,3
ENGINE,LongShots,69,3
ENGINE,LongShots,70,4
ENGINE,LongShots,71,4
ENGINE,LongShots,72,4
ENGINE,LongShots,73,4
ENGINE,LongShots,74,4
ENGINE,LongShots,75,6
ENGINE,LongShots,76,6
ENGINE,LongShots,77,6
ENGINE,LongShots,78,6
ENGINE,LongShots,79,6
ENGINE,LongShots,80,7
ENGINE,LongShots,81,7
ENGINE,LongShots,82,7
ENGINE,LongShots,83,7
ENGINE,LongShots,84,7
ENGINE,LongShots,85,11
ENGINE,LongShots,86,11
ENGINE,LongShots,87,11
ENGINE,LongShots,88,11
ENGINE,LongShots,89,11
ENGINE,LongShots,90,15
ENGINE,LongShots,91,15
ENGINE,LongShots,92,15
ENGINE,LongShots,93,15
ENGINE,LongShots,94,15
ENGINE,LongShots,95,18
ENGINE,LongShots,96,22
ENGINE,LongShots,97,26
ENGINE,LongShots,98,30
ENGINE,LongShots,99,33
ENGINE,Volleys,40,1
ENGINE,Volleys,41,1
ENGINE,Volleys,42,1
ENGINE,Volleys,43,1
ENGINE,Volleys,44,1
ENGINE,Volleys,45,1
ENGINE,Volleys,46,1
ENGINE,Volleys,47,1
ENGINE,Volleys,48,1
ENGINE,Volleys,49,1
ENGINE,Volleys,50,1
ENGINE,Volleys,51,1
ENGINE,Volleys,52,1
ENGINE,Volleys,53,1
ENGINE,Volleys,54,1
ENGINE,Volleys,55,1
ENGINE,Volleys,56,1
ENGINE,Volleys,57,1
ENGINE,Volleys,58,1
ENGINE,Volleys,59,1
ENGINE,Volleys,60,1
ENGINE,Volleys,61,1
ENGINE,Volleys,62,1
ENGINE,Volleys,63,1
ENGINE,Volleys,64,2
ENGINE,Volleys,65,2
ENGINE,Volleys,66,2
ENGINE,Volleys,67,2
ENGINE,Volleys,68,2
ENGINE,Volleys,69,2
ENGINE,Volleys,70,3
ENGINE,Volleys,71,3
ENGINE,Volleys,72,3
ENGINE,Volleys,73,3
ENGINE,Volleys,74,3
ENGINE,Volleys,75,4
ENGINE,Volleys,76,4
ENGINE,Volleys,77,4
ENGINE,Volleys,78,4
ENGINE,Volleys,79,4
ENGINE,Volleys,80,5
ENGINE,Volleys,81,5
ENGINE,Volleys,82,5
ENGINE,Volleys,83,5
ENGINE,Volleys,84,5
ENGINE,Volleys,85,8
ENGINE,Volleys,86,8
ENGINE,Volleys,87,8
ENGINE,Volleys,88,8
ENGINE,Volleys,89,8
ENGINE,Volleys,90,11
ENGINE,Volleys,91,11
ENGINE,Volleys,92,11
ENGINE,Volleys,93,11
ENGINE,Volleys,94,11
ENGINE,Volleys,95,13
ENGINE,Volleys,96,16
ENGINE,Volleys,97,19
ENGINE,Volleys,98,22
ENGINE,Volleys,99,24
ENGINE,Penalties,40,1
ENGINE,Penalties,41,1
ENGINE,Penalties,42,1
ENGINE,Penalties,43,1
ENGINE,Penalties,44,1
ENGINE,Penalties,45,1
ENGINE,Penalties,46,1
ENGINE,Penalties,47,1
ENGINE,Penalties,48,1
ENGINE,Penalties,49,1
ENGINE,Penalties,50,1
ENGINE,Penalties,51,1
ENGINE,Penalties,52,1
ENGINE,Penalties,53,1
ENGINE,Penalties,54,1
ENGINE,Penalties,55,1
ENGINE,Penalties,56,1
ENGINE,Penalties,57,1
ENGINE,Penalties,58,1
ENGINE,Penalties,59,1
ENGINE,Penalties,60,1
ENGINE,Penalties,61,1
ENGINE,Penalties,62,1
ENGINE,Penalties,63,1
ENGINE,Penalties,64,2
ENGINE,Penalties,65,2
ENGINE,Penalties,66,2
ENGINE,Penalties,67,2
ENGINE,Penalties,68,2
ENGINE,Penalties,69,2
ENGINE,Penalties,70,3
ENGINE,Penalties,71,3
ENGINE,Penalties,72,3
ENGINE,Penalties,73,3
ENGINE,Penalties,74,3
ENGINE,Penalties,75,4
ENGINE,Penalties,76,4
ENGINE,Penalties,77,4
ENGINE,Penalties,78,4
ENGINE,Penalties,79,4
ENGINE,Penalties,80,5
ENGINE,Penalties,81,5
ENGINE,Penalties,82,5
ENGINE,Penalties,83,5
ENGINE,Penalties,84,5
ENGINE,Penalties,85,8
ENGINE,Penalties,86,8
ENGINE,Penalties,87,8
ENGINE,Penalties,88,8
ENGINE,Penalties,89,8
ENGINE,Penalties,90,11
ENGINE,Penalties,91,11
ENGINE,Penalties,92,11
ENGINE,Penalties,93,11
ENGINE,Penalties,94,11
ENGINE,Penalties,95,13
ENGINE,Penalties,96,16
ENGINE,Penalties,97,19
ENGINE,Penalties,98,22
ENGINE,Penalties,99,24
ENGINE,Vision,40,1
ENGINE,Vision,41,1
ENGINE,Vision,42,1
ENGINE,Vision,43,1
ENGINE,Vision,44,1
ENGINE,Vision,45,1
ENGINE,Vision,46,1
ENGINE,Vision,47,1
ENGINE,Vision,48,1
ENGINE,Vision,49,1
ENGINE,Vision,50,1
ENGINE,Vision,51,1
ENGINE,Vision,52,1
ENGINE,Vision,53,1
ENGINE,Vision,54,1
ENGINE,Vision,55,1
ENGINE,Vision,56,1
ENGINE,Vision,57,1
ENGINE,Vision,58,1
ENGINE,Vision,59,1
ENGINE,Vision,60,2
ENGINE,Vision,61,2
ENGINE,Vision,62,2
ENGINE,Vision,63,2
ENGINE,Vision,64,3
ENGINE,Vision,65,3
ENGINE,Vision,66,3
ENGINE,Vision,67,3
ENGINE,Vision,68,3
ENGINE,Vision,69,3
ENGINE,Vision,70,4
ENGINE,Vision,71,4
ENGINE,Vision,72,4
ENGINE,Vision,73,4
ENGINE,Vision,74,4
ENGINE,Vision,75,6
ENGINE,Vision,76,6
ENGINE,Vision,77,6
ENGINE,Vision,78,6
ENGINE,Vision,79,6
ENGINE,Vision,80,7
ENGINE,Vision,81,7
ENGINE,Vision,82,7
ENGINE,Vision,83,7
ENGINE,Vision,84,7
ENGINE,Vision,85,11
ENGINE,Vision,86,11
ENGINE,Vision,87,11
ENGINE,Vision,88,11
ENGINE,Vision,89,11
ENGINE,Vision,90,15
ENGINE,Vision,91,15
ENGINE,Vision,92,15
ENGINE,Vision,93,15
ENGINE,Vision,94,15
ENGINE,Vision,95,18
ENGINE,Vision,96,22
ENGINE,Vision,97,26
ENGINE,Vision,98,30
ENGINE,Vision,99,33
ENGINE,Crossing,40,1
ENGINE,Crossing,41,1
ENGINE,Crossing,42,1
ENGINE,Crossing,43,1
ENGINE,Crossing,44,1
ENGINE,Crossing,45,1
ENGINE,Crossing,46,1
ENGINE,Crossing,47,1
ENGINE,Crossing,48,1
ENGINE,Crossing,49,1
ENGINE,Crossing,50,1
ENGINE,Crossing,51,1
ENGINE,Crossing,52,1
ENGINE,Crossing,53,1
ENGINE,Crossing,54,1
ENGINE,Crossing,55,1
ENGINE,Crossing,56,1
ENGINE,Crossing,57,1
ENGINE,Crossing,58,1
ENGINE,Crossing,59,1
ENGINE,Crossing,60,2
ENGINE,Crossing,61,2
ENGINE,Crossing,62,2
ENGINE,Crossing,63,2
ENGINE,Crossing,64,3
ENGINE,Crossing,65,3
ENGINE,Crossing,66,3
ENGINE,Crossing,67,3
ENGINE,Crossing,68,3
ENGINE,Crossing,69,3
ENGINE,Crossing,70,4
ENGINE,Crossing,71,4
ENGINE,Crossing,72,4
ENGINE,Crossing,73,4
ENGINE,Crossing,74,4
ENGINE,Crossing,75,6
ENGINE,Crossing,76,6
ENGINE,Crossing,77,6
ENGINE,Crossing,78,6
ENGINE,Crossing,79,6
ENGINE,Crossing,80,7
ENGINE,Crossing,81,7
ENGINE,Crossing,82,7
ENGINE,Crossing,83,7
ENGINE,Crossing,84,7
ENGINE,Crossing,85,11
ENGINE,Crossing,86,11
ENGINE,Crossing,87,11
ENGINE,Crossing,88,11
ENGINE,Crossing,89,11
ENGINE,Crossing,90,15
ENGINE,Crossing,91,15
ENGINE,Crossing,92,15
ENGINE,Crossing,93,15
ENGINE,Crossing,94,15
ENGINE,Crossing,95,18
ENGINE,Crossing,96,22
ENGINE,Crossing,97,26
ENGINE,Crossing,98,30
ENGINE,Crossing,99,33
ENGINE,FKAccuracy,40,1
ENGINE,FKAccuracy,41,1
ENGINE,FKAccuracy,42,1
ENGINE,FKAccuracy,43,1
ENGINE,FKAccuracy,44,1
ENGINE,FKAccuracy,45,1
ENGINE,FKAccuracy,46,1
ENGINE,FKAccuracy,47,1
ENGINE,FKAccuracy,48,1
ENGINE,FKAccuracy,49,1
ENGINE,FKAccuracy,50,1
ENGINE,FKAccuracy,51,1
ENGINE,FKAccuracy,52,1
ENGINE,FKAccuracy,53,1
ENGINE,FKAccuracy,54,1
ENGINE,FKAccuracy,55,1
ENGINE,FKAccuracy,56,1
ENGINE,FKAccuracy,57,1
ENGINE,FKAccuracy,58,1
ENGINE,FKAccuracy,59,1
ENGINE,FKAccuracy,60,1
ENGINE,FKAccuracy,61,1
ENGINE,FKAccuracy,62,1
ENGINE,FKAccuracy,63,1
ENGINE,FKAccuracy,64,2
ENGINE,FKAccuracy,65,2
ENGINE,FKAccuracy,66,2
ENGINE,FKAccuracy,67,2
ENGINE,FKAccuracy,68,2
ENGINE,FKAccuracy,69,2
ENGINE,FKAccuracy,70,3
ENGINE,FKAccuracy,71,3
ENGINE,FKAccuracy,72,3
ENGINE,FKAccuracy,73,3
ENGINE,FKAccuracy,74,3
ENGINE,FKAccuracy,75,4
ENGINE,FKAccuracy,76,4
ENGINE,FKAccuracy,77,4
ENGINE,FKAccuracy,78,4
ENGINE,FKAccuracy,79,4
ENGINE,FKAccuracy,80,5
ENGINE,FKAccuracy,81,5
ENGINE,FKAccuracy,82,5
ENGINE,FKAccuracy,83,5
ENGINE,FKAccuracy,84,5
ENGINE,FKAccuracy,85,8
ENGINE,FKAccuracy,86,8
ENGINE,FKAccuracy,87,8
ENGINE,FKAccuracy,88,8
ENGINE,FKAccuracy,89,8
ENGINE,FKAccuracy,90,11
ENGINE,FKAccuracy,91,11
ENGINE,FKAccuracy,92,11
ENGINE,FKAccuracy,93,11
ENGINE,FKAccuracy,94,11
ENGINE,FKAccuracy,95,13
ENGINE,FKAccuracy,96,16
ENGINE,FKAccuracy,97,19
ENGINE,FKAccuracy,98,22
ENGINE,FKAccuracy,99,24
ENGINE,ShortPassing,40,1
ENGINE,ShortPassing,41,1
ENGINE,ShortPassing,42,1
ENGINE,ShortPassing,43,1
ENGINE,ShortPassing,44,1
ENGINE,ShortPassing,45,1
ENGINE,ShortPassing,46,1
ENGINE,ShortPassing,47,1
ENGINE,ShortPassing,48,1
ENGINE,ShortPassing,49,1
ENGINE,ShortPassing,50,1
ENGINE,ShortPassing,51,1
ENGINE,ShortPassing,52,1
ENGINE,ShortPassing,53,1
ENGINE,ShortPassing,54,1
ENGINE,ShortPassing,55,1
ENGINE,ShortPassing,56,1
ENGINE,ShortPassing,57,1
ENGINE,ShortPassing,58,1
ENGINE,ShortPassing,59,1
ENGINE,ShortPassing,60,2
ENGINE,ShortPassing,61,2
ENGINE,ShortPassing,62,2
ENGINE,ShortPassing,63,2
ENGINE,ShortPassing,64,3
ENGINE,ShortPassing,65,3
ENGINE,ShortPassing,66,3
ENGINE,ShortPassing,67,3
ENGINE,ShortPassing,68,3
ENGINE,ShortPassing,69,3
ENGINE,ShortPassing,70,4
ENGINE,ShortPassing,71,4
ENGINE,ShortPassing,72,4
ENGINE,ShortPassing,73,4
ENGINE,ShortPassing,74,4
ENGINE,ShortPassing,75,6
ENGINE,ShortPassing,76,6
ENGINE,ShortPassing,77,6
ENGINE,ShortPassing,78,6
ENGINE,ShortPassing,79,6
ENGINE,ShortPassing,80,7
ENGINE,ShortPassing,81,7
ENGINE,ShortPassing,82,7
ENGINE,ShortPassing,83,7
ENGINE,ShortPassing,84,7
ENGINE,ShortPassing,85,11
ENGINE,ShortPassing,86,11
ENGINE,ShortPassing,87,11
ENGINE,ShortPassing,88,11
ENGINE,ShortPassing,89,11
ENGINE,ShortPassing,90,15
ENGINE,ShortPassing,91,15
ENGINE,ShortPassing,92,15
ENGINE,ShortPassing,93,15
ENGINE,ShortPassing,94,15
ENGINE,ShortPassing,95,18
ENGINE,ShortPassing,96,22
ENGINE,ShortPassing,97,26
ENGINE,ShortPassing,98,30
ENGINE,ShortPassing,99,33
ENGINE,LongPassing,40,1
ENGINE,LongPassing,41,1
ENGINE,LongPassing,42,1
ENGINE,LongPassing,43,1
ENGINE,LongPassing,44,1
ENGINE,LongPassing,45,1
ENGINE,LongPassing,46,1
ENGINE,LongPassing,47,1
ENGINE,LongPassing,48,1
ENGINE,LongPassing,49,1
ENGINE,LongPassing,50,1
ENGINE,LongPassing,51,1
ENGINE,LongPassing,52,1
ENGINE,LongPassing,53,1
ENGINE,LongPassing,54,1
ENGINE,LongPassing,55,1
ENGINE,LongPassing,56,1
ENGINE,LongPassing,57,1
ENGINE,LongPassing,58,1
ENGINE,LongPassing,59,1
ENGINE,LongPassing,60,2
ENGINE,LongPassing,61,2
ENGINE,LongPassing,62,2
ENGINE,LongPassing,63,2
ENGINE,LongPassing,64,3
ENGINE,LongPassing,65,3
ENGINE,LongPassing,66,3
ENGINE,LongPassing,67,3
ENGINE,LongPassing,68,3
ENGINE,LongPassing,69,3
ENGINE,LongPassing,70,4
ENGINE,LongPassing,71,4
ENGINE,LongPassing,72,4
ENGINE,LongPassing,73,4
ENGINE,LongPassing,74,4
ENGINE,LongPassing,75,6
ENGINE,LongPassing,76,6
ENGINE,LongPassing,77,6
ENGINE,LongPassing,78,6
ENGINE,LongPassing,79,6
ENGINE,LongPassing,80,7
ENGINE,LongPassing,81,7
ENGINE,LongPassing,82,7
ENGINE,LongPassing,83,7
ENGINE,LongPassing,84,7
ENGINE,LongPassing,85,11
ENGINE,LongPassing,86,11
ENGINE,LongPassing,87,11
ENGINE,LongPassing,88,11
ENGINE,LongPassing,89,11
ENGINE,LongPassing,90,15
ENGINE,LongPassing,91,15
ENGINE,LongPassing,92,15
ENGINE,LongPassing,93,15
ENGINE,LongPassing,94,15
ENGINE,LongPassing,95,18
ENGINE,LongPassing,96,22
ENGINE,LongPassing,97,26
ENGINE,LongPassing,98,30
ENGINE,LongPassing,99,33
ENGINE,Curve,40,1
ENGINE,Curve,41,1
ENGINE,Curve,42,1
ENGINE,Curve,43,1
ENGINE,Curve,44,1
ENGINE,Curve,45,1
ENGINE,Curve,46,1
ENGINE,Curve,47,1
ENGINE,Curve,48,1
ENGINE,Curve,49,1
ENGINE,Curve,50,1
ENGINE,Curve,51,1
ENGINE,Curve,52,1
ENGINE,Curve,53,1
ENGINE,Curve,54,1
ENGINE,Curve,55,1
ENGINE,Curve,56,1
ENGINE,Curve,57,1
ENGINE,Curve,58,1
ENGINE,Curve,59,1
ENGINE,Curve,60,1
ENGINE,Curve,61,1
ENGINE,Curve,62,1
ENGINE,Curve,63,1
ENGINE,Curve,64,2
ENGINE,Curve,65,2
ENGINE,Curve,66,2
ENGINE,Curve,67,2
ENGINE,Curve,68,2
ENGINE,Curve,69,2
ENGINE,Curve,70,3
ENGINE,Curve,71,3
ENGINE,Curve,72,3
ENGINE,Curve,73,3
ENGINE,Curve,74,3
ENGINE,Curve,75,4
ENGINE,Curve,76,4
ENGINE,Curve,77,4
ENGINE,Curve,78,4
ENGINE,Curve,79,4
ENGINE,Curve,80,5
ENGINE,Curve,81,5
ENGINE,Curve,82,5
ENGINE,Curve,83,5
ENGINE,Curve,84,5
ENGINE,Curve,85,8
ENGINE,Curve,86,8
ENGINE,Curve,87,8
ENGINE,Curve,88,8
ENGINE,Curve,89,8
ENGINE,Curve,90,11
ENGINE,Curve,91,11
ENGINE,Curve,92,11
ENGINE,Curve,93,11
ENGINE,Curve,94,11
ENGINE,Curve,95,13
ENGINE,Curve,96,16
ENGINE,Curve,97,19
ENGINE,Curve,98,22
ENGINE,Curve,99,24
ENGINE,Agility,40,2
ENGINE,Agility,41,2
ENGINE,Agility,42,2
ENGINE,Agility,43,2
ENGINE,Agility,44,2
ENGINE,Agility,45,2
ENGINE,Agility,46,2
ENGINE,Agility,47,2
ENGINE,Agility,48,2
ENGINE,Agility,49,2
ENGINE,Agility,50,2
ENGINE,Agility,51,2
ENGINE,Agility,52,2
ENGINE,Agility,53,2
ENGINE,Agility,54,2
ENGINE,Agility,55,2
ENGINE,Agility,56,2
ENGINE,Agility,57,2
ENGINE,Agility,58,2
ENGINE,Agility,59,2
ENGINE,Agility,60,3
ENGINE,Agility,61,3
ENGINE,Agility,62,3
ENGINE,Agility,63,3
ENGINE,Agility,64,4
ENGINE,Agility,65,4
ENGINE,Agility,66,4
ENGINE,Agility,67,5
ENGINE,Agility,68,5
ENGINE,Agility,69,5
ENGINE,Agility,70,6
ENGINE,Agility,71,6
ENGINE,Agility,72,6
ENGINE,Agility,73,6
ENGINE,Agility,74,6
ENGINE,Agility,75,8
ENGINE,Agility,76,8
ENGINE,Agility,77,8
ENGINE,Agility,78,8
ENGINE,Agility,79,8
ENGINE,Agility,80,10
ENGINE,Agility,81,10
ENGINE,Agility,82,10
ENGINE,Agility,83,10
ENGINE,Agility,84,10
ENGINE,Agility,85,15
ENGINE,Agility,86,15
ENGINE,Agility,87,15
ENGINE,Agility,88,15
ENGINE,Agility,89,15
ENGINE,Agility,90,20
ENGINE,Agility,91,20
ENGINE,Agility,92,20
ENGINE,Agility,93,20
ENGINE,Agility,94,20
ENGINE,Agility,95,25
ENGINE,Agility,96,30
ENGINE,Agility,97,35
ENGINE,Agility,98,40
ENGINE,Agility,99,45
ENGINE,Balance,40,1
ENGINE,Balance,41,1
ENGINE,Balance,42,1
ENGINE,Balance,43,1
ENGINE,Balance,44,1
ENGINE,Balance,45,1
ENGINE,Balance,46,1
ENGINE,Balance,47,1
ENGINE,Balance,48,1
ENGINE,Balance,49,1
ENGINE,Balance,50,1
ENGINE,Balance,51,1
ENGINE,Balance,52,1
ENGINE,Balance,53,1
ENGINE,Balance,54,1
ENGINE,Balance,55,1
ENGINE,Balance,56,1
ENGINE,Balance,57,1
ENGINE,Balance,58,1
ENGINE,Balance,59,1
ENGINE,Balance,60,2
ENGINE,Balance,61,2
ENGINE,Balance,62,2
ENGINE,Balance,63,2
ENGINE,Balance,64,3
ENGINE,Balance,65,3
ENGINE,Balance,66,3
ENGINE,Balance,67,3
ENGINE,Balance,68,3
ENGINE,Balance,69,3
ENGINE,Balance,70,4
ENGINE,Balance,71,4
ENGINE,Balance,72,4
ENGINE,Balance,73,4
ENGINE,Balance,74,4
ENGINE,Balance,75,6
ENGINE,Balance,76,6
ENGINE,Balance,77,6
ENGINE,Balance,78,6
ENGINE,Balance,79,6
ENGINE,Balance,80,7
ENGINE,Balance,81,7
ENGINE,Balance,82,7
ENGINE,Balance,83,7
ENGINE,Balance,84,7
ENGINE,Balance,85,11
ENGINE,Balance,86,11
ENGINE,Balance,87,11
ENGINE,Balance,88,11
ENGINE,Balance,89,11
ENGINE,Balance,90,15
ENGINE,Balance,91,15
ENGINE,Balance,92,15
ENGINE,Balance,93,15
ENGINE,Balance,94,15
ENGINE,Balance,95,18
ENGINE,Balance,96,22
ENGINE,Balance,97,26
ENGINE,Balance,98,30
ENGINE,Balance,99,33
ENGINE,Reactions,40,1
ENGINE,Reactions,41,1
ENGINE,Reactions,42,1
ENGINE,Reactions,43,1
ENGINE,Reactions,44,1
ENGINE,Reactions,45,1
ENGINE,Reactions,46,1
ENGINE,Reactions,47,1
ENGINE,Reactions,48,1
ENGINE,Reactions,49,1
ENGINE,Reactions,50,1
ENGINE,Reactions,51,1
ENGINE,Reactions,52,1
ENGINE,Reactions,53,1
ENGINE,Reactions,54,1
ENGINE,Reactions,55,1
ENGINE,Reactions,56,1
ENGINE,Reactions,57,1
ENGINE,Reactions,58,1
ENGINE,Reactions,59,1
ENGINE,Reactions,60,1
ENGINE,Reactions,61,1
ENGINE,Reactions,62,1
ENGINE,Reactions,63,1
ENGINE,Reactions,64,2
ENGINE,Reactions,65,2
ENGINE,Reactions,66,2
ENGINE,Reactions,67,2
ENGINE,Reactions,68,2
ENGINE,Reactions,69,2
ENGINE,Reactions,70,3
ENGINE,Reactions,71,3
ENGINE,Reactions,72,3
ENGINE,Reactions,73,3
ENGINE,Reactions,74,3
ENGINE,Reactions,75,4
ENGINE,Reactions,76,4
ENGINE,Reactions,77,4
ENGINE,Reactions,78,4
ENGINE,Reactions,79,4
ENGINE,Reactions,80,5
ENGINE,Reactions,81,5
ENGINE,Reactions,82,5
ENGINE,Reactions,83,5
ENGINE,Reactions,84,5
ENGINE,Reactions,85,8
ENGINE,Reactions,86,8
ENGINE,Reactions,87,8
ENGINE,Reactions,88,8
ENGINE,Reactions,89,8
ENGINE,Reactions,90,11
ENGINE,Reactions,91,11
ENGINE,Reactions,92,11
ENGINE,Reactions,93,11
ENGINE,Reactions,94,11
ENGINE,Reactions,95,13
ENGINE,Reactions,96,16
ENGINE,Reactions,97,19
ENGINE,Reactions,98,22
ENGINE,Reactions,99,24
ENGINE,BallControl,40,1
ENGINE,BallControl,41,1
ENGINE,BallControl,42,1
ENGINE,BallControl,43,1
ENGINE,BallControl,44,1
ENGINE,BallControl,45,1
ENGINE,BallControl,46,1
ENGINE,BallControl,47,1
ENGINE,BallControl,48,1
ENGINE,BallControl,49,1
ENGINE,BallControl,50,1
ENGINE,BallControl,51,1
ENGINE,BallControl,52,1
ENGINE,BallControl,53,1
ENGINE,BallControl,54,1
ENGINE,BallControl,55,1
ENGINE,BallControl,56,1
ENGINE,BallControl,57,1
ENGINE,BallControl,58,1
ENGINE,BallControl,59,1
ENGINE,BallControl,60,2
ENGINE,BallControl,61,2
ENGINE,BallControl,62,2
ENGINE,BallControl,63,2
ENGINE,BallControl,64,3
ENGINE,BallControl,65,3
ENGINE,BallControl,66,3
ENGINE,BallControl,67,3
ENGINE,BallControl,68,3
ENGINE,BallControl,69,3
ENGINE,BallControl,70,4
ENGINE,BallControl,71,4
ENGINE,BallControl,72,4
ENGINE,BallControl,73,4
ENGINE,BallControl,74,4
ENGINE,BallControl,75,6
ENGINE,BallControl,76,6
ENGINE,BallControl,77,6
ENGINE,BallControl,78,6
ENGINE,BallControl,79,6
ENGINE,BallControl,80,7
ENGINE,BallControl,81,7
ENGINE,BallControl,82,7
ENGINE,BallControl,83,7
ENGINE,BallControl,84,7
ENGINE,BallControl,85,11
ENGINE,BallControl,86,11
ENGINE,BallControl,87,11
ENGINE,BallControl,88,11
ENGINE,BallControl,89,11
ENGINE,BallControl,90,15
ENGINE,BallControl,91,15
ENGINE,BallControl,92,15
ENGINE,BallControl,93,15
ENGINE,BallControl,94,15
ENGINE,BallControl,95,18
ENGINE,BallControl,96,22
ENGINE,BallControl,97,26
ENGINE,BallControl,98,30
ENGINE,BallControl,99,33
ENGINE,Dribbling,40,2
ENGINE,Dribbling,41,2
ENGINE,Dribbling,42,2
ENGINE,Dribbling,43,2
ENGINE,Dribbling,44,2
ENGINE,Dribbling,45,2
ENGINE,Dribbling,46,2
ENGINE,Dribbling,47,2
ENGINE,Dribbling,48,2
ENGINE,Dribbling,49,2
ENGINE,Dribbling,50,2
ENGINE,Dribbling,51,2
ENGINE,Dribbling,52,2
ENGINE,Dribbling,53,2
ENGINE,Dribbling,54,2
ENGINE,Dribbling,55,2
ENGINE,Dribbling,56,2
ENGINE,Dribbling,57,2
ENGINE,Dribbling,58,2
ENGINE,Dribbling,59,2
ENGINE,Dribbling,60,3
ENGINE,Dribbling,61,3
ENGINE,Dribbling,62,3
ENGINE,Dribbling,63,3
ENGINE,Dribbling,64,4
ENGINE,Dribbling,65,4
ENGINE,Dribbling,66,4
ENGINE,Dribbling,67,5
ENGINE,Dribbling,68,5
ENGINE,Dribbling,69,5
ENGINE,Dribbling,70,6
ENGINE,Dribbling,71,6
ENGINE,Dribbling,72,6
ENGINE,Dribbling,73,6
ENGINE,Dribbling,74,6
ENGINE,Dribbling,75,8
ENGINE,Dribbling,76,8
ENGINE,Dribbling,77,8
ENGINE,Dribbling,78,8
ENGINE,Dribbling,79,8
ENGINE,Dribbling,80,10
ENGINE,Dribbling,81,10
ENGINE,Dribbling,82,10
ENGINE,Dribbling,83,10
ENGINE,Dribbling,84,10
ENGINE,Dribbling,85,15
ENGINE,Dribbling,86,15
ENGINE,Dribbling,87,15
ENGINE,Dribbling,88,15
ENGINE,Dribbling,89,15
ENGINE,Dribbling,90,20
ENGINE,Dribbling,91,20
ENGINE,Dribbling,92,20
ENGINE,Dribbling,93,20
ENGINE,Dribbling,94,20
ENGINE,Dribbling,95,25
ENGINE,Dribbling,96,30
ENGINE,Dribbling,97,35
ENGINE,Dribbling,98,40
ENGINE,Dribbling,99,45
ENGINE,Composure,40,1
ENGINE,Composure,41,1
ENGINE,Composure,42,1
ENGINE,Composure,43,1
ENGINE,Composure,44,1
ENGINE,Composure,45,1
ENGINE,Composure,46,1
ENGINE,Composure,47,1
ENGINE,Composure,48,1
ENGINE,Composure,49,1
ENGINE,Composure,50,1
ENGINE,Composure,51,1
ENGINE,Composure,52,1
ENGINE,Composure,53,1
ENGINE,Composure,54,1
ENGINE,Composure,55,1
ENGINE,Composure,56,1
ENGINE,Composure,57,1
ENGINE,Composure,58,1
ENGINE,Composure,59,1
ENGINE,Composure,60,2
ENGINE,Composure,61,2
ENGINE,Composure,62,2
ENGINE,Composure,63,2
ENGINE,Composure,64,3
ENGINE,Composure,65,3
ENGINE,Composure,66,3
ENGINE,Composure,67,3
ENGINE,Composure,68,3
ENGINE,Composure,69,3
ENGINE,Composure,70,4
ENGINE,Composure,71,4
ENGINE,Composure,72,4
ENGINE,Composure,73,4
ENGINE,Composure,74,4
ENGINE,Composure,75,6
ENGINE,Composure,76,6
ENGINE,Composure,77,6
ENGINE,Composure,78,6
ENGINE,Composure,79,6
ENGINE,Composure,80,7
ENGINE,Composure,81,7
ENGINE,Composure,82,7
ENGINE,Composure,83,7
ENGINE,Composure,84,7
ENGINE,Composure,85,11
ENGINE,Composure,86,11
ENGINE,Composure,87,11
ENGINE,Composure,88,11
ENGINE,Composure,89,11
ENGINE,Composure,90,15
ENGINE,Composure,91,15
ENGINE,Composure,92,15
ENGINE,Composure,93,15
ENGINE,Composure,94,15
ENGINE,Composure,95,18
ENGINE,Composure,96,22
ENGINE,Composure,97,26
ENGINE,Composure,98,30
ENGINE,Composure,99,33
ENGINE,Interceptions,40,1
ENGINE,Interceptions,41,1
ENGINE,Interceptions,42,1
ENGINE,Interceptions,43,1
ENGINE,Interceptions,44,1
ENGINE,Interceptions,45,1
ENGINE,Interceptions,46,1
ENGINE,Interceptions,47,1
ENGINE,Interceptions,48,1
ENGINE,Interceptions,49,1
ENGINE,Interceptions,50,1
ENGINE,Interceptions,51,1
ENGINE,Interceptions,52,1
ENGINE,Interceptions,53,1
ENGINE,Interceptions,54,1
ENGINE,Interceptions,55,1
ENGINE,Interceptions,56,1
ENGINE,Interceptions,57,1
ENGINE,Interceptions,58,1
ENGINE,Interceptions,59,1
ENGINE,Interceptions,60,2
ENGINE,Interceptions,61,2
ENGINE,Interceptions,62,2
ENGINE,Interceptions,63,2
ENGINE,Interceptions,64,3
ENGINE,Interceptions,65,3
ENGINE,Interceptions,66,3
ENGINE,Interceptions,67,3
ENGINE,Interceptions,68,3
ENGINE,Interceptions,69,3
ENGINE,Interceptions,70,4
ENGINE,Interceptions,71,4
ENGINE,Interceptions,72,4
ENGINE,Interceptions,73,4
ENGINE,Interceptions,74,4
ENGINE,Interceptions,75,6
ENGINE,Interceptions,76,6
ENGINE,Interceptions,77,6
ENGINE,Interceptions,78,6
ENGINE,Interceptions,79,6
ENGINE,Interceptions,80,7
ENGINE,Interceptions,81,7
ENGINE,Interceptions,82,7
ENGINE,Interceptions,83,7
ENGINE,Interceptions,84,7
ENGINE,Interceptions,85,11
ENGINE,Interceptions,86,11
ENGINE,Interceptions,87,11
ENGINE,Interceptions,88,11
ENGINE,Interceptions,89,11
ENGINE,Interceptions,90,15
ENGINE,Interceptions,91,15
ENGINE,Interceptions,92,15
ENGINE,Interceptions,93,15
ENGINE,Interceptions,94,15
ENGINE,Interceptions,95,18
ENGINE,Interceptions,96,22
ENGINE,Interceptions,97,26
ENGINE,Interceptions,98,30
ENGINE,Interceptions,99,33
ENGINE,Heading Accuracy,40,1
ENGINE,Heading Accuracy,41,1
ENGINE,Heading Accuracy,42,1
ENGINE,Heading Accuracy,43,1
ENGINE,Heading Accuracy,44,1
ENGINE,Heading Accuracy,45,1
ENGINE,Heading Accuracy,46,1
ENGINE,Heading Accuracy,47,1
ENGINE,Heading Accuracy,48,1
ENGINE,Heading Accuracy,49,1
ENGINE,Heading Accuracy,50,1
ENGINE,Heading Accuracy,51,1
ENGINE,Heading Accuracy,52,1
ENGINE,Heading Accuracy,53,1
ENGINE,Heading Accuracy,54,1
ENGINE,Heading Accuracy,55,1
ENGINE,Heading Accuracy,56,1
ENGINE,Heading Accuracy,57,1
ENGINE,Heading Accuracy,58,1
ENGINE,Heading Accuracy,59,1
ENGINE,Heading Accuracy,60,2
ENGINE,Heading Accuracy,61,2
ENGINE,Heading Accuracy,62,2
ENGINE,Heading Accuracy,63,2
ENGINE,Heading Accuracy,64,3
ENGINE,Heading Accuracy,65,3
ENGINE,Heading Accuracy,66,3
ENGINE,Heading Accuracy,67,3
ENGINE,Heading Accuracy,68,3
ENGINE,Heading Accuracy,69,3
ENGINE,Heading Accuracy,70,4
ENGINE,Heading Accuracy,71,4
ENGINE,Heading Accuracy,72,4
ENGINE,Heading Accuracy,73,4
ENGINE,Heading Accuracy,74,4
ENGINE,Heading Accuracy,75,6
ENGINE,Heading Accuracy,76,6
ENGINE,Heading Accuracy,77,6
ENGINE,Heading Accuracy,78,6
ENGINE,Heading Accuracy,79,6
ENGINE,Heading Accuracy,80,7
ENGINE,Heading Accuracy,81,7
ENGINE,Heading Accuracy,82,7
ENGINE,Heading Accuracy,83,7
ENGINE,Heading Accuracy,84,7
ENGINE,Heading Accuracy,85,11
ENGINE,Heading Accuracy,86,11
ENGINE,Heading Accuracy,87,11
ENGINE,Heading Accuracy,88,11
ENGINE,Heading Accuracy,89,11
ENGINE,Heading Accuracy,90,15
ENGINE,Heading Accuracy,91,15
ENGINE,Heading Accuracy,92,15
ENGINE,Heading Accuracy,93,15
ENGINE,Heading Accuracy,94,15
ENGINE,Heading Accuracy,95,18
ENGINE,Heading Accuracy,96,22
ENGINE,Heading Accuracy,97,26
ENGINE,Heading Accuracy,98,30
ENGINE,Heading Accuracy,99,33
ENGINE,DefAwareness,40,1
ENGINE,DefAwareness,41,1
ENGINE,DefAwareness,42,1
ENGINE,DefAwareness,43,1
ENGINE,DefAwareness,44,1
ENGINE,DefAwareness,45,1
ENGINE,DefAwareness,46,1
ENGINE,DefAwareness,47,1
ENGINE,DefAwareness,48,1
ENGINE,DefAwareness,49,1
ENGINE,DefAwareness,50,1
ENGINE,DefAwareness,51,1
ENGINE,DefAwareness,52,1
ENGINE,DefAwareness,53,1
ENGINE,DefAwareness,54,1
ENGINE,DefAwareness,55,1
ENGINE,DefAwareness,56,1
ENGINE,DefAwareness,57,1
ENGINE,DefAwareness,58,1
ENGINE,DefAwareness,59,1
ENGINE,DefAwareness,60,2
ENGINE,DefAwareness,61,2
ENGINE,DefAwareness,62,2
ENGINE,DefAwareness,63,2
ENGINE,DefAwareness,64,3
ENGINE,DefAwareness,65,3
ENGINE,DefAwareness,66,3
ENGINE,DefAwareness,67,3
ENGINE,DefAwareness,68,3
ENGINE,DefAwareness,69,3
ENGINE,DefAwareness,70,4
ENGINE,DefAwareness,71,4
ENGINE,DefAwareness,72,4
ENGINE,DefAwareness,73,4
ENGINE,DefAwareness,74,4
ENGINE,DefAwareness,75,6
ENGINE,DefAwareness,76,6
ENGINE,DefAwareness,77,6
ENGINE,DefAwareness,78,6
ENGINE,DefAwareness,79,6
ENGINE,DefAwareness,80,7
ENGINE,DefAwareness,81,7
ENGINE,DefAwareness,82,7
ENGINE,DefAwareness,83,7
ENGINE,DefAwareness,84,7
ENGINE,DefAwareness,85,11
ENGINE,DefAwareness,86,11
ENGINE,DefAwareness,87,11
ENGINE,DefAwareness,88,11
ENGINE,DefAwareness,89,11
ENGINE,DefAwareness,90,15
ENGINE,DefAwareness,91,15
ENGINE,DefAwareness,92,15
ENGINE,DefAwareness,93,15
ENGINE,DefAwareness,94,15
ENGINE,DefAwareness,95,18
ENGINE,DefAwareness,96,22
ENGINE,DefAwareness,97,26
ENGINE,DefAwareness,98,30
ENGINE,DefAwareness,99,33
ENGINE,StandingTackle,40,1
ENGINE,StandingTackle,41,1
ENGINE,StandingTackle,42,1
ENGINE,StandingTackle,43,1
ENGINE,StandingTackle,44,1
ENGINE,StandingTackle,45,1
ENGINE,StandingTackle,46,1
ENGINE,StandingTackle,47,1
ENGINE,StandingTackle,48,1
ENGINE,StandingTackle,49,1
ENGINE,StandingTackle,50,1
ENGINE,StandingTackle,51,1
ENGINE,StandingTackle,52,1
ENGINE,StandingTackle,53,1
ENGINE,StandingTackle,54,1
ENGINE,StandingTackle,55,1
ENGINE,StandingTackle,56,1
ENGINE,StandingTackle,57,1
ENGINE,StandingTackle,58,1
ENGINE,StandingTackle,59,1
ENGINE,StandingTackle,60,2
ENGINE,StandingTackle,61,2
ENGINE,StandingTackle,62,2
ENGINE,StandingTackle,63,2
ENGINE,StandingTackle,64,3
ENGINE,StandingTackle,65,3
ENGINE,StandingTackle,66,3
ENGINE,StandingTackle,67,3
ENGINE,StandingTackle,68,3
ENGINE,StandingTackle,69,3
ENGINE,StandingTackle,70,4
ENGINE,StandingTackle,71,4
ENGINE,StandingTackle,72,4
ENGINE,StandingTackle,73,4
ENGINE,StandingTackle,74,4
ENGINE,StandingTackle,75,6
ENGINE,StandingTackle,76,6
ENGINE,StandingTackle,77,6
ENGINE,StandingTackle,78,6
ENGINE,StandingTackle,79,6
ENGINE,StandingTackle,80,7
ENGINE,StandingTackle,81,7
ENGINE,StandingTackle,82,7
ENGINE,StandingTackle,83,7
ENGINE,StandingTackle,84,7
ENGINE,StandingTackle,85,11
ENGINE,StandingTackle,86,11
ENGINE,StandingTackle,87,11
ENGINE,StandingTackle,88,11
ENGINE,StandingTackle,89,11
ENGINE,StandingTackle,90,15
ENGINE,StandingTackle,91,15
ENGINE,StandingTackle,92,15
ENGINE,StandingTackle,93,15
ENGINE,StandingTackle,94,15
ENGINE,StandingTackle,95,18
ENGINE,StandingTackle,96,22
ENGINE,StandingTackle,97,26
ENGINE,StandingTackle,98,30
ENGINE,StandingTackle,99,33
ENGINE,SlidingTackle,40,1
ENGINE,SlidingTackle,41,1
ENGINE,SlidingTackle,42,1
ENGINE,SlidingTackle,43,1
ENGINE,SlidingTackle,44,1
ENGINE,SlidingTackle,45,1
ENGINE,SlidingTackle,46,1
ENGINE,SlidingTackle,47,1
ENGINE,SlidingTackle,48,1
ENGINE,SlidingTackle,49,1
ENGINE,SlidingTackle,50,1
ENGINE,SlidingTackle,51,1
ENGINE,SlidingTackle,52,1
ENGINE,SlidingTackle,53,1
ENGINE,SlidingTackle,54,1
ENGINE,SlidingTackle,55,1
ENGINE,SlidingTackle,56,1
ENGINE,SlidingTackle,57,1
ENGINE,SlidingTackle,58,1
ENGINE,SlidingTackle,59,1
ENGINE,SlidingTackle,60,2
ENGINE,SlidingTackle,61,2
ENGINE,SlidingTackle,62,2
ENGINE,SlidingTackle,63,2
ENGINE,SlidingTackle,64,3
ENGINE,SlidingTackle,65,3
ENGINE,SlidingTackle,66,3
ENGINE,SlidingTackle,67,3
ENGINE,SlidingTackle,68,3
ENGINE,SlidingTackle,69,3
ENGINE,SlidingTackle,70,4
ENGINE,SlidingTackle,71,4
ENGINE,SlidingTackle,72,4
ENGINE,SlidingTackle,73,4
ENGINE,SlidingTackle,74,4
ENGINE,SlidingTackle,75,6
ENGINE,SlidingTackle,76,6
ENGINE,SlidingTackle,77,6
ENGINE,SlidingTackle,78,6
ENGINE,SlidingTackle,79,6
ENGINE,SlidingTackle,80,7
ENGINE,SlidingTackle,81,7
ENGINE,SlidingTackle,82,7
ENGINE,SlidingTackle,83,7
ENGINE,SlidingTackle,84,7
ENGINE,SlidingTackle,85,11
ENGINE,SlidingTackle,86,11
ENGINE,SlidingTackle,87,11
ENGINE,SlidingTackle,88,11
ENGINE,SlidingTackle,89,11
ENGINE,SlidingTackle,90,15
ENGINE,SlidingTackle,91,15
ENGINE,SlidingTackle,92,15
ENGINE,SlidingTackle,93,15
ENGINE,SlidingTackle,94,15
ENGINE,SlidingTackle,95,18
ENGINE,SlidingTackle,96,22
ENGINE,SlidingTackle,97,26
ENGINE,SlidingTackle,98,30
ENGINE,SlidingTackle,99,33
ENGINE,Jumping,40,1
ENGINE,Jumping,41,1
ENGINE,Jumping,42,1
ENGINE,Jumping,43,1
ENGINE,Jumping,44,1
ENGINE,Jumping,45,1
ENGINE,Jumping,46,1
ENGINE,Jumping,47,1
ENGINE,Jumping,48,1
ENGINE,Jumping,49,1
ENGINE,Jumping,50,1
ENGINE,Jumping,51,1
ENGINE,Jumping,52,1
ENGINE,Jumping,53,1
ENGINE,Jumping,54,1
ENGINE,Jumping,55,1
ENGINE,Jumping,56,1
ENGINE,Jumping,57,1
ENGINE,Jumping,58,1
ENGINE,Jumping,59,1
ENGINE,Jumping,60,1
ENGINE,Jumping,61,1
ENGINE,Jumping,62,1
ENGINE,Jumping,63,1
ENGINE,Jumping,64,2
ENGINE,Jumping,65,2
ENGINE,Jumping,66,2
ENGINE,Jumping,67,2
ENGINE,Jumping,68,2
ENGINE,Jumping,69,2
ENGINE,Jumping,70,3
ENGINE,Jumping,71,3
ENGINE,Jumping,72,3
ENGINE,Jumping,73,3
ENGINE,Jumping,74,3
ENGINE,Jumping,75,4
ENGINE,Jumping,76,4
ENGINE,Jumping,77,4
ENGINE,Jumping,78,4
ENGINE,Jumping,79,4
ENGINE,Jumping,80,5
ENGINE,Jumping,81,5
ENGINE,Jumping,82,5
ENGINE,Jumping,83,5
ENGINE,Jumping,84,5
ENGINE,Jumping,85,8
ENGINE,Jumping,86,8
ENGINE,Jumping,87,8
ENGINE,Jumping,88,8
ENGINE,Jumping,89,8
ENGINE,Jumping,90,11
ENGINE,Jumping,91,11
ENGINE,Jumping,92,11
ENGINE,Jumping,93,11
ENGINE,Jumping,94,11
ENGINE,Jumping,95,13
ENGINE,Jumping,96,16
ENGINE,Jumping,97,19
ENGINE,Jumping,98,22
ENGINE,Jumping,99,24
ENGINE,Stamina,40,1
ENGINE,Stamina,41,1
ENGINE,Stamina,42,1
ENGINE,Stamina,43,1
ENGINE,Stamina,44,1
ENGINE,Stamina,45,1
ENGINE,Stamina,46,1
ENGINE,Stamina,47,1
ENGINE,Stamina,48,1
ENGINE,Stamina,49,1
ENGINE,Stamina,50,1
ENGINE,Stamina,51,1
ENGINE,Stamina,52,1
ENGINE,Stamina,53,1
ENGINE,Stamina,54,1
ENGINE,Stamina,55,1
ENGINE,Stamina,56,1
ENGINE,Stamina,57,1
ENGINE,Stamina,58,1
ENGINE,Stamina,59,1
ENGINE,Stamina,60,1
ENGINE,Stamina,61,1
ENGINE,Stamina,62,1
ENGINE,Stamina,63,1
ENGINE,Stamina,64,1
ENGINE,Stamina,65,1
ENGINE,Stamina,66,1
ENGINE,Stamina,67,2
ENGINE,Stamina,68,2
ENGINE,Stamina,69,2
ENGINE,Stamina,70,2
ENGINE,Stamina,71,2
ENGINE,Stamina,72,2
ENGINE,Stamina,73,2
ENGINE,Stamina,74,2
ENGINE,Stamina,75,3
ENGINE,Stamina,76,3
ENGINE,Stamina,77,3
ENGINE,Stamina,78,3
ENGINE,Stamina,79,3
ENGINE,Stamina,80,3
ENGINE,Stamina,81,3
ENGINE,Stamina,82,3
ENGINE,Stamina,83,3
ENGINE,Stamina,84,3
ENGINE,Stamina,85,6
ENGINE,Stamina,86,6
ENGINE,Stamina,87,6
ENGINE,Stamina,88,6
ENGINE,Stamina,89,6
ENGINE,Stamina,90,8
ENGINE,Stamina,91,8
ENGINE,Stamina,92,8
ENGINE,Stamina,93,8
ENGINE,Stamina,94,8
ENGINE,Stamina,95,9
ENGINE,Stamina,96,12
ENGINE,Stamina,97,14
ENGINE,Stamina,98,16
ENGINE,Stamina,99,18
ENGINE,Strength,40,1
ENGINE,Strength,41,1
ENGINE,Strength,42,1
ENGINE,Strength,43,1
ENGINE,Strength,44,1
ENGINE,Strength,45,1
ENGINE,Strength,46,1
ENGINE,Strength,47,1
ENGINE,Strength,48,1
ENGINE,Strength,49,1
ENGINE,Strength,50,1
ENGINE,Strength,51,1
ENGINE,Strength,52,1
ENGINE,Strength,53,1
ENGINE,Strength,54,1
ENGINE,Strength,55,1
ENGINE,Strength,56,1
ENGINE,Strength,57,1
ENGINE,Strength,58,1
ENGINE,Strength,59,1
ENGINE,Strength,60,2
ENGINE,Strength,61,2
ENGINE,Strength,62,2
ENGINE,Strength,63,2
ENGINE,Strength,64,3
ENGINE,Strength,65,3
ENGINE,Strength,66,3
ENGINE,Strength,67,3
ENGINE,Strength,68,3
ENGINE,Strength,69,3
ENGINE,Strength,70,4
ENGINE,Strength,71,4
ENGINE,Strength,72,4
ENGINE,Strength,73,4
ENGINE,Strength,74,4
ENGINE,Strength,75,6
ENGINE,Strength,76,6
ENGINE,Strength,77,6
ENGINE,Strength,78,6
ENGINE,Strength,79,6
ENGINE,Strength,80,7
ENGINE,Strength,81,7
ENGINE,Strength,82,7
ENGINE,Strength,83,7
ENGINE,Strength,84,7
ENGINE,Strength,85,11
ENGINE,Strength,86,11
ENGINE,Strength,87,11
ENGINE,Strength,88,11
ENGINE,Strength,89,11
ENGINE,Strength,90,15
ENGINE,Strength,91,15
ENGINE,Strength,92,15
ENGINE,Strength,93,15
ENGINE,Strength,94,15
ENGINE,Strength,95,18
ENGINE,Strength,96,22
ENGINE,Strength,97,26
ENGINE,Strength,98,30
ENGINE,Strength,99,33
ENGINE,Aggression,40,1
ENGINE,Aggression,41,1
ENGINE,Aggression,42,1
ENGINE,Aggression,43,1
ENGINE,Aggression,44,1
ENGINE,Aggression,45,1
ENGINE,Aggression,46,1
ENGINE,Aggression,47,1
ENGINE,Aggression,48,1
ENGINE,Aggression,49,1
ENGINE,Aggression,50,1
ENGINE,Aggression,51,1
ENGINE,Aggression,52,1
ENGINE,Aggression,53,1
ENGINE,Aggression,54,1
ENGINE,Aggression,55,1
ENGINE,Aggression,56,1
ENGINE,Aggression,57,1
ENGINE,Aggression,58,1
ENGINE,Aggression,59,1
ENGINE,Aggression,60,1
ENGINE,Aggression,61,1
ENGINE,Aggression,62,1
ENGINE,Aggression,63,1
ENGINE,Aggression,64,2
ENGINE,Aggression,65,2
ENGINE,Aggression,66,2
ENGINE,Aggression,67,2
ENGINE,Aggression,68,2
ENGINE,Aggression,69,2
ENGINE,Aggression,70,3
ENGINE,Aggression,71,3
ENGINE,Aggression,72,3
ENGINE,Aggression,73,3
ENGINE,Aggression,74,3
ENGINE,Aggression,75,4
ENGINE,Aggression,76,4
ENGINE,Aggression,77,4
ENGINE,Aggression,78,4
ENGINE,Aggression,79,4
ENGINE,Aggression,80,5
ENGINE,Aggression,81,5
ENGINE,Aggression,82,5
ENGINE,Aggression,83,5
ENGINE,Aggression,84,5
ENGINE,Aggression,85,8
ENGINE,Aggression,86,8
ENGINE,Aggression,87,8
ENGINE,Aggression,88,8
ENGINE,Aggression,89,8
ENGINE,Aggression,90,11
ENGINE,Aggression,91,11
ENGINE,Aggression,92,11
ENGINE,Aggression,93,11
ENGINE,Aggression,94,11
ENGINE,Aggression,95,13
ENGINE,Aggression,96,16
ENGINE,Aggression,97,19
ENGINE,Aggression,98,22
ENGINE,Aggression,99,24
MARAUDER,Acceleration,40,2
MARAUDER,Acceleration,41,2
MARAUDER,Acceleration,42,2
MARAUDER,Acceleration,43,2
MARAUDER,Acceleration,44,2
MARAUDER,Acceleration,45,2
MARAUDER,Acceleration,46,2
MARAUDER,Acceleration,47,2
MARAUDER,Acceleration,48,2
MARAUDER,Acceleration,49,2
MARAUDER,Acceleration,50,2
MARAUDER,Acceleration,51,2
MARAUDER,Acceleration,52,2
MARAUDER,Acceleration,53,2
MARAUDER,Acceleration,54,2
MARAUDER,Acceleration,55,2
MARAUDER,Acceleration,56,2
MARAUDER,Acceleration,57,2
MARAUDER,Acceleration,58,2
MARAUDER,Acceleration,59,2
MARAUDER,Acceleration,60,3
MARAUDER,Acceleration,61,3
MARAUDER,Acceleration,62,3
MARAUDER,Acceleration,63,3
MARAUDER,Acceleration,64,4
MARAUDER,Acceleration,65,4
MARAUDER,Acceleration,66,4
MARAUDER,Acceleration,67,5
MARAUDER,Acceleration,68,5
MARAUDER,Acceleration,69,5
MARAUDER,Acceleration,70,6
MARAUDER,Acceleration,71,6
MARAUDER,Acceleration,72,6
MARAUDER,Acceleration,73,6
MARAUDER,Acceleration,74,6
MARAUDER,Acceleration,75,8
MARAUDER,Acceleration,76,8
MARAUDER,Acceleration,77,8
MARAUDER,Acceleration,78,8
MARAUDER,Acceleration,79,8
MARAUDER,Acceleration,80,10
MARAUDER,Acceleration,81,10
MARAUDER,Acceleration,82,10
MARAUDER,Acceleration,83,10
MARAUDER,Acceleration,84,10
MARAUDER,Acceleration,85,15
MARAUDER,Acceleration,86,15
MARAUDER,Acceleration,87,15
MARAUDER,Acceleration,88,15
MARAUDER,Acceleration,89,15
MARAUDER,Acceleration,90,20
MARAUDER,Acceleration,91,20
MARAUDER,Acceleration,92,20
MARAUDER,Acceleration,93,20
MARAUDER,Acceleration,94,20
MARAUDER,Acceleration,95,25
MARAUDER,Acceleration,96,30
MARAUDER,Acceleration,97,35
MARAUDER,Acceleration,98,40
MARAUDER,Acceleration,99,45
MARAUDER,SprintSpeed,40,1
MARAUDER,SprintSpeed,41,1
MARAUDER,SprintSpeed,42,1
MARAUDER,SprintSpeed,43,1
MARAUDER,SprintSpeed,44,1
MARAUDER,SprintSpeed,45,1
MARAUDER,SprintSpeed,46,1
MARAUDER,SprintSpeed,47,1
MARAUDER,SprintSpeed,48,1
MARAUDER,SprintSpeed,49,1
MARAUDER,SprintSpeed,50,1
MARAUDER,SprintSpeed,51,1
MARAUDER,SprintSpeed,52,1
MARAUDER,SprintSpeed,53,1
MARAUDER,SprintSpeed,54,1
MARAUDER,SprintSpeed,55,1
MARAUDER,SprintSpeed,56,1
MARAUDER,SprintSpeed,57,1
MARAUDER,SprintSpeed,58,1
MARAUDER,SprintSpeed,59,1
MARAUDER,SprintSpeed,60,2
MARAUDER,SprintSpeed,61,2
MARAUDER,SprintSpeed,62,2
MARAUDER,SprintSpeed,63,2
MARAUDER,SprintSpeed,64,3
MARAUDER,SprintSpeed,65,3
MARAUDER,SprintSpeed,66,3
MARAUDER,SprintSpeed,67,3
MARAUDER,SprintSpeed,68,3
MARAUDER,SprintSpeed,69,3
MARAUDER,SprintSpeed,70,4
MARAUDER,SprintSpeed,71,4
MARAUDER,SprintSpeed,72,4
MARAUDER,SprintSpeed,73,4
MARAUDER,SprintSpeed,74,4
MARAUDER,SprintSpeed,75,6
MARAUDER,SprintSpeed,76,6
MARAUDER,SprintSpeed,77,6
MARAUDER,SprintSpeed,78,6
MARAUDER,SprintSpeed,79,6
MARAUDER,SprintSpeed,80,7
MARAUDER,SprintSpeed,81,7
MARAUDER,SprintSpeed,82,7
MARAUDER,SprintSpeed,83,7
MARAUDER,SprintSpeed,84,7
MARAUDER,SprintSpeed,85,11
MARAUDER,SprintSpeed,86,11
MARAUDER,SprintSpeed,87,11
MARAUDER,SprintSpeed,88,11
MARAUDER,SprintSpeed,89,11
MARAUDER,SprintSpeed,90,15
MARAUDER,SprintSpeed,91,15
MARAUDER,SprintSpeed,92,15
MARAUDER,SprintSpeed,93,15
MARAUDER,SprintSpeed,94,15
MARAUDER,SprintSpeed,95,18
MARAUDER,SprintSpeed,96,22
MARAUDER,SprintSpeed,97,26
MARAUDER,SprintSpeed,98,30
MARAUDER,SprintSpeed,99,33
MARAUDER,AttackPositioning,40,1
MARAUDER,AttackPositioning,41,1
MARAUDER,AttackPositioning,42,1
MARAUDER,AttackPositioning,43,1
MARAUDER,AttackPositioning,44,1
MARAUDER,AttackPositioning,45,1
MARAUDER,AttackPositioning,46,1
MARAUDER,AttackPositioning,47,1
MARAUDER,AttackPositioning,48,1
MARAUDER,AttackPositioning,49,1
MARAUDER,AttackPositioning,50,1
MARAUDER,AttackPositioning,51,1
MARAUDER,AttackPositioning,52,1
MARAUDER,AttackPositioning,53,1
MARAUDER,AttackPositioning,54,1
MARAUDER,AttackPositioning,55,1
MARAUDER,AttackPositioning,56,1
MARAUDER,AttackPositioning,57,1
MARAUDER,AttackPositioning,58,1
MARAUDER,AttackPositioning,59,1
MARAUDER,AttackPositioning,60,1
MARAUDER,AttackPositioning,61,1
MARAUDER,AttackPositioning,62,1
MARAUDER,AttackPositioning,63,1
MARAUDER,AttackPositioning,64,2
MARAUDER,AttackPositioning,65,2
MARAUDER,AttackPositioning,66,2
MARAUDER,AttackPositioning,67,2
MARAUDER,AttackPositioning,68,2
MARAUDER,AttackPositioning,69,2
MARAUDER,AttackPositioning,70,3
MARAUDER,AttackPositioning,71,3
MARAUDER,AttackPositioning,72,3
MARAUDER,AttackPositioning,73,3
MARAUDER,AttackPositioning,74,3
MARAUDER,AttackPositioning,75,4
MARAUDER,AttackPositioning,76,4
MARAUDER,AttackPositioning,77,4
MARAUDER,AttackPositioning,78,4
MARAUDER,AttackPositioning,79,4
MARAUDER,AttackPositioning,80,5
MARAUDER,AttackPositioning,81,5
MARAUDER,AttackPositioning,82,5
MARAUDER,AttackPositioning,83,5
MARAUDER,AttackPositioning,84,5
MARAUDER,AttackPositioning,85,8
MARAUDER,AttackPositioning,86,8
MARAUDER,AttackPositioning,87,8
MARAUDER,AttackPositioning,88,8
MARAUDER,AttackPositioning,89,8
MARAUDER,AttackPositioning,90,11
MARAUDER,AttackPositioning,91,11
MARAUDER,AttackPositioning,92,11
MARAUDER,AttackPositioning,93,11
MARAUDER,AttackPositioning,94,11
MARAUDER,AttackPositioning,95,13
MARAUDER,AttackPositioning,96,16
MARAUDER,AttackPositioning,97,19
MARAUDER,AttackPositioning,98,22
MARAUDER,AttackPositioning,99,24
MARAUDER,Finishing,40,2
MARAUDER,Finishing,41,2
MARAUDER,Finishing,42,2
MARAUDER,Finishing,43,2
MARAUDER,Finishing,44,2
MARAUDER,Finishing,45,2
MARAUDER,Finishing,46,2
MARAUDER,Finishing,47,2
MARAUDER,Finishing,48,2
MARAUDER,Finishing,49,2
MARAUDER,Finishing,50,2
MARAUDER,Finishing,51,2
MARAUDER,Finishing,52,2
MARAUDER,Finishing,53,2
MARAUDER,Finishing,54,2
MARAUDER,Finishing,55,2
MARAUDER,Finishing,56,2
MARAUDER,Finishing,57,2
MARAUDER,Finishing,58,2
MARAUDER,Finishing,59,2
MARAUDER,Finishing,60,3
MARAUDER,Finishing,61,3
MARAUDER,Finishing,62,3
MARAUDER,Finishing,63,3
MARAUDER,Finishing,64,4
MARAUDER,Finishing,65,4
MARAUDER,Finishing,66,4
MARAUDER,Finishing,67,5
MARAUDER,Finishing,68,5
MARAUDER,Finishing,69,5
MARAUDER,Finishing,70,6
MARAUDER,Finishing,71,6
MARAUDER,Finishing,72,6
MARAUDER,Finishing,73,6
MARAUDER,Finishing,74,6
MARAUDER,Finishing,75,8
MARAUDER,Finishing,76,8
MARAUDER,Finishing,77,8
MARAUDER,Finishing,78,8
MARAUDER,Finishing,79,8
MARAUDER,Finishing,80,10
MARAUDER,Finishing,81,10
MARAUDER,Finishing,82,10
MARAUDER,Finishing,83,10
MARAUDER,Finishing,84,10
MARAUDER,Finishing,85,15
MARAUDER,Finishing,86,15
MARAUDER,Finishing,87,15
MARAUDER,Finishing,88,15
MARAUDER,Finishing,89,15
MARAUDER,Finishing,90,20
MARAUDER,Finishing,91,20
MARAUDER,Finishing,92,20
MARAUDER,Finishing,93,20
MARAUDER,Finishing,94,20
MARAUDER,Finishing,95,25
MARAUDER,Finishing,96,30
MARAUDER,Finishing,97,35
MARAUDER,Finishing,98,40
MARAUDER,Finishing,99,45
MARAUDER,ShotPower,40,1
MARAUDER,ShotPower,41,1
MARAUDER,ShotPower,42,1
MARAUDER,ShotPower,43,1
MARAUDER,ShotPower,44,1
MARAUDER,ShotPower,45,1
MARAUDER,ShotPower,46,1
MARAUDER,ShotPower,47,1
MARAUDER,ShotPower,48,1
MARAUDER,ShotPower,49,1
MARAUDER,ShotPower,50,1
MARAUDER,ShotPower,51,1
MARAUDER,ShotPower,52,1
MARAUDER,ShotPower,53,1
MARAUDER,ShotPower,54,1
MARAUDER,ShotPower,55,1
MARAUDER,ShotPower,56,1
MARAUDER,ShotPower,57,1
MARAUDER,ShotPower,58,1
MARAUDER,ShotPower,59,1
MARAUDER,ShotPower,60,2
MARAUDER,ShotPower,61,2
MARAUDER,ShotPower,62,2
MARAUDER,ShotPower,63,2
MARAUDER,ShotPower,64,3
MARAUDER,ShotPower,65,3
MARAUDER,ShotPower,66,3
MARAUDER,ShotPower,67,3
MARAUDER,ShotPower,68,3
MARAUDER,ShotPower,69,3
MARAUDER,ShotPower,70,4
MARAUDER,ShotPower,71,4
MARAUDER,ShotPower,72,4
MARAUDER,ShotPower,73,4
MARAUDER,ShotPower,74,4
MARAUDER,ShotPower,75,6
MARAUDER,ShotPower,76,6
MARAUDER,ShotPower,77,6
MARAUDER,ShotPower,78,6
MARAUDER,ShotPower,79,6
MARAUDER,ShotPower,80,7
MARAUDER,ShotPower,81,7
MARAUDER,ShotPower,82,7
MARAUDER,ShotPower,83,7
MARAUDER,ShotPower,84,7
MARAUDER,ShotPower,85,11
MARAUDER,ShotPower,86,11
MARAUDER,ShotPower,87,11
MARAUDER,ShotPower,88,11
MARAUDER,ShotPower,89,11
MARAUDER,ShotPower,90,15
MARAUDER,ShotPower,91,15
MARAUDER,ShotPower,92,15
MARAUDER,ShotPower,93,15
MARAUDER,ShotPower,94,15
MARAUDER,ShotPower,95,18
MARAUDER,ShotPower,96,22
MARAUDER,ShotPower,97,26
MARAUDER,ShotPower,98,30
MARAUDER,ShotPower,99,33
MARAUDER,LongShots,40,1
MARAUDER,LongShots,41,1
MARAUDER,LongShots,42,1
MARAUDER,LongShots,43,1
MARAUDER,LongShots,44,1
MARAUDER,LongShots,45,1
MARAUDER,LongShots,46,1
MARAUDER,LongShots,47,1
MARAUDER,LongShots,48,1
MARAUDER,LongShots,49,1
MARAUDER,LongShots,50,1
MARAUDER,LongShots,51,1
MARAUDER,LongShots,52,1
MARAUDER,LongShots,53,1
MARAUDER,LongShots,54,1
MARAUDER,LongShots,55,1
MARAUDER,LongShots,56,1
MARAUDER,LongShots,57,1
MARAUDER,LongShots,58,1
MARAUDER,LongShots,59,1
MARAUDER,LongShots,60,2
MARAUDER,LongShots,61,2
MARAUDER,LongShots,62,2
MARAUDER,LongShots,63,2
MARAUDER,LongShots,64,3
MARAUDER,LongShots,65,3
MARAUDER,LongShots,66,3
MARAUDER,LongShots,67,3
MARAUDER,LongShots,68,3
MARAUDER,LongShots,69,3
MARAUDER,LongShots,70,4
MARAUDER,LongShots,71,4
MARAUDER,LongShots,72,4
MARAUDER,LongShots,73,4
MARAUDER,LongShots,74,4
MARAUDER,LongShots,75,6
MARAUDER,LongShots,76,6
MARAUDER,LongShots,77,6
MARAUDER,LongShots,78,6
MARAUDER,LongShots,79,6
MARAUDER,LongShots,80,7
MARAUDER,LongShots,81,7
MARAUDER,LongShots,82,7
MARAUDER,LongShots,83,7
MARAUDER,LongShots,84,7
MARAUDER,LongShots,85,11
MARAUDER,LongShots,86,11
MARAUDER,LongShots,87,11
MARAUDER,LongShots,88,11
MARAUDER,LongShots,89,11
MARAUDER,LongShots,90,15
MARAUDER,LongShots,91,15
MARAUDER,LongShots,92,15
MARAUDER,LongShots,93,15
MARAUDER,LongShots,94,15
MARAUDER,LongShots,95,18
MARAUDER,LongShots,96,22
MARAUDER,LongShots,97,26
MARAUDER,LongShots,98,30
MARAUDER,LongShots,99,33
MARAUDER,Volleys,40,1
MARAUDER,Volleys,41,1
MARAUDER,Volleys,42,1
MARAUDER,Volleys,43,1
MARAUDER,Volleys,44,1
MARAUDER,Volleys,45,1
MARAUDER,Volleys,46,1
MARAUDER,Volleys,47,1
MARAUDER,Volleys,48,1
MARAUDER,Volleys,49,1
MARAUDER,Volleys,50,1
MARAUDER,Volleys,51,1
MARAUDER,Volleys,52,1
MARAUDER,Volleys,53,1
MARAUDER,Volleys,54,1
MARAUDER,Volleys,55,1
MARAUDER,Volleys,56,1
MARAUDER,Volleys,57,1
MARAUDER,Volleys,58,1
MARAUDER,Volleys,59,1
MARAUDER,Volleys,60,1
MARAUDER,Volleys,61,1
MARAUDER,Volleys,62,1
MARAUDER,Volleys,63,1
MARAUDER,Volleys,64,2
MARAUDER,Volleys,65,2
MARAUDER,Volleys,66,2
MARAUDER,Volleys,67,2
MARAUDER,Volleys,68,2
MARAUDER,Volleys,69,2
MARAUDER,Volleys,70,3
MARAUDER,Volleys,71,3
MARAUDER,Volleys,72,3
MARAUDER,Volleys,73,3
MARAUDER,Volleys,74,3
MARAUDER,Volleys,75,4
MARAUDER,Volleys,76,4
MARAUDER,Volleys,77,4
MARAUDER,Volleys,78,4
MARAUDER,Volleys,79,4
MARAUDER,Volleys,80,5
MARAUDER,Volleys,81,5
MARAUDER,Volleys,82,5
MARAUDER,Volleys,83,5
MARAUDER,Volleys,84,5
MARAUDER,Volleys,85,8
MARAUDER,Volleys,86,8
MARAUDER,Volleys,87,8
MARAUDER,Volleys,88,8
MARAUDER,Volleys,89,8
MARAUDER,Volleys,90,11
MARAUDER,Volleys,91,11
MARAUDER,Volleys,92,11
MARAUDER,Volleys,93,11
MARAUDER,Volleys,94,11
MARAUDER,Volleys,95,13
MARAUDER,Volleys,96,16
MARAUDER,Volleys,97,19
MARAUDER,Volleys,98,22
MARAUDER,Volleys,99,24
MARAUDER,Penalties,40,1
MARAUDER,Penalties,41,1
MARAUDER,Penalties,42,1
MARAUDER,Penalties,43,1
MARAUDER,Penalties,44,1
MARAUDER,Penalties,45,1
MARAUDER,Penalties,46,1
MARAUDER,Penalties,47,1
MARAUDER,Penalties,48,1
MARAUDER,Penalties,49,1
MARAUDER,Penalties,50,1
MARAUDER,Penalties,51,1
MARAUDER,Penalties,52,1
MARAUDER,Penalties,53,1
MARAUDER,Penalties,54,1
MARAUDER,Penalties,55,1
MARAUDER,Penalties,56,1
MARAUDER,Penalties,57,1
MARAUDER,Penalties,58,1
MARAUDER,Penalties,59,1
MARAUDER,Penalties,60,1
MARAUDER,Penalties,61,1
MARAUDER,Penalties,62,1
MARAUDER,Penalties,63,1
MARAUDER,Penalties,64,2
MARAUDER,Penalties,65,2
MARAUDER,Penalties,66,2
MARAUDER,Penalties,67,2
MARAUDER,Penalties,68,2
MARAUDER,Penalties,69,2
MARAUDER,Penalties,70,3
MARAUDER,Penalties,71,3
MARAUDER,Penalties,72,3
MARAUDER,Penalties,73,3
MARAUDER,Penalties,74,3
MARAUDER,Penalties,75,4
MARAUDER,Penalties,76,4
MARAUDER,Penalties,77,4
MARAUDER,Penalties,78,4
MARAUDER,Penalties,79,4
MARAUDER,Penalties,80,5
MARAUDER,Penalties,81,5
MARAUDER,Penalties,82,5
MARAUDER,Penalties,83,5
MARAUDER,Penalties,84,5
MARAUDER,Penalties,85,8
MARAUDER,Penalties,86,8
MARAUDER,Penalties,87,8
MARAUDER,Penalties,88,8
MARAUDER,Penalties,89,8
MARAUDER,Penalties,90,11
MARAUDER,Penalties,91,11
MARAUDER,Penalties,92,11
MARAUDER,Penalties,93,11
MARAUDER,Penalties,94,11
MARAUDER,Penalties,95,13
MARAUDER,Penalties,96,16
MARAUDER,Penalties,97,19
MARAUDER,Penalties,98,22
MARAUDER,Penalties,99,24
MARAUDER,Vision,40,1
MARAUDER,Vision,41,1
MARAUDER,Vision,42,1
MARAUDER,Vision,43,1
MARAUDER,Vision,44,1
MARAUDER,Vision,45,1
MARAUDER,Vision,46,1
MARAUDER,Vision,47,1
MARAUDER,Vision,48,1
MARAUDER,Vision,49,1
MARAUDER,Vision,50,1
MARAUDER,Vision,51,1
MARAUDER,Vision,52,1
MARAUDER,Vision,53,1
MARAUDER,Vision,54,1
MARAUDER,Vision,55,1
MARAUDER,Vision,56,1
MARAUDER,Vision,57,1
MARAUDER,Vision,58,1
MARAUDER,Vision,59,1
MARAUDER,Vision,60,2
MARAUDER,Vision,61,2
MARAUDER,Vision,62,2
MARAUDER,Vision,63,2
MARAUDER,Vision,64,3
MARAUDER,Vision,65,3
MARAUDER,Vision,66,3
MARAUDER,Vision,67,3
MARAUDER,Vision,68,3
MARAUDER,Vision,69,3
MARAUDER,Vision,70,4
MARAUDER,Vision,71,4
MARAUDER,Vision,72,4
MARAUDER,Vision,73,4
MARAUDER,Vision,74,4
MARAUDER,Vision,75,6
MARAUDER,Vision,76,6
MARAUDER,Vision,77,6
MARAUDER,Vision,78,6
MARAUDER,Vision,79,6
MARAUDER,Vision,80,7
MARAUDER,Vision,81,7
MARAUDER,Vision,82,7
MARAUDER,Vision,83,7
MARAUDER,Vision,84,7
MARAUDER,Vision,85,11
MARAUDER,Vision,86,11
MARAUDER,Vision,87,11
MARAUDER,Vision,88,11
MARAUDER,Vision,89,11
MARAUDER,Vision,90,15
MARAUDER,Vision,91,15
MARAUDER,Vision,92,15
MARAUDER,Vision,93,15
MARAUDER,Vision,94,15
MARAUDER,Vision,95,18
MARAUDER,Vision,96,22
MARAUDER,Vision,97,26
MARAUDER,Vision,98,30
MARAUDER,Vision,99,33
MARAUDER,Crossing,40,1
MARAUDER,Crossing,41,1
MARAUDER,Crossing,42,1
MARAUDER,Crossing,43,1
MARAUDER,Crossing,44,1
MARAUDER,Crossing,45,1
MARAUDER,Crossing,46,1
MARAUDER,Crossing,47,1
MARAUDER,Crossing,48,1
MARAUDER,Crossing,49,1
MARAUDER,Crossing,50,1
MARAUDER,Crossing,51,1
MARAUDER,Crossing,52,1
MARAUDER,Crossing,53,1
MARAUDER,Crossing,54,1
MARAUDER,Crossing,55,1
MARAUDER,Crossing,56,1
MARAUDER,Crossing,57,1
MARAUDER,Crossing,58,1
MARAUDER,Crossing,59,1
MARAUDER,Crossing,60,1
MARAUDER,Crossing,61,1
MARAUDER,Crossing,62,1
MARAUDER,Crossing,63,1
MARAUDER,Crossing,64,2
MARAUDER,Crossing,65,2
MARAUDER,Crossing,66,2
MARAUDER,Crossing,67,2
MARAUDER,Crossing,68,2
MARAUDER,Crossing,69,2
MARAUDER,Crossing,70,3
MARAUDER,Crossing,71,3
MARAUDER,Crossing,72,3
MARAUDER,Crossing,73,3
MARAUDER,Crossing,74,3
MARAUDER,Crossing,75,4
MARAUDER,Crossing,76,4
MARAUDER,Crossing,77,4
MARAUDER,Crossing,78,4
MARAUDER,Crossing,79,4
MARAUDER,Crossing,80,5
MARAUDER,Crossing,81,5
MARAUDER,Crossing,82,5
MARAUDER,Crossing,83,5
MARAUDER,Crossing,84,5
MARAUDER,Crossing,85,8
MARAUDER,Crossing,86,8
MARAUDER,Crossing,87,8
MARAUDER,Crossing,88,8
MARAUDER,Crossing,89,8
MARAUDER,Crossing,90,11
MARAUDER,Crossing,91,11
MARAUDER,Crossing,92,11
MARAUDER,Crossing,93,11
MARAUDER,Crossing,94,11
MARAUDER,Crossing,95,13
MARAUDER,Crossing,96,16
MARAUDER,Crossing,97,19
MARAUDER,Crossing,98,22
MARAUDER,Crossing,99,24
MARAUDER,FKAccuracy,40,1
MARAUDER,FKAccuracy,41,1
MARAUDER,FKAccuracy,42,1
MARAUDER,FKAccuracy,43,1
MARAUDER,FKAccuracy,44,1
MARAUDER,FKAccuracy,45,1
MARAUDER,FKAccuracy,46,1
MARAUDER,FKAccuracy,47,1
MARAUDER,FKAccuracy,48,1
MARAUDER,FKAccuracy,49,1
MARAUDER,FKAccuracy,50,1
MARAUDER,FKAccuracy,51,1
MARAUDER,FKAccuracy,52,1
MARAUDER,FKAccuracy,53,1
MARAUDER,FKAccuracy,54,1
MARAUDER,FKAccuracy,55,1
MARAUDER,FKAccuracy,56,1
MARAUDER,FKAccuracy,57,1
MARAUDER,FKAccuracy,58,1
MARAUDER,FKAccuracy,59,1
MARAUDER,FKAccuracy,60,1
MARAUDER,FKAccuracy,61,1
MARAUDER,FKAccuracy,62,1
MARAUDER,FKAccuracy,63,1
MARAUDER,FKAccuracy,64,2
MARAUDER,FKAccuracy,65,2
MARAUDER,FKAccuracy,66,2
MARAUDER,FKAccuracy,67,2
MARAUDER,FKAccuracy,68,2
MARAUDER,FKAccuracy,69,2
MARAUDER,FKAccuracy,70,3
MARAUDER,FKAccuracy,71,3
MARAUDER,FKAccuracy,72,3
MARAUDER,FKAccuracy,73,3
MARAUDER,FKAccuracy,74,3
MARAUDER,FKAccuracy,75,4
MARAUDER,FKAccuracy,76,4
MARAUDER,FKAccuracy,77,4
MARAUDER,FKAccuracy,78,4
MARAUDER,FKAccuracy,79,4
MARAUDER,FKAccuracy,80,5
MARAUDER,FKAccuracy,81,5
MARAUDER,FKAccuracy,82,5
MARAUDER,FKAccuracy,83,5
MARAUDER,FKAccuracy,84,5
MARAUDER,FKAccuracy,85,8
MARAUDER,FKAccuracy,86,8
MARAUDER,FKAccuracy,87,8
MARAUDER,FKAccuracy,88,8
MARAUDER,FKAccuracy,89,8
MARAUDER,FKAccuracy,90,11
MARAUDER,FKAccuracy,91,11
MARAUDER,FKAccuracy,92,11
MARAUDER,FKAccuracy,93,11
MARAUDER,FKAccuracy,94,11
MARAUDER,FKAccuracy,95,13
MARAUDER,FKAccuracy,96,16
MARAUDER,FKAccuracy,97,19
MARAUDER,FKAccuracy,98,22
MARAUDER,FKAccuracy,99,24
MARAUDER,ShortPassing,40,2
MARAUDER,ShortPassing,41,2
MARAUDER,ShortPassing,42,2
MARAUDER,ShortPassing,43,2
MARAUDER,ShortPassing,44,2
MARAUDER,ShortPassing,45,2
MARAUDER,ShortPassing,46,2
MARAUDER,ShortPassing,47,2
MARAUDER,ShortPassing,48,2
MARAUDER,ShortPassing,49,2
MARAUDER,ShortPassing,50,2
MARAUDER,ShortPassing,51,2
MARAUDER,ShortPassing,52,2
MARAUDER,ShortPassing,53,2
MARAUDER,ShortPassing,54,2
MARAUDER,ShortPassing,55,2
MARAUDER,ShortPassing,56,2
MARAUDER,ShortPassing,57,2
MARAUDER,ShortPassing,58,2
MARAUDER,ShortPassing,59,2
MARAUDER,ShortPassing,60,3
MARAUDER,ShortPassing,61,3
MARAUDER,ShortPassing,62,3
MARAUDER,ShortPassing,63,3
MARAUDER,ShortPassing,64,4
MARAUDER,ShortPassing,65,4
MARAUDER,ShortPassing,66,4
MARAUDER,ShortPassing,67,5
MARAUDER,ShortPassing,68,5
MARAUDER,ShortPassing,69,5
MARAUDER,ShortPassing,70,6
MARAUDER,ShortPassing,71,6
MARAUDER,ShortPassing,72,6
MARAUDER,ShortPassing,73,6
MARAUDER,ShortPassing,74,6
MARAUDER,ShortPassing,75,8
MARAUDER,ShortPassing,76,8
MARAUDER,ShortPassing,77,8
MARAUDER,ShortPassing,78,8
MARAUDER,ShortPassing,79,8
MARAUDER,ShortPassing,80,10
MARAUDER,ShortPassing,81,10
MARAUDER,ShortPassing,82,10
MARAUDER,ShortPassing,83,10
MARAUDER,ShortPassing,84,10
MARAUDER,ShortPassing,85,15
MARAUDER,ShortPassing,86,15
MARAUDER,ShortPassing,87,15
MARAUDER,ShortPassing,88,15
MARAUDER,ShortPassing,89,15
MARAUDER,ShortPassing,90,20
MARAUDER,ShortPassing,91,20
MARAUDER,ShortPassing,92,20
MARAUDER,ShortPassing,93,20
MARAUDER,ShortPassing,94,20
MARAUDER,ShortPassing,95,25
MARAUDER,ShortPassing,96,30
MARAUDER,ShortPassing,97,35
MARAUDER,ShortPassing,98,40
MARAUDER,ShortPassing,99,45
MARAUDER,LongPassing,40,1
MARAUDER,LongPassing,41,1
MARAUDER,LongPassing,42,1
MARAUDER,LongPassing,43,1
MARAUDER,LongPassing,44,1
MARAUDER,LongPassing,45,1
MARAUDER,LongPassing,46,1
MARAUDER,LongPassing,47,1
MARAUDER,LongPassing,48,1
MARAUDER,LongPassing,49,1
MARAUDER,LongPassing,50,1
MARAUDER,LongPassing,51,1
MARAUDER,LongPassing,52,1
MARAUDER,LongPassing,53,1
MARAUDER,LongPassing,54,1
MARAUDER,LongPassing,55,1
MARAUDER,LongPassing,56,1
MARAUDER,LongPassing,57,1
MARAUDER,LongPassing,58,1
MARAUDER,LongPassing,59,1
MARAUDER,LongPassing,60,2
MARAUDER,LongPassing,61,2
MARAUDER,LongPassing,62,2
MARAUDER,LongPassing,63,2
MARAUDER,LongPassing,64,3
MARAUDER,LongPassing,65,3
MARAUDER,LongPassing,66,3
MARAUDER,LongPassing,67,3
MARAUDER,LongPassing,68,3
MARAUDER,LongPassing,69,3
MARAUDER,LongPassing,70,4
MARAUDER,LongPassing,71,4
MARAUDER,LongPassing,72,4
MARAUDER,LongPassing,73,4
MARAUDER,LongPassing,74,4
MARAUDER,LongPassing,75,6
MARAUDER,LongPassing,76,6
MARAUDER,LongPassing,77,6
MARAUDER,LongPassing,78,6
MARAUDER,LongPassing,79,6
MARAUDER,LongPassing,80,7
MARAUDER,LongPassing,81,7
MARAUDER,LongPassing,82,7
MARAUDER,LongPassing,83,7
MARAUDER,LongPassing,84,7
MARAUDER,LongPassing,85,11
MARAUDER,LongPassing,86,11
MARAUDER,LongPassing,87,11
MARAUDER,LongPassing,88,11
MARAUDER,LongPassing,89,11
MARAUDER,LongPassing,90,15
MARAUDER,LongPassing,91,15
MARAUDER,LongPassing,92,15
MARAUDER,LongPassing,93,15
MARAUDER,LongPassing,94,15
MARAUDER,LongPassing,95,18
MARAUDER,LongPassing,96,22
MARAUDER,LongPassing,97,26
MARAUDER,LongPassing,98,30
MARAUDER,LongPassing,99,33
MARAUDER,Curve,40,1
MARAUDER,Curve,41,1
MARAUDER,Curve,42,1
MARAUDER,Curve,43,1
MARAUDER,Curve,44,1
MARAUDER,Curve,45,1
MARAUDER,Curve,46,1
MARAUDER,Curve,47,1
MARAUDER,Curve,48,1
MARAUDER,Curve,49,1
MARAUDER,Curve,50,1
MARAUDER,Curve,51,1
MARAUDER,Curve,52,1
MARAUDER,Curve,53,1
MARAUDER,Curve,54,1
MARAUDER,Curve,55,1
MARAUDER,Curve,56,1
MARAUDER,Curve,57,1
MARAUDER,Curve,58,1
MARAUDER,Curve,59,1
MARAUDER,Curve,60,1
MARAUDER,Curve,61,1
MARAUDER,Curve,62,1
MARAUDER,Curve,63,1
MARAUDER,Curve,64,2
MARAUDER,Curve,65,2
MARAUDER,Curve,66,2
MARAUDER,Curve,67,2
MARAUDER,Curve,68,2
MARAUDER,Curve,69,2
MARAUDER,Curve,70,3
MARAUDER,Curve,71,3
MARAUDER,Curve,72,3
MARAUDER,Curve,73,3
MARAUDER,Curve,74,3
MARAUDER,Curve,75,4
MARAUDER,Curve,76,4
MARAUDER,Curve,77,4
MARAUDER,Curve,78,4
MARAUDER,Curve,79,4
MARAUDER,Curve,80,5
MARAUDER,Curve,81,5
MARAUDER,Curve,82,5
MARAUDER,Curve,83,5
MARAUDER,Curve,84,5
MARAUDER,Curve,85,8
MARAUDER,Curve,86,8
MARAUDER,Curve,87,8
MARAUDER,Curve,88,8
MARAUDER,Curve,89,8
MARAUDER,Curve,90,11
MARAUDER,Curve,91,11
MARAUDER,Curve,92,11
MARAUDER,Curve,93,11
MARAUDER,Curve,94,11
MARAUDER,Curve,95,13
MARAUDER,Curve,96,16
MARAUDER,Curve,97,19
MARAUDER,Curve,98,22
MARAUDER,Curve,99,24
MARAUDER,Agility,40,2
MARAUDER,Agility,41,2
MARAUDER,Agility,42,2
MARAUDER,Agility,43,2
MARAUDER,Agility,44,2
MARAUDER,Agility,45,2
MARAUDER,Agility,46,2
MARAUDER,Agility,47,2
MARAUDER,Agility,48,2
MARAUDER,Agility,49,2
MARAUDER,Agility,50,2
MARAUDER,Agility,51,2
MARAUDER,Agility,52,2
MARAUDER,Agility,53,2
MARAUDER,Agility,54,2
MARAUDER,Agility,55,2
MARAUDER,Agility,56,2
MARAUDER,Agility,57,2
MARAUDER,Agility,58,2
MARAUDER,Agility,59,2
MARAUDER,Agility,60,3
MARAUDER,Agility,61,3
MARAUDER,Agility,62,3
MARAUDER,Agility,63,3
MARAUDER,Agility,64,4
MARAUDER,Agility,65,4
MARAUDER,Agility,66,4
MARAUDER,Agility,67,5
MARAUDER,Agility,68,5
MARAUDER,Agility,69,5
MARAUDER,Agility,70,6
MARAUDER,Agility,71,6
MARAUDER,Agility,72,6
MARAUDER,Agility,73,6
MARAUDER,Agility,74,6
MARAUDER,Agility,75,8
MARAUDER,Agility,76,8
MARAUDER,Agility,77,8
MARAUDER,Agility,78,8
MARAUDER,Agility,79,8
MARAUDER,Agility,80,10
MARAUDER,Agility,81,10
MARAUDER,Agility,82,10
MARAUDER,Agility,83,10
MARAUDER,Agility,84,10
MARAUDER,Agility,85,15
MARAUDER,Agility,86,15
MARAUDER,Agility,87,15
MARAUDER,Agility,88,15
MARAUDER,Agility,89,15
MARAUDER,Agility,90,20
MARAUDER,Agility,91,20
MARAUDER,Agility,92,20
MARAUDER,Agility,93,20
MARAUDER,Agility,94,20
MARAUDER,Agility,95,25
MARAUDER,Agility,96,30
MARAUDER,Agility,97,35
MARAUDER,Agility,98,40
MARAUDER,Agility,99,45
MARAUDER,Balance,40,1
MARAUDER,Balance,41,1
MARAUDER,Balance,42,1
MARAUDER,Balance,43,1
MARAUDER,Balance,44,1
MARAUDER,Balance,45,1
MARAUDER,Balance,46,1
MARAUDER,Balance,47,1
MARAUDER,Balance,48,1
MARAUDER,Balance,49,1
MARAUDER,Balance,50,1
MARAUDER,Balance,51,1
MARAUDER,Balance,52,1
MARAUDER,Balance,53,1
MARAUDER,Balance,54,1
MARAUDER,Balance,55,1
MARAUDER,Balance,56,1
MARAUDER,Balance,57,1
MARAUDER,Balance,58,1
MARAUDER,Balance,59,1
MARAUDER,Balance,60,2
MARAUDER,Balance,61,2
MARAUDER,Balance,62,2
MARAUDER,Balance,63,2
MARAUDER,Balance,64,3
MARAUDER,Balance,65,3
MARAUDER,Balance,66,3
MARAUDER,Balance,67,3
MARAUDER,Balance,68,3
MARAUDER,Balance,69,3
MARAUDER,Balance,70,4
MARAUDER,Balance,71,4
MARAUDER,Balance,72,4
MARAUDER,Balance,73,4
MARAUDER,Balance,74,4
MARAUDER,Balance,75,6
MARAUDER,Balance,76,6
MARAUDER,Balance,77,6
MARAUDER,Balance,78,6
MARAUDER,Balance,79,6
MARAUDER,Balance,80,7
MARAUDER,Balance,81,7
MARAUDER,Balance,82,7
MARAUDER,Balance,83,7
MARAUDER,Balance,84,7
MARAUDER,Balance,85,11
MARAUDER,Balance,86,11
MARAUDER,Balance,87,11
MARAUDER,Balance,88,11
MARAUDER,Balance,89,11
MARAUDER,Balance,90,15
MARAUDER,Balance,91,15
MARAUDER,Balance,92,15
MARAUDER,Balance,93,15
MARAUDER,Balance,94,15
MARAUDER,Balance,95,18
MARAUDER,Balance,96,22
MARAUDER,Balance,97,26
MARAUDER,Balance,98,30
MARAUDER,Balance,99,33
MARAUDER,Reactions,40,1
MARAUDER,Reactions,41,1
MARAUDER,Reactions,42,1
MARAUDER,Reactions,43,1
MARAUDER,Reactions,44,1
MARAUDER,Reactions,45,1
MARAUDER,Reactions,46,1
MARAUDER,Reactions,47,1
MARAUDER,Reactions,48,1
MARAUDER,Reactions,49,1
MARAUDER,Reactions,50,1
MARAUDER,Reactions,51,1
MARAUDER,Reactions,52,1
MARAUDER,Reactions,53,1
MARAUDER,Reactions,54,1
MARAUDER,Reactions,55,1
MARAUDER,Reactions,56,1
MARAUDER,Reactions,57,1
MARAUDER,Reactions,58,1
MARAUDER,Reactions,59,1
MARAUDER,Reactions,60,1
MARAUDER,Reactions,61,1
MARAUDER,Reactions,62,1
MARAUDER,Reactions,63,1
MARAUDER,Reactions,64,2
MARAUDER,Reactions,65,2
MARAUDER,Reactions,66,2
MARAUDER,Reactions,67,2
MARAUDER,Reactions,68,2
MARAUDER,Reactions,69,2
MARAUDER,Reactions,70,3
MARAUDER,Reactions,71,3
MARAUDER,Reactions,72,3
MARAUDER,Reactions,73,3
MARAUDER,Reactions,74,3
MARAUDER,Reactions,75,4
MARAUDER,Reactions,76,4
MARAUDER,Reactions,77,4
MARAUDER,Reactions,78,4
MARAUDER,Reactions,79,4
MARAUDER,Reactions,80,5
MARAUDER,Reactions,81,5
MARAUDER,Reactions,82,5
MARAUDER,Reactions,83,5
MARAUDER,Reactions,84,5
MARAUDER,Reactions,85,8
MARAUDER,Reactions,86,8
MARAUDER,Reactions,87,8
MARAUDER,Reactions,88,8
MARAUDER,Reactions,89,8
MARAUDER,Reactions,90,11
MARAUDER,Reactions,91,11
MARAUDER,Reactions,92,11
MARAUDER,Reactions,93,11
MARAUDER,Reactions,94,11
MARAUDER,Reactions,95,13
MARAUDER,Reactions,96,16
MARAUDER,Reactions,97,19
MARAUDER,Reactions,98,22
MARAUDER,Reactions,99,24
MARAUDER,BallControl,40,1
MARAUDER,BallControl,41,1
MARAUDER,BallControl,42,1
MARAUDER,BallControl,43,1
MARAUDER,BallControl,44,1
MARAUDER,BallControl,45,1
MARAUDER,BallControl,46,1
MARAUDER,BallControl,47,1
MARAUDER,BallControl,48,1
MARAUDER,BallControl,49,1
MARAUDER,BallControl,50,1
MARAUDER,BallControl,51,1
MARAUDER,BallControl,52,1
MARAUDER,BallControl,53,1
MARAUDER,BallControl,54,1
MARAUDER,BallControl,55,1
MARAUDER,BallControl,56,1
MARAUDER,BallControl,57,1
MARAUDER,BallControl,58,1
MARAUDER,BallControl,59,1
MARAUDER,BallControl,60,2
MARAUDER,BallControl,61,2
MARAUDER,BallControl,62,2
MARAUDER,BallControl,63,2
MARAUDER,BallControl,64,3
MARAUDER,BallControl,65,3
MARAUDER,BallControl,66,3
MARAUDER,BallControl,67,3
MARAUDER,BallControl,68,3
MARAUDER,BallControl,69,3
MARAUDER,BallControl,70,4
MARAUDER,BallControl,71,4
MARAUDER,BallControl,72,4
MARAUDER,BallControl,73,4
MARAUDER,BallControl,74,4
MARAUDER,BallControl,75,6
MARAUDER,BallControl,76,6
MARAUDER,BallControl,77,6
MARAUDER,BallControl,78,6
MARAUDER,BallControl,79,6
MARAUDER,BallControl,80,7
MARAUDER,BallControl,81,7
MARAUDER,BallControl,82,7
MARAUDER,BallControl,83,7
MARAUDER,BallControl,84,7
MARAUDER,BallControl,85,11
MARAUDER,BallControl,86,11
MARAUDER,BallControl,87,11
MARAUDER,BallControl,88,11
MARAUDER,BallControl,89,11
MARAUDER,BallControl,90,15
MARAUDER,BallControl,91,15
MARAUDER,BallControl,92,15
MARAUDER,BallControl,93,15
MARAUDER,BallControl,94,15
MARAUDER,BallControl,95,18
MARAUDER,BallControl,96,22
MARAUDER,BallControl,97,26
MARAUDER,BallControl,98,30
MARAUDER,BallControl,99,33
MARAUDER,Dribbling,40,2
MARAUDER,Dribbling,41,2
MARAUDER,Dribbling,42,2
MARAUDER,Dribbling,43,2
MARAUDER,Dribbling,44,2
MARAUDER,Dribbling,45,2
MARAUDER,Dribbling,46,2
MARAUDER,Dribbling,47,2
MARAUDER,Dribbling,48,2
MARAUDER,Dribbling,49,2
MARAUDER,Dribbling,50,2
MARAUDER,Dribbling,51,2
MARAUDER,Dribbling,52,2
MARAUDER,Dribbling,53,2
MARAUDER,Dribbling,54,2
MARAUDER,Dribbling,55,2
MARAUDER,Dribbling,56,2
MARAUDER,Dribbling,57,2
MARAUDER,Dribbling,58,2
MARAUDER,Dribbling,59,2
MARAUDER,Dribbling,60,3
MARAUDER,Dribbling,61,3
MARAUDER,Dribbling,62,3
MARAUDER,Dribbling,63,3
MARAUDER,Dribbling,64,4
MARAUDER,Dribbling,65,4
MARAUDER,Dribbling,66,4
MARAUDER,Dribbling,67,5
MARAUDER,Dribbling,68,5
MARAUDER,Dribbling,69,5
MARAUDER,Dribbling,70,6
MARAUDER,Dribbling,71,6
MARAUDER,Dribbling,72,6
MARAUDER,Dribbling,73,6
MARAUDER,Dribbling,74,6
MARAUDER,Dribbling,75,8
MARAUDER,Dribbling,76,8
MARAUDER,Dribbling,77,8
MARAUDER,Dribbling,78,8
MARAUDER,Dribbling,79,8
MARAUDER,Dribbling,80,10
MARAUDER,Dribbling,81,10
MARAUDER,Dribbling,82,10
MARAUDER,Dribbling,83,10
MARAUDER,Dribbling,84,10
MARAUDER,Dribbling,85,15
MARAUDER,Dribbling,86,15
MARAUDER,Dribbling,87,15
MARAUDER,Dribbling,88,15
MARAUDER,Dribbling,89,15
MARAUDER,Dribbling,90,20
MARAUDER,Dribbling,91,20
MARAUDER,Dribbling,92,20
MARAUDER,Dribbling,93,20
MARAUDER,Dribbling,94,20
MARAUDER,Dribbling,95,25
MARAUDER,Dribbling,96,30
MARAUDER,Dribbling,97,35
MARAUDER,Dribbling,98,40
MARAUDER,Dribbling,99,45
MARAUDER,Composure,40,1
MARAUDER,Composure,41,1
MARAUDER,Composure,42,1
MARAUDER,Composure,43,1
MARAUDER,Composure,44,1
MARAUDER,Composure,45,1
MARAUDER,Composure,46,1
MARAUDER,Composure,47,1
MARAUDER,Composure,48,1
MARAUDER,Composure,49,1
MARAUDER,Composure,50,1
MARAUDER,Composure,51,1
MARAUDER,Composure,52,1
MARAUDER,Composure,53,1
MARAUDER,Composure,54,1
MARAUDER,Composure,55,1
MARAUDER,Composure,56,1
MARAUDER,Composure,57,1
MARAUDER,Composure,58,1
MARAUDER,Composure,59,1
MARAUDER,Composure,60,2
MARAUDER,Composure,61,2
MARAUDER,Composure,62,2
MARAUDER,Composure,63,2
MARAUDER,Composure,64,3
MARAUDER,Composure,65,3
MARAUDER,Composure,66,3
MARAUDER,Composure,67,3
MARAUDER,Composure,68,3
MARAUDER,Composure,69,3
MARAUDER,Composure,70,4
MARAUDER,Composure,71,4
MARAUDER,Composure,72,4
MARAUDER,Composure,73,4
MARAUDER,Composure,74,4
MARAUDER,Composure,75,6
MARAUDER,Composure,76,6
MARAUDER,Composure,77,6
MARAUDER,Composure,78,6
MARAUDER,Composure,79,6
MARAUDER,Composure,80,7
MARAUDER,Composure,81,7
MARAUDER,Composure,82,7
MARAUDER,Composure,83,7
MARAUDER,Composure,84,7
MARAUDER,Composure,85,11
MARAUDER,Composure,86,11
MARAUDER,Composure,87,11
MARAUDER,Composure,88,11
MARAUDER,Composure,89,11
MARAUDER,Composure,90,15
MARAUDER,Composure,91,15
MARAUDER,Composure,92,15
MARAUDER,Composure,93,15
MARAUDER,Composure,94,15
MARAUDER,Composure,95,18
MARAUDER,Composure,96,22
MARAUDER,Composure,97,26
MARAUDER,Composure,98,30
MARAUDER,Composure,99,33
MARAUDER,Interceptions,40,2
MARAUDER,Interceptions,41,2
MARAUDER,Interceptions,42,2
MARAUDER,Interceptions,43,2
MARAUDER,Interceptions,44,2
MARAUDER,Interceptions,45,2
MARAUDER,Interceptions,46,2
MARAUDER,Interceptions,47,2
MARAUDER,Interceptions,48,2
MARAUDER,Interceptions,49,2
MARAUDER,Interceptions,50,2
MARAUDER,Interceptions,51,2
MARAUDER,Interceptions,52,2
MARAUDER,Interceptions,53,2
MARAUDER,Interceptions,54,2
MARAUDER,Interceptions,55,2
MARAUDER,Interceptions,56,2
MARAUDER,Interceptions,57,2
MARAUDER,Interceptions,58,2
MARAUDER,Interceptions,59,2
MARAUDER,Interceptions,60,3
MARAUDER,Interceptions,61,3
MARAUDER,Interceptions,62,3
MARAUDER,Interceptions,63,3
MARAUDER,Interceptions,64,4
MARAUDER,Interceptions,65,4
MARAUDER,Interceptions,66,4
MARAUDER,Interceptions,67,5
MARAUDER,Interceptions,68,5
MARAUDER,Interceptions,69,5
MARAUDER,Interceptions,70,6
MARAUDER,Interceptions,71,6
MARAUDER,Interceptions,72,6
MARAUDER,Interceptions,73,6
MARAUDER,Interceptions,74,6
MARAUDER,Interceptions,75,8
MARAUDER,Interceptions,76,8
MARAUDER,Interceptions,77,8
MARAUDER,Interceptions,78,8
MARAUDER,Interceptions,79,8
MARAUDER,Interceptions,80,10
MARAUDER,Interceptions,81,10
MARAUDER,Interceptions,82,10
MARAUDER,Interceptions,83,10
MARAUDER,Interceptions,84,10
MARAUDER,Interceptions,85,15
MARAUDER,Interceptions,86,15
MARAUDER,Interceptions,87,15
MARAUDER,Interceptions,88,15
MARAUDER,Interceptions,89,15
MARAUDER,Interceptions,90,20
MARAUDER,Interceptions,91,20
MARAUDER,Interceptions,92,20
MARAUDER,Interceptions,93,20
MARAUDER,Interceptions,94,20
MARAUDER,Interceptions,95,25
MARAUDER,Interceptions,96,30
MARAUDER,Interceptions,97,35
MARAUDER,Interceptions,98,40
MARAUDER,Interceptions,99,45
MARAUDER,Heading Accuracy,40,1
MARAUDER,Heading Accuracy,41,1
MARAUDER,Heading Accuracy,42,1
MARAUDER,Heading Accuracy,43,1
MARAUDER,Heading Accuracy,44,1
MARAUDER,Heading Accuracy,45,1
MARAUDER,Heading Accuracy,46,1
MARAUDER,Heading Accuracy,47,1
MARAUDER,Heading Accuracy,48,1
MARAUDER,Heading Accuracy,49,1
MARAUDER,Heading Accuracy,50,1
MARAUDER,Heading Accuracy,51,1
MARAUDER,Heading Accuracy,52,1
MARAUDER,Heading Accuracy,53,1
MARAUDER,Heading Accuracy,54,1
MARAUDER,Heading Accuracy,55,1
MARAUDER,Heading Accuracy,56,1
MARAUDER,Heading Accuracy,57,1
MARAUDER,Heading Accuracy,58,1
MARAUDER,Heading Accuracy,59,1
MARAUDER,Heading Accuracy,60,2
MARAUDER,Heading Accuracy,61,2
MARAUDER,Heading Accuracy,62,2
MARAUDER,Heading Accuracy,63,2
MARAUDER,Heading Accuracy,64,3
MARAUDER,Heading Accuracy,65,3
MARAUDER,Heading Accuracy,66,3
MARAUDER,Heading Accuracy,67,3
MARAUDER,Heading Accuracy,68,3
MARAUDER,Heading Accuracy,69,3
MARAUDER,Heading Accuracy,70,4
MARAUDER,Heading Accuracy,71,4
MARAUDER,Heading Accuracy,72,4
MARAUDER,Heading Accuracy,73,4
MARAUDER,Heading Accuracy,74,4
MARAUDER,Heading Accuracy,75,6
MARAUDER,Heading Accuracy,76,6
MARAUDER,Heading Accuracy,77,6
MARAUDER,Heading Accuracy,78,6
MARAUDER,Heading Accuracy,79,6
MARAUDER,Heading Accuracy,80,7
MARAUDER,Heading Accuracy,81,7
MARAUDER,Heading Accuracy,82,7
MARAUDER,Heading Accuracy,83,7
MARAUDER,Heading Accuracy,84,7
MARAUDER,Heading Accuracy,85,11
MARAUDER,Heading Accuracy,86,11
MARAUDER,Heading Accuracy,87,11
MARAUDER,Heading Accuracy,88,11
MARAUDER,Heading Accuracy,89,11
MARAUDER,Heading Accuracy,90,15
MARAUDER,Heading Accuracy,91,15
MARAUDER,Heading Accuracy,92,15
MARAUDER,Heading Accuracy,93,15
MARAUDER,Heading Accuracy,94,15
MARAUDER,Heading Accuracy,95,18
MARAUDER,Heading Accuracy,96,22
MARAUDER,Heading Accuracy,97,26
MARAUDER,Heading Accuracy,98,30
MARAUDER,Heading Accuracy,99,33
MARAUDER,DefAwareness,40,1
MARAUDER,DefAwareness,41,1
MARAUDER,DefAwareness,42,1
MARAUDER,DefAwareness,43,1
MARAUDER,DefAwareness,44,1
MARAUDER,DefAwareness,45,1
MARAUDER,DefAwareness,46,1
MARAUDER,DefAwareness,47,1
MARAUDER,DefAwareness,48,1
MARAUDER,DefAwareness,49,1
MARAUDER,DefAwareness,50,1
MARAUDER,DefAwareness,51,1
MARAUDER,DefAwareness,52,1
MARAUDER,DefAwareness,53,1
MARAUDER,DefAwareness,54,1
MARAUDER,DefAwareness,55,1
MARAUDER,DefAwareness,56,1
MARAUDER,DefAwareness,57,1
MARAUDER,DefAwareness,58,1
MARAUDER,DefAwareness,59,1
MARAUDER,DefAwareness,60,2
MARAUDER,DefAwareness,61,2
MARAUDER,DefAwareness,62,2
MARAUDER,DefAwareness,63,2
MARAUDER,DefAwareness,64,3
MARAUDER,DefAwareness,65,3
MARAUDER,DefAwareness,66,3
MARAUDER,DefAwareness,67,3
MARAUDER,DefAwareness,68,3
MARAUDER,DefAwareness,69,3
MARAUDER,DefAwareness,70,4
MARAUDER,DefAwareness,71,4
MARAUDER,DefAwareness,72,4
MARAUDER,DefAwareness,73,4
MARAUDER,DefAwareness,74,4
MARAUDER,DefAwareness,75,6
MARAUDER,DefAwareness,76,6
MARAUDER,DefAwareness,77,6
MARAUDER,DefAwareness,78,6
MARAUDER,DefAwareness,79,6
MARAUDER,DefAwareness,80,7
MARAUDER,DefAwareness,81,7
MARAUDER,DefAwareness,82,7
MARAUDER,DefAwareness,83,7
MARAUDER,DefAwareness,84,7
MARAUDER,DefAwareness,85,11
MARAUDER,DefAwareness,86,11
MARAUDER,DefAwareness,87,11
MARAUDER,DefAwareness,88,11
MARAUDER,DefAwareness,89,11
MARAUDER,DefAwareness,90,15
MARAUDER,DefAwareness,91,15
MARAUDER,DefAwareness,92,15
MARAUDER,DefAwareness,93,15
MARAUDER,DefAwareness,94,15
MARAUDER,DefAwareness,95,18
MARAUDER,DefAwareness,96,22
MARAUDER,DefAwareness,97,26
MARAUDER,DefAwareness,98,30
MARAUDER,DefAwareness,99,33
MARAUDER,StandingTackle,40,1
MARAUDER,StandingTackle,41,1
MARAUDER,StandingTackle,42,1
MARAUDER,StandingTackle,43,1
MARAUDER,StandingTackle,44,1
MARAUDER,StandingTackle,45,1
MARAUDER,StandingTackle,46,1
MARAUDER,StandingTackle,47,1
MARAUDER,StandingTackle,48,1
MARAUDER,StandingTackle,49,1
MARAUDER,StandingTackle,50,1
MARAUDER,StandingTackle,51,1
MARAUDER,StandingTackle,52,1
MARAUDER,StandingTackle,53,1
MARAUDER,StandingTackle,54,1
MARAUDER,StandingTackle,55,1
MARAUDER,StandingTackle,56,1
MARAUDER,StandingTackle,57,1
MARAUDER,StandingTackle,58,1
MARAUDER,StandingTackle,59,1
MARAUDER,StandingTackle,60,2
MARAUDER,StandingTackle,61,2
MARAUDER,StandingTackle,62,2
MARAUDER,StandingTackle,63,2
MARAUDER,StandingTackle,64,3
MARAUDER,StandingTackle,65,3
MARAUDER,StandingTackle,66,3
MARAUDER,StandingTackle,67,3
MARAUDER,StandingTackle,68,3
MARAUDER,StandingTackle,69,3
MARAUDER,StandingTackle,70,4
MARAUDER,StandingTackle,71,4
MARAUDER,StandingTackle,72,4
MARAUDER,StandingTackle,73,4
MARAUDER,StandingTackle,74,4
MARAUDER,StandingTackle,75,6
MARAUDER,StandingTackle,76,6
MARAUDER,StandingTackle,77,6
MARAUDER,StandingTackle,78,6
MARAUDER,StandingTackle,79,6
MARAUDER,StandingTackle,80,7
MARAUDER,StandingTackle,81,7
MARAUDER,StandingTackle,82,7
MARAUDER,StandingTackle,83,7
MARAUDER,StandingTackle,84,7
MARAUDER,StandingTackle,85,11
MARAUDER,StandingTackle,86,11
MARAUDER,StandingTackle,87,11
MARAUDER,StandingTackle,88,11
MARAUDER,StandingTackle,89,11
MARAUDER,StandingTackle,90,15
MARAUDER,StandingTackle,91,15
MARAUDER,StandingTackle,92,15
MARAUDER,StandingTackle,93,15
MARAUDER,StandingTackle,94,15
MARAUDER,StandingTackle,95,18
MARAUDER,StandingTackle,96,22
MARAUDER,StandingTackle,97,26
MARAUDER,StandingTackle,98,30
MARAUDER,StandingTackle,99,33
MARAUDER,SlidingTackle,40,1
MARAUDER,SlidingTackle,41,1
MARAUDER,SlidingTackle,42,1
MARAUDER,SlidingTackle,43,1
MARAUDER,SlidingTackle,44,1
MARAUDER,SlidingTackle,45,1
MARAUDER,SlidingTackle,46,1
MARAUDER,SlidingTackle,47,1
MARAUDER,SlidingTackle,48,1
MARAUDER,SlidingTackle,49,1
MARAUDER,SlidingTackle,50,1
MARAUDER,SlidingTackle,51,1
MARAUDER,SlidingTackle,52,1
MARAUDER,SlidingTackle,53,1
MARAUDER,SlidingTackle,54,1
MARAUDER,SlidingTackle,55,1
MARAUDER,SlidingTackle,56,1
MARAUDER,SlidingTackle,57,1
MARAUDER,SlidingTackle,58,1
MARAUDER,SlidingTackle,59,1
MARAUDER,SlidingTackle,60,2
MARAUDER,SlidingTackle,61,2
MARAUDER,SlidingTackle,62,2
MARAUDER,SlidingTackle,63,2
MARAUDER,SlidingTackle,64,3
MARAUDER,SlidingTackle,65,3
MARAUDER,SlidingTackle,66,3
MARAUDER,SlidingTackle,67,3
MARAUDER,SlidingTackle,68,3
MARAUDER,SlidingTackle,69,3
MARAUDER,SlidingTackle,70,4
MARAUDER,SlidingTackle,71,4
MARAUDER,SlidingTackle,72,4
MARAUDER,SlidingTackle,73,4
MARAUDER,SlidingTackle,74,4
MARAUDER,SlidingTackle,75,6
MARAUDER,SlidingTackle,76,6
MARAUDER,SlidingTackle,77,6
MARAUDER,SlidingTackle,78,6
MARAUDER,SlidingTackle,79,6
MARAUDER,SlidingTackle,80,7
MARAUDER,SlidingTackle,81,7
MARAUDER,SlidingTackle,82,7
MARAUDER,SlidingTackle,83,7
MARAUDER,SlidingTackle,84,7
MARAUDER,SlidingTackle,85,11
MARAUDER,SlidingTackle,86,11
MARAUDER,SlidingTackle,87,11
MARAUDER,SlidingTackle,88,11
MARAUDER,SlidingTackle,89,11
MARAUDER,SlidingTackle,90,15
MARAUDER,SlidingTackle,91,15
MARAUDER,SlidingTackle,92,15
MARAUDER,SlidingTackle,93,15
MARAUDER,SlidingTackle,94,15
MARAUDER,SlidingTackle,95,18
MARAUDER,SlidingTackle,96,22
MARAUDER,SlidingTackle,97,26
MARAUDER,SlidingTackle,98,30
MARAUDER,SlidingTackle,99,33
MARAUDER,Jumping,40,1
MARAUDER,Jumping,41,1
MARAUDER,Jumping,42,1
MARAUDER,Jumping,43,1
MARAUDER,Jumping,44,1
MARAUDER,Jumping,45,1
MARAUDER,Jumping,46,1
MARAUDER,Jumping,47,1
MARAUDER,Jumping,48,1
MARAUDER,Jumping,49,1
MARAUDER,Jumping,50,1
MARAUDER,Jumping,51,1
MARAUDER,Jumping,52,1
MARAUDER,Jumping,53,1
MARAUDER,Jumping,54,1
MARAUDER,Jumping,55,1
MARAUDER,Jumping,56,1
MARAUDER,Jumping,57,1
MARAUDER,Jumping,58,1
MARAUDER,Jumping,59,1
MARAUDER,Jumping,60,1
MARAUDER,Jumping,61,1
MARAUDER,Jumping,62,1
MARAUDER,Jumping,63,1
MARAUDER,Jumping,64,2
MARAUDER,Jumping,65,2
MARAUDER,Jumping,66,2
MARAUDER,Jumping,67,2
MARAUDER,Jumping,68,2
MARAUDER,Jumping,69,2
MARAUDER,Jumping,70,3
MARAUDER,Jumping,71,3
MARAUDER,Jumping,72,3
MARAUDER,Jumping,73,3
MARAUDER,Jumping,74,3
MARAUDER,Jumping,75,4
MARAUDER,Jumping,76,4
MARAUDER,Jumping,77,4
MARAUDER,Jumping,78,4
MARAUDER,Jumping,79,4
MARAUDER,Jumping,80,5
MARAUDER,Jumping,81,5
MARAUDER,Jumping,82,5
MARAUDER,Jumping,83,5
MARAUDER,Jumping,84,5
MARAUDER,Jumping,85,8
MARAUDER,Jumping,86,8
MARAUDER,Jumping,87,8
MARAUDER,Jumping,88,8
MARAUDER,Jumping,89,8
MARAUDER,Jumping,90,11
MARAUDER,Jumping,91,11
MARAUDER,Jumping,92,11
MARAUDER,Jumping,93,11
MARAUDER,Jumping,94,11
MARAUDER,Jumping,95,13
MARAUDER,Jumping,96,16
MARAUDER,Jumping,97,19
MARAUDER,Jumping,98,22
MARAUDER,Jumping,99,24
MARAUDER,Stamina,40,1
MARAUDER,Stamina,41,1
MARAUDER,Stamina,42,1
MARAUDER,Stamina,43,1
MARAUDER,Stamina,44,1
MARAUDER,Stamina,45,1
MARAUDER,Stamina,46,1
MARAUDER,Stamina,47,1
MARAUDER,Stamina,48,1
MARAUDER,Stamina,49,1
MARAUDER,Stamina,50,1
MARAUDER,Stamina,51,1
MARAUDER,Stamina,52,1
MARAUDER,Stamina,53,1
MARAUDER,Stamina,54,1
MARAUDER,Stamina,55,1
MARAUDER,Stamina,56,1
MARAUDER,Stamina,57,1
MARAUDER,Stamina,58,1
MARAUDER,Stamina,59,1
MARAUDER,Stamina,60,1
MARAUDER,Stamina,61,1
MARAUDER,Stamina,62,1
MARAUDER,Stamina,63,1
MARAUDER,Stamina,64,1
MARAUDER,Stamina,65,1
MARAUDER,Stamina,66,1
MARAUDER,Stamina,67,2
MARAUDER,Stamina,68,2
MARAUDER,Stamina,69,2
MARAUDER,Stamina,70,2
MARAUDER,Stamina,71,2
MARAUDER,Stamina,72,2
MARAUDER,Stamina,73,2
MARAUDER,Stamina,74,2
MARAUDER,Stamina,75,3
MARAUDER,Stamina,76,3
MARAUDER,Stamina,77,3
MARAUDER,Stamina,78,3
MARAUDER,Stamina,79,3
MARAUDER,Stamina,80,3
MARAUDER,Stamina,81,3
MARAUDER,Stamina,82,3
MARAUDER,Stamina,83,3
MARAUDER,Stamina,84,3
MARAUDER,Stamina,85,6
MARAUDER,Stamina,86,6
MARAUDER,Stamina,87,6
MARAUDER,Stamina,88,6
MARAUDER,Stamina,89,6
MARAUDER,Stamina,90,8
MARAUDER,Stamina,91,8
MARAUDER,Stamina,92,8
MARAUDER,Stamina,93,8
MARAUDER,Stamina,94,8
MARAUDER,Stamina,95,9
MARAUDER,Stamina,96,12
MARAUDER,Stamina,97,14
MARAUDER,Stamina,98,16
MARAUDER,Stamina,99,18
MARAUDER,Strength,40,1
MARAUDER,Strength,41,1
MARAUDER,Strength,42,1
MARAUDER,Strength,43,1
MARAUDER,Strength,44,1
MARAUDER,Strength,45,1
MARAUDER,Strength,46,1
MARAUDER,Strength,47,1
MARAUDER,Strength,48,1
MARAUDER,Strength,49,1
MARAUDER,Strength,50,1
MARAUDER,Strength,51,1
MARAUDER,Strength,52,1
MARAUDER,Strength,53,1
MARAUDER,Strength,54,1
MARAUDER,Strength,55,1
MARAUDER,Strength,56,1
MARAUDER,Strength,57,1
MARAUDER,Strength,58,1
MARAUDER,Strength,59,1
MARAUDER,Strength,60,2
MARAUDER,Strength,61,2
MARAUDER,Strength,62,2
MARAUDER,Strength,63,2
MARAUDER,Strength,64,3
MARAUDER,Strength,65,3
MARAUDER,Strength,66,3
MARAUDER,Strength,67,3
MARAUDER,Strength,68,3
MARAUDER,Strength,69,3
MARAUDER,Strength,70,4
MARAUDER,Strength,71,4
MARAUDER,Strength,72,4
MARAUDER,Strength,73,4
MARAUDER,Strength,74,4
MARAUDER,Strength,75,6
MARAUDER,Strength,76,6
MARAUDER,Strength,77,6
MARAUDER,Strength,78,6
MARAUDER,Strength,79,6
MARAUDER,Strength,80,7
MARAUDER,Strength,81,7
MARAUDER,Strength,82,7
MARAUDER,Strength,83,7
MARAUDER,Strength,84,7
MARAUDER,Strength,85,11
MARAUDER,Strength,86,11
MARAUDER,Strength,87,11
MARAUDER,Strength,88,11
MARAUDER,Strength,89,11
MARAUDER,Strength,90,15
MARAUDER,Strength,91,15
MARAUDER,Strength,92,15
MARAUDER,Strength,93,15
MARAUDER,Strength,94,15
MARAUDER,Strength,95,18
MARAUDER,Strength,96,22
MARAUDER,Strength,97,26
MARAUDER,Strength,98,30
MARAUDER,Strength,99,33
MARAUDER,Aggression,40,1
MARAUDER,Aggression,41,1
MARAUDER,Aggression,42,1
MARAUDER,Aggression,43,1
MARAUDER,Aggression,44,1
MARAUDER,Aggression,45,1
MARAUDER,Aggression,46,1
MARAUDER,Aggression,47,1
MARAUDER,Aggression,48,1
MARAUDER,Aggression,49,1
MARAUDER,Aggression,50,1
MARAUDER,Aggression,51,1
MARAUDER,Aggression,52,1
MARAUDER,Aggression,53,1
MARAUDER,Aggression,54,1
MARAUDER,Aggression,55,1
MARAUDER,Aggression,56,1
MARAUDER,Aggression,57,1
MARAUDER,Aggression,58,1
MARAUDER,Aggression,59,1
MARAUDER,Aggression,60,1
MARAUDER,Aggression,61,1
MARAUDER,Aggression,62,1
MARAUDER,Aggression,63,1
MARAUDER,Aggression,64,2
MARAUDER,Aggression,65,2
MARAUDER,Aggression,66,2
MARAUDER,Aggression,67,2
MARAUDER,Aggression,68,2
MARAUDER,Aggression,69,2
MARAUDER,Aggression,70,3
MARAUDER,Aggression,71,3
MARAUDER,Aggression,72,3
MARAUDER,Aggression,73,3
MARAUDER,Aggression,74,3
MARAUDER,Aggression,75,4
MARAUDER,Aggression,76,4
MARAUDER,Aggression,77,4
MARAUDER,Aggression,78,4
MARAUDER,Aggression,79,4
MARAUDER,Aggression,80,5
MARAUDER,Aggression,81,5
MARAUDER,Aggression,82,5
MARAUDER,Aggression,83,5
MARAUDER,Aggression,84,5
MARAUDER,Aggression,85,8
MARAUDER,Aggression,86,8
MARAUDER,Aggression,87,8
MARAUDER,Aggression,88,8
MARAUDER,Aggression,89,8
MARAUDER,Aggression,90,11
MARAUDER,Aggression,91,11
MARAUDER,Aggression,92,11
MARAUDER,Aggression,93,11
MARAUDER,Aggression,94,11
MARAUDER,Aggression,95,13
MARAUDER,Aggression,96,16
MARAUDER,Aggression,97,19
MARAUDER,Aggression,98,22
MARAUDER,Aggression,99,24
MAGICIAN,SkillMoves,3,20
MAGICIAN,SkillMoves,4,25
MAGICIAN,SkillMoves,5,40
MAGICIAN,WeakFoot,3,20
MAGICIAN,WeakFoot,4,35
MAGICIAN,WeakFoot,5,50
FINISHER,SkillMoves,3,20
FINISHER,SkillMoves,4,35
FINISHER,SkillMoves,5,50
FINISHER,WeakFoot,3,20
FINISHER,WeakFoot,4,25
FINISHER,WeakFoot,5,40
TARGET,SkillMoves,3,20
TARGET,SkillMoves,4,35
TARGET,SkillMoves,5,50
TARGET,WeakFoot,3,15
TARGET,WeakFoot,4,25
TARGET,WeakFoot,5,30
RECYCLER,SkillMoves,3,20
RECYCLER,SkillMoves,4,35
RECYCLER,SkillMoves,5,50
RECYCLER,WeakFoot,3,20
RECYCLER,WeakFoot,4,25
RECYCLER,WeakFoot,5,40
MAESTRO,SkillMoves,3,20
MAESTRO,SkillMoves,4,35
MAESTRO,SkillMoves,5,50
MAESTRO,WeakFoot,3,20
MAESTRO,WeakFoot,4,25
MAESTRO,WeakFoot,5,40
CREATOR,SkillMoves,3,15
CREATOR,SkillMoves,4,25
CREATOR,SkillMoves,5,40
CREATOR,WeakFoot,3,20
CREATOR,WeakFoot,4,25
CREATOR,WeakFoot,5,40
SPARK,SkillMoves,3,20
SPARK,SkillMoves,4,35
SPARK,SkillMoves,5,50
SPARK,WeakFoot,3,20
SPARK,WeakFoot,4,35
SPARK,WeakFoot,5,50
PROGRESSOR,SkillMoves,3,20
PROGRESSOR,SkillMoves,4,35
PROGRESSOR,SkillMoves,5,50
PROGRESSOR,WeakFoot,3,15
PROGRESSOR,WeakFoot,4,25
PROGRESSOR,WeakFoot,5,30
BOSS,SkillMoves,3,35
BOSS,SkillMoves,4,35
BOSS,SkillMoves,5,50
BOSS,WeakFoot,3,20
BOSS,WeakFoot,4,25
BOSS,WeakFoot,5,40
ENGINE,SkillMoves,3,15
ENGINE,SkillMoves,4,25
ENGINE,SkillMoves,5,30
ENGINE,WeakFoot,3,20
ENGINE,WeakFoot,4,25
ENGINE,WeakFoot,5,30
MARAUDER,SkillMoves,3,20
MARAUDER,SkillMoves,4,35
MARAUDER,SkillMoves,5,50
MARAUDER,WeakFoot,3,20
MARAUDER,WeakFoot,4,35
MARAUDER,WeakFoot,5,50